2015 1760 1406 1313 1471 722 1625 1781 2569 1603 1910 1414 2956 1563 1652 1341 1924 1982 1562 1617 1324 1409 1742 1169
1979 1697 1371 1297 1552 670 1744 2093 1779 1539 1815 1514 3060 1656 1723 1450 1823 1952 1738 1483 1465 1529 1716 1137
2003 1694 1314 1269 1584 687 1674 2134 1763 1599 1860 1514 3037 1612 1723 1490 1836 1965 1691 1527 1495 1555 1760 1169
1987 1734 1254 1265 1584 724 1742 2134 1705 1639 1898 1510 2983 1639 1696 1398 1793 2008 1686 1544 1447 1577 1733 1123
2003 1743 1273 1269 1565 736 1753 2128 1742 1641 1866 1502 2978 1670 1688 1380 1754 2012 1657 1587 1417 1630 1804 1132
1991 1755 1252 1268 1577 769 1761 2102 1731 1698 1891 1482 3024 1652 1626 1393 1771 2012 1644 1527 1355 1670 1813 1123
2027 1864 1260 1276 1597 734 1756 2073 1690 1680 1896 1462 3001 1629 1586 1424 1802 1969 1657 1553 1342 1621 1835 1100
2019 1890 1324 1359 1598 691 1802 2116 1731 1645 1858 1474 3001 1696 1635 1411 1810 1939 1691 1583 1307 1635 1817 1087
2036 1864 1333 1375 1624 657 1747 2072 1735 1662 1879 1498 3019 1735 1643 1476 1858 1905 1696 1588 1272 1661 1861 1119
2032 1876 1300 1311 1630 649 1719 2076 1729 1671 1917 1502 3024 1771 1630 1468 1845 1892 1726 1583 1263 1639 1861 1141
2056 1815 1315 1273 1622 671 1784 2060 1732 1577 1956 1506 2974 1780 1652 1446 1845 1892 1760 1592 1264 1595 1888 1132
1999 1691 1295 1257 1584 692 1793 2072 1808 1556 1932 1506 2997 1816 1661 1468 1810 1883 1747 1523 1206 1621 1902 1169
1991 1657 1301 1187 1551 689 1773 2020 1785 1556 1918 1482 3047 1754 1586 1463 1797 1905 1704 1462 1215 1595 1910 1178
1991 1625 1327 1167 1531 694 1740 2006 1841 1492 1846 1482 3010 1683 1573 1477 1793 1896 1695 1505 1259 1604 1955 1164
1987 1665 1304 1198 1530 696 1762 2002 1856 1421 1821 1478 2992 1665 1635 1472 1819 1892 1738 1514 1311 1652 1955 1132
1967 1704 1278 1224 1499 712 1734 2014 1835 1476 1762 1490 3024 1625 1621 1450 1823 1917 1695 1574 1311 1670 1910 1169
1995 1738 1280 1230 1525 707 1755 1998 1815 1496 1784 1510 3060 1638 1679 1459 1836 1930 1713 1648 1333 1635 1932 1123
2015 1758 1246 1264 1543 723 1775 1995 1806 1437 1808 1514 3019 1700 1674 1428 1841 1939 1734 1687 1368 1701 1955 1132
1979 1782 1242 1309 1551 740 1837 1992 1809 1483 1846 1498 3019 1678 1701 1372 1849 1922 1747 1653 1342 1648 1937 1155
1975 1746 1254 1298 1572 737 1808 2036 1774 1510 1872 1490 3024 1683 1643 1381 1836 1905 1772 1587 1272 1608 1955 1141
1987 1742 1323 1294 1623 684 1758 2083 1807 1518 1927 1474 3015 1638 1670 1403 1850 1918 1806 1518 1250 1595 1973 1100
1983 1756 1336 1335 1593 684 1757 2138 1795 1511 1991 1442 3001 1625 1635 1407 1897 1969 1802 1496 1264 1582 1972 1137
1967 1751 1320 1296 1607 747 1746 2104 1771 1521 2051 1458 2997 1603 1683 1425 1928 1905 1798 1457 1207 1533 1941 1123
1971 1754 1352 1267 1584 711 1703 2115 1747 1526 2030 1494 3015 1642 1626 1464 1915 1913 1781 1405 1215 1502 1955 1096
1991 1776 1372 1257 1546 652 1756 2139 1772 1564 1972 1506 3042 1651 1639 1477 1884 1943 1730 1419 1233 1484 1963 1109
1991 1818 1337 1234 1526 690 1764 2117 1804 1560 1936 1538 2987 1665 1630 1503 1876 1904 1721 1423 1281 1506 1963 1082
2015 1805 1353 1170 1560 706 1743 2027 1797 1545 1933 1562 2987 1651 1639 1503 1854 1904 1730 1436 1312 1515 1963 1055
2019 1799 1359 1215 1570 620 1730 2027 1801 1578 1917 1575 3042 1629 1674 1564 1810 1956 1772 1480 1298 1520 1999 1078
2027 1769 1335 1204 1621 623 1755 2016 1815 1569 1957 1554 3078 1629 1745 1547 1849 1952 1798 1475 1307 1524 1963 1037
2027 1705 1311 1242 1634 668 1785 2003 1754 1568 2016 1558 3060 1616 1754 1560 1906 1956 1845 1501 1259 1520 1919 1069
1999 1650 1318 1243 1696 692 1782 1966 1681 1570 2133 1530 3106 1665 1723 1512 1889 1978 1858 1518 1241 1493 1937 1119
2032 1724 1312 1244 1599 733 1758 1968 1621 1641 1933 1567 3028 1576 1736 1455 1936 1926 1730 1535 1188 1661 1954 1132
2052 1739 1301 1223 1569 724 1756 1985 1582 1629 1937 1514 3015 1572 1696 1428 1910 1926 1730 1518 1206 1688 1932 1119
2052 1763 1276 1211 1539 721 1764 1912 1595 1617 1967 1502 3010 1567 1652 1372 1906 1917 1700 1487 1237 1710 1959 1109
2080 1731 1254 1209 1548 717 1772 1937 1591 1574 2000 1506 2974 1536 1630 1319 1884 1892 1683 1431 1258 1630 2017 1123
2068 1757 1265 1264 1510 700 1747 1918 1554 1530 2090 1542 2987 1549 1657 1323 1823 1883 1640 1466 1215 1648 2017 1128
2084 1751 1303 1223 1517 667 1750 1912 1573 1539 2080 1554 2983 1509 1639 1284 1802 1909 1614 1479 1206 1705 2048 1109
2060 1747 1297 1252 1498 684 1776 1912 1517 1565 2135 1530 2951 1536 1652 1315 1785 1952 1674 1466 1171 1683 2025 1096
2044 1716 1309 1230 1513 692 1773 1959 1537 1600 2165 1542 2956 1558 1705 1393 1780 2003 1721 1492 1175 1630 1977 1123
2027 1752 1315 1258 1522 688 1766 1914 1581 1612 2183 1550 3001 1594 1749 1411 1850 2037 1747 1500 1210 1648 1977 1123
2032 1728 1367 1242 1591 699 1826 1905 1651 1637 2166 1538 3010 1678 1780 1389 1897 2067 1764 1509 1245 1599 1990 1137
2023 1719 1343 1288 1601 741 1859 1930 1621 1687 2167 1534 2974 1682 1758 1464 1867 2076 1785 1509 1236 1586 1990 1132
2023 1802 1362 1291 1642 775 1879 1909 1660 1690 2157 1575 3001 1687 1723 1477 1845 2046 1764 1561 1223 1590 2048 1187
2040 1835 1361 1353 1613 775 1856 1935 1647 1730 2090 1579 3019 1723 1714 1494 1902 1999 1764 1574 1250 1648 2105 1196
2044 1871 1375 1360 1574 783 1856 1980 1616 1736 2081 1554 3015 1745 1665 1530 1867 1999 1760 1591 1210 1679 2091 1232
2027 1858 1339 1384 1585 789 1834 1986 1609 1773 2090 1542 3006 1763 1635 1543 1850 1995 1785 1509 1193 1688 2149 1232
2040 1825 1373 1383 1613 773 1734 1977 1657 1747 2108 1506 3042 1785 1665 1525 1897 2007 1794 1491 1202 1705 2211 1255
2044 1774 1382 1399 1608 788 1722 1972 1679 1714 2098 1526 3006 1807 1705 1516 1932 2059 1785 1457 1241 1683 2167 1237
2044 1793 1405 1382 1600 784 1747 1930 1685 1696 2067 1494 3042 1772 1754 1503 1880 2054 1764 1448 1193 1657 2087 1228
2052 1749 1381 1342 1580 821 1735 1896 1684 1711 2011 1510 3051 1705 1727 1459 1897 2042 1764 1470 1232 1652 2109 1191
2076 1743 1406 1339 1533 775 1698 1832 1695 1626 1996 1506 3047 1638 1758 1450 1897 2029 1747 1509 1223 1626 2096 1191
2064 1767 1385 1290 1512 779 1793 1833 1709 1641 1978 1514 3042 1594 1780 1433 1906 2046 1738 1466 1184 1590 2034 1187
2023 1772 1377 1243 1504 755 1801 1833 1711 1642 1983 1482 3115 1580 1705 1407 1876 2025 1747 1439 1175 1595 2061 1182
1999 1777 1370 1236 1546 722 1747 1834 1776 1638 2038 1502 3069 1540 1670 1398 1854 1995 1755 1405 1162 1612 2145 1169
1967 1797 1378 1278 1592 710 1756 1844 1821 1597 2060 1454 3056 1522 1679 1385 1823 1956 1721 1357 1118 1630 2145 1169
1938 1767 1332 1309 1614 767 1739 1888 1766 1634 2050 1438 3028 1540 1679 1402 1880 1965 1760 1379 1118 1670 2079 1169
1947 1730 1333 1363 1592 758 1723 1845 1745 1607 2059 1446 3033 1594 1608 1381 1815 1922 1730 1483 1180 1692 2083 1164
1987 1734 1333 1329 1558 734 1711 1837 1726 1624 2040 1426 3015 1589 1639 1442 1810 1858 1691 1487 1219 1727 2012 1159
1991 1714 1284 1325 1541 741 1748 1832 1676 1588 2041 1410 3028 1616 1617 1411 1854 1866 1712 1496 1258 1758 1972 1146
1991 1681 1277 1277 1545 729 1740 1841 1637 1631 2062 1458 3024 1665 1652 1464 1845 1879 1725 1526 1298 1789 1976 1123
1999 1722 1334 1239 1507 672 1812 1844 1678 1670 2027 1450 3047 1700 1595 1424 1745 1862 1669 1474 1376 1780 2039 1114
2056 1789 1343 1223 1630 675 1808 1997 1694 1794 2026 1558 3015 1750 1652 1525 1885 1896 1772 1370 1324 1573 1931 1119
2036 1807 1286 1238 1634 675 1803 1982 1686 1845 2005 1538 2997 1807 1586 1547 1937 1917 1789 1362 1328 1590 1954 1100
2036 1820 1259 1253 1707 709 1719 1995 1705 1859 2036 1538 2965 1794 1612 1560 1971 1905 1768 1388 1311 1612 1932 1105
2015 1821 1288 1287 1705 704 1750 1978 1693 1808 2077 1546 2974 1741 1657 1564 1941 1922 1742 1448 1350 1608 1945 1100
2044 1813 1326 1316 1710 759 1730 1919 1645 1822 2103 1542 2992 1709 1710 1572 1958 1892 1716 1418 1407 1612 1945 1069
2032 1796 1290 1300 1697 785 1709 1935 1583 1812 2166 1526 3010 1647 1732 1550 1949 1905 1712 1431 1341 1586 1959 1064
2032 1748 1378 1308 1649 786 1676 1917 1594 1763 2159 1502 3047 1594 1727 1515 1871 1879 1682 1435 1311 1595 1941 1073
2032 1708 1392 1340 1632 757 1736 1915 1581 1722 2104 1498 3083 1571 1701 1472 1845 1879 1738 1418 1302 1568 1940 1082
2032 1727 1404 1268 1641 732 1717 1919 1610 1701 2055 1466 3101 1607 1696 1432 1858 1871 1725 1423 1272 1586 1985 1128
1995 1685 1403 1309 1641 703 1737 1939 1641 1688 2044 1466 3078 1603 1670 1402 1841 1913 1776 1462 1272 1599 2033 1169
1995 1701 1403 1320 1643 694 1761 1926 1688 1689 2060 1442 3033 1630 1657 1398 1863 1896 1785 1496 1320 1665 2042 1182
1971 1728 1379 1325 1700 701 1806 1983 1675 1679 2086 1462 3028 1652 1661 1428 1893 1892 1759 1488 1320 1674 2047 1219
1942 1767 1354 1309 1687 705 1780 1983 1704 1688 2125 1478 3033 1679 1674 1503 1867 1926 1695 1496 1302 1688 2100 1191
1938 1776 1298 1350 1663 701 1780 2003 1717 1730 2101 1502 2987 1670 1665 1472 1858 1956 1716 1474 1346 1683 2073 1182
1934 1761 1269 1287 1664 737 1730 2007 1742 1740 2093 1538 2992 1661 1670 1464 1858 1930 1686 1444 1333 1710 2082 1141
1926 1725 1289 1336 1649 742 1749 2032 1770 1724 2058 1530 2997 1683 1657 1459 1858 1943 1699 1413 1315 1679 2091 1109
1971 1722 1264 1291 1572 729 1753 2030 1784 1760 2044 1542 3010 1687 1683 1433 1897 1990 1746 1431 1328 1688 2096 1050
1975 1669 1267 1298 1559 674 1757 1987 1791 1762 2034 1558 2992 1638 1670 1398 1928 1995 1785 1400 1315 1665 2029 1109
1999 1674 1281 1273 1584 699 1749 2002 1805 1763 2068 1546 3056 1665 1696 1424 1910 1995 1746 1396 1228 1661 2047 1128
1991 1719 1324 1271 1616 679 1761 1996 1759 1733 2080 1542 3065 1656 1714 1437 1906 2003 1746 1383 1193 1617 2078 1164
2019 1755 1281 1240 1613 674 1720 1988 1705 1753 2048 1542 3074 1665 1705 1451 1858 1990 1725 1409 1193 1617 2127 1191
1995 1780 1341 1261 1641 632 1696 1954 1725 1763 2061 1538 3060 1665 1696 1473 1784 1990 1695 1431 1215 1608 2158 1187
2019 1822 1338 1265 1620 654 1718 2021 1728 1807 2072 1534 3092 1723 1635 1477 1750 1990 1691 1440 1193 1639 2193 1123
2007 1790 1394 1255 1587 626 1706 1998 1725 1828 2063 1514 3056 1750 1590 1481 1758 1977 1699 1396 1232 1590 2113 1109
2019 1793 1352 1257 1487 609 1719 2011 1810 1804 2022 1518 3065 1798 1529 1459 1737 2020 1717 1461 1254 1626 2068 1100
2015 1810 1412 1267 1486 593 1736 1967 1856 1803 2064 1534 3037 1749 1524 1459 1728 2046 1738 1466 1259 1630 2006 1109
2015 1789 1383 1257 1456 661 1785 1986 1832 1764 2067 1530 3056 1727 1498 1459 1758 1999 1734 1448 1211 1626 2002 1100
2036 1805 1427 1295 1477 649 1767 1881 1782 1716 2019 1530 3033 1678 1546 1463 1789 1982 1725 1479 1219 1608 1984 1114
2019 1837 1373 1353 1497 653 1765 1885 1768 1681 2012 1558 3065 1602 1617 1450 1845 1994 1734 1518 1197 1670 2034 1119
2036 1858 1391 1370 1532 652 1794 1860 1693 1696 2068 1522 3065 1598 1688 1442 1893 1926 1691 1487 1171 1635 2079 1091
2023 1758 1344 1222 1565 855 1710 1938 1671 1722 2117 1575 2983 1652 1802 1402 1911 1845 1605 1426 1227 1612 2030 1091
2044 1793 1330 1194 1604 867 1685 1896 1694 1718 2091 1583 2978 1630 1763 1424 1871 1845 1627 1439 1271 1643 2101 1132
1983 1777 1401 1164 1575 868 1627 1874 1726 1724 2088 1623 3056 1612 1718 1415 1897 1785 1657 1465 1197 1665 2083 1137
1995 1758 1385 1187 1597 860 1626 1925 1771 1725 2046 1627 3033 1660 1705 1442 1867 1798 1631 1487 1253 1643 2039 1114
1983 1803 1345 1221 1559 839 1660 1912 1764 1759 1991 1611 3078 1620 1718 1398 1875 1836 1622 1448 1297 1688 2008 1114
1999 1811 1393 1252 1516 826 1713 1882 1755 1751 2007 1603 3060 1616 1745 1433 1837 1806 1652 1483 1306 1745 1972 1119
1999 1748 1326 1242 1524 769 1712 1924 1730 1767 1997 1575 3092 1567 1758 1350 1863 1815 1648 1500 1293 1758 1959 1132
2036 1766 1369 1262 1542 764 1771 1912 1735 1758 2030 1542 3033 1554 1794 1354 1806 1887 1656 1474 1350 1802 1963 1132
2023 1782 1322 1285 1545 750 1755 1878 1761 1754 2055 1530 3078 1545 1732 1306 1854 1862 1626 1443 1337 1851 1972 1164
2027 1777 1334 1290 1563 703 1747 1942 1769 1767 2077 1514 3056 1505 1767 1284 1846 1871 1600 1491 1315 1780 2029 1191
2003 1813 1302 1301 1616 712 1760 1947 1771 1742 2069 1522 3065 1465 1741 1240 1876 1888 1588 1474 1315 1741 2012 1210
2011 1872 1350 1315 1598 715 1715 1947 1767 1735 2089 1546 3083 1540 1736 1254 1867 1862 1549 1426 1332 1727 2034 1210
2040 1882 1333 1364 1602 703 1720 1950 1735 1740 2092 1530 3097 1540 1727 1306 1884 1922 1541 1426 1315 1718 2003 1205
2060 1886 1424 1338 1606 691 1677 1968 1668 1733 2088 1542 3047 1545 1745 1389 1862 1926 1575 1482 1288 1705 2039 1173
2056 1853 1437 1282 1564 700 1669 1913 1664 1745 2071 1546 3024 1607 1736 1433 1910 1943 1597 1461 1271 1741 1955 1105
2052 1790 1458 1249 1571 668 1611 1922 1691 1790 2069 1546 3051 1638 1794 1437 1862 1934 1627 1400 1236 1811 2003 1087
2040 1715 1428 1293 1555 671 1652 1909 1674 1795 2057 1546 3024 1634 1727 1498 1871 1943 1631 1400 1223 1829 1955 1037
2027 1694 1377 1184 1560 679 1634 1929 1689 1791 2094 1587 3047 1652 1710 1454 1845 1849 1674 1426 1236 1794 2008 1041
2040 1694 1364 1128 1527 729 1630 1930 1746 1822 2072 1546 3051 1700 1718 1393 1828 1879 1695 1408 1258 1847 1928 1069
2011 1739 1334 1158 1551 733 1608 1945 1773 1730 2082 1562 3092 1709 1705 1415 1798 1862 1738 1426 1232 1891 1963 1132
2044 1777 1324 1163 1563 720 1611 1915 1766 1722 2081 1554 3078 1669 1657 1446 1811 1845 1747 1456 1271 1847 1937 1137
2027 1858 1372 1134 1563 713 1586 1916 1783 1757 2089 1571 3056 1651 1718 1411 1824 1858 1760 1439 1297 1802 1941 1146
2011 1855 1366 1196 1579 714 1621 1908 1813 1757 2042 1542 3060 1646 1736 1415 1815 1926 1747 1435 1236 1820 1875 1150
1991 1836 1343 1211 1567 692 1662 1877 1856 1714 2070 1567 3115 1575 1749 1442 1827 1918 1665 1426 1183 1696 1941 1150
1983 1814 1385 1227 1572 643 1723 1831 1828 1826 2076 1571 3106 1566 1723 1415 1871 1918 1635 1456 1183 1626 1950 1096
1967 1797 1394 1250 1559 652 1739 1806 1818 1829 2085 1575 3115 1659 1736 1402 1932 1935 1639 1448 1188 1635 1910 1087
1967 1743 1339 1307 1596 673 1752 1796 1840 1837 2095 1514 3142 1650 1727 1406 1901 1926 1627 1508 1153 1727 1906 1091
1987 1746 1323 1299 1566 648 1730 1762 1779 1790 2083 1506 3110 1681 1754 1481 1915 1900 1614 1517 1175 1710 1924 1078
1967 1762 1310 1374 1587 662 1742 1780 1758 1763 2126 1514 3087 1704 1776 1450 1880 1892 1665 1547 1253 1771 1911 1096
1999 1802 1255 1418 1560 715 1745 1848 1730 1799 2068 1494 3078 1713 1741 1433 1810 1896 1635 1543 1249 1842 1915 1128
2023 1801 1333 1255 1573 704 1641 1943 1802 1752 2031 1498 3028 1634 1582 1424 1832 1948 1738 1477 1310 1908 1954 1128
2019 1781 1331 1258 1606 733 1637 2007 1808 1779 1988 1502 3074 1634 1590 1433 1780 1956 1738 1469 1301 1891 1928 1128
2015 1813 1308 1239 1563 725 1611 1991 1829 1775 1988 1534 3069 1629 1599 1428 1841 1943 1669 1452 1253 1904 1923 1096
2019 1783 1316 1217 1546 729 1623 1979 1831 1759 2023 1530 3065 1683 1564 1450 1862 1952 1661 1413 1297 1900 1950 1119
1999 1789 1369 1252 1535 678 1681 1892 1889 1777 2030 1546 3074 1709 1599 1402 1840 1905 1596 1382 1354 1917 1906 1105
2040 1796 1375 1261 1514 733 1691 1838 1859 1821 2061 1534 3060 1710 1577 1446 1810 1862 1575 1395 1367 1931 1923 1078
2011 1770 1416 1219 1522 712 1725 1825 1843 1798 2093 1546 3019 1719 1595 1441 1780 1832 1596 1383 1354 1939 1919 1078
2023 1737 1412 1215 1545 758 1764 1880 1830 1765 2076 1571 3037 1754 1621 1520 1745 1823 1605 1370 1393 1931 1915 1069
2040 1745 1378 1210 1524 759 1736 1932 1824 1816 2081 1579 3028 1781 1665 1546 1767 1802 1609 1409 1367 1904 1932 1059
2052 1681 1281 1177 1529 792 1707 1958 1795 1829 2067 1591 3042 1763 1683 1529 1823 1828 1635 1417 1328 1833 1879 1032
2040 1665 1253 1218 1571 788 1732 2005 1811 1824 2104 1579 3097 1803 1714 1480 1845 1823 1647 1452 1346 1798 1843 1064
2032 1712 1258 1251 1597 775 1742 1974 1811 1812 2118 1599 3110 1830 1683 1389 1927 1874 1630 1473 1332 1763 1830 1064
2015 1678 1244 1268 1554 741 1728 1921 1821 1823 2126 1542 3110 1790 1652 1262 1958 1896 1613 1521 1328 1758 1870 1041
1995 1682 1287 1310 1583 758 1791 1888 1816 1778 2124 1526 3115 1745 1630 1271 1928 1952 1682 1499 1341 1754 1834 996
1995 1690 1355 1326 1548 804 1758 1867 1801 1739 2185 1494 3083 1718 1586 1266 1889 1922 1665 1477 1389 1785 1857 1000
1991 1755 1415 1302 1580 787 1787 1820 1799 1796 2175 1530 3083 1687 1639 1271 1893 1947 1656 1408 1406 1749 1901 1005
2011 1787 1390 1301 1547 792 1740 1846 1805 1775 2127 1506 3069 1620 1692 1358 1863 1918 1665 1360 1433 1829 1923 1000
2032 1784 1361 1294 1564 822 1749 1894 1805 1711 2126 1550 3028 1651 1670 1437 1854 1896 1678 1304 1472 1767 1896 1009
2011 1765 1360 1254 1543 813 1716 1894 1781 1746 2104 1558 2987 1665 1683 1407 1819 1879 1614 1304 1446 1763 1887 1069
1999 1821 1343 1250 1568 776 1732 1882 1759 1787 2015 1571 3010 1727 1767 1437 1832 1926 1673 1370 1402 1732 1931 1073
1979 1754 1320 1225 1523 755 1728 1937 1740 1743 2018 1550 2987 1696 1745 1455 1854 1939 1673 1374 1428 1714 1932 1041
1967 1668 1305 1189 1472 738 1749 1900 1740 1796 2051 1518 3015 1736 1696 1455 1846 1922 1682 1395 1432 1639 1968 1023
1955 1665 1375 1158 1519 692 1770 1889 1683 1857 2052 1498 3047 1723 1745 1481 1846 1952 1708 1413 1362 1696 1977 1046
1975 1736 1394 1150 1499 658 1787 1841 1710 1822 2094 1494 3037 1718 1741 1490 1863 1943 1729 1413 1402 1727 1946 1009
1975 1690 1388 1146 1500 683 1749 1879 1771 1830 2130 1478 3024 1674 1670 1450 1876 1913 1686 1373 1380 1754 1941 1009
2007 1707 1348 1136 1509 750 1725 1836 1722 1852 2112 1474 3015 1682 1652 1459 1880 1930 1699 1430 1345 1780 1919 1037
2044 1776 1359 1166 1518 759 1724 1865 1733 1851 2123 1470 3019 1652 1674 1512 1889 1926 1682 1417 1380 1802 1861 1041
2044 1784 1346 1212 1453 796 1707 1847 1796 1872 2147 1482 2997 1638 1674 1481 1876 1956 1725 1434 1450 1727 1897 1032
2056 1711 1260 1258 1499 808 1664 1869 1753 1916 2144 1490 3056 1598 1683 1533 1885 1939 1673 1417 1485 1718 1932 1009
2068 1668 1278 1297 1498 767 1719 1857 1713 1931 2167 1478 3087 1629 1679 1551 1841 1939 1678 1430 1489 1723 1887 1055
2068 1749 1310 1292 1598 697 1649 1828 1704 1852 1982 1502 3097 1705 1718 1437 1841 1930 1669 1443 1420 1820 2004 1059
2052 1758 1267 1301 1556 776 1594 1799 1702 1842 2014 1486 3151 1701 1741 1459 1919 1956 1665 1408 1411 1802 2013 1032
2044 1750 1264 1318 1515 810 1599 1824 1696 1809 2013 1486 3101 1687 1749 1468 1967 1977 1703 1391 1424 1811 1964 1078
2032 1715 1334 1246 1509 797 1599 1851 1737 1805 1977 1506 3110 1687 1732 1455 1936 2020 1707 1391 1442 1767 1968 1096
2044 1744 1303 1202 1479 789 1665 1885 1728 1810 1997 1490 3060 1656 1732 1477 1954 1986 1703 1412 1468 1745 1955 1055
2036 1748 1312 1240 1483 767 1643 1877 1731 1788 2042 1538 3010 1673 1701 1486 1936 1931 1699 1425 1472 1736 1985 1064
2015 1731 1349 1250 1512 742 1690 1893 1738 1766 2046 1514 2992 1674 1683 1494 1893 1973 1669 1451 1451 1780 1927 1050
2023 1690 1385 1196 1549 721 1734 1902 1764 1826 2031 1490 3015 1629 1723 1494 1871 1888 1660 1421 1438 1758 1950 1019
2019 1678 1314 1288 1597 713 1689 1876 1677 1810 2051 1454 3028 1536 1754 1464 1854 1819 1673 1447 1459 1745 1914 955
1991 1679 1344 1305 1632 727 1677 1814 1734 1844 2051 1454 3028 1541 1714 1486 1850 1849 1678 1455 1459 1745 1972 959
1999 1671 1307 1310 1586 719 1698 1818 1701 1860 2036 1450 3033 1515 1683 1451 1880 1905 1669 1473 1481 1771 1914 950
2044 1668 1308 1241 1569 723 1682 1836 1717 1805 1994 1478 2997 1492 1648 1438 1919 1866 1647 1481 1525 1776 1950 982
2011 1687 1297 1282 1553 764 1674 1802 1693 1799 1987 1498 2992 1523 1608 1442 1971 1918 1584 1503 1568 1785 1955 991
2032 1762 1324 1215 1539 731 1690 1828 1739 1799 1954 1534 2987 1594 1568 1468 1950 1948 1566 1477 1573 1741 2008 1005
2060 1803 1299 1256 1504 706 1656 1873 1743 1806 1937 1554 3001 1652 1537 1485 1950 1986 1626 1447 1555 1688 1977 991
2076 1817 1312 1196 1503 763 1685 1915 1757 1730 1964 1562 3015 1661 1551 1525 1984 1995 1648 1408 1542 1705 2035 991
2052 1830 1336 1226 1479 726 1714 1873 1719 1825 1973 1542 3074 1714 1635 1568 1954 1982 1678 1417 1555 1683 2035 1005
2064 1782 1326 1264 1494 725 1677 1872 1778 1843 1990 1571 3087 1705 1630 1586 1941 1978 1703 1504 1568 1727 2039 996
2060 1751 1320 1305 1517 821 1685 1888 1783 1834 2007 1558 3056 1679 1630 1564 1962 1978 1712 1486 1520 1811 1990 1009
2048 1743 1331 1320 1499 796 1731 1872 1808 1758 2041 1534 3101 1656 1661 1481 1919 1991 1644 1556 1529 1855 2021 1046
2027 1735 1317 1328 1516 766 1732 1885 1806 1800 2017 1534 3083 1629 1657 1442 1859 1965 1639 1590 1481 1851 2003 1087
2019 1734 1266 1376 1582 745 1710 1953 1815 1744 2017 1567 3087 1625 1621 1380 1833 1969 1627 1590 1411 1842 2003 1073
2048 1751 1215 1352 1576 750 1730 1962 1751 1691 2021 1554 3133 1642 1639 1376 1828 1969 1639 1504 1354 1780 1972 1087
2052 1763 1176 1281 1566 729 1676 1937 1733 1691 2060 1538 3128 1665 1692 1376 1828 1999 1580 1521 1389 1802 1977 1073
2048 1700 1187 1280 1597 800 1659 1961 1717 1688 2040 1546 3101 1674 1696 1389 1824 1969 1601 1517 1384 1811 1968 1100
2060 1678 1239 1312 1552 804 1647 1938 1735 1740 2037 1546 3110 1696 1670 1402 1889 2003 1571 1530 1420 1811 1946 1028
2048 1724 1244 1268 1536 830 1626 1934 1739 1784 1989 1538 3087 1660 1617 1429 1858 2037 1596 1499 1485 1851 1960 1005
2007 1750 1293 1257 1524 796 1597 1917 1780 1808 1966 1534 3033 1625 1599 1389 1828 2042 1618 1581 1533 1847 1999 1009
2003 1741 1296 1291 1486 768 1685 1896 1762 1754 1995 1526 3051 1567 1577 1393 1802 2050 1686 1598 1533 1824 1973 1019
2032 1797 1299 1245 1531 714 1685 1867 1708 1792 2018 1558 3074 1549 1582 1437 1845 2037 1699 1568 1538 1842 1910 991
2011 1736 1295 1225 1521 656 1832 1880 1700 1661 2005 1466 3033 1723 1612 1477 1823 1853 1652 1435 1355 1763 2061 1082
1991 1698 1279 1259 1590 677 1795 1938 1727 1660 1955 1498 3010 1719 1608 1407 1836 1922 1691 1418 1346 1727 2141 1064
1967 1717 1283 1234 1600 719 1845 1904 1717 1676 1966 1510 3019 1696 1652 1433 1819 1969 1691 1461 1346 1679 2122 1064
1967 1751 1290 1285 1590 744 1882 1912 1706 1632 1958 1502 3047 1731 1630 1424 1828 1994 1721 1409 1372 1590 2118 1059
1975 1801 1279 1292 1623 768 1836 1895 1697 1632 1975 1522 3051 1670 1621 1433 1902 1973 1747 1470 1324 1559 2091 1082
1963 1743 1321 1264 1640 776 1799 1902 1671 1661 1951 1530 3083 1625 1648 1442 1850 2020 1772 1427 1316 1555 2034 1109
1975 1748 1344 1296 1642 760 1877 1863 1689 1636 1992 1538 3106 1590 1679 1477 1880 1977 1772 1448 1250 1555 2038 1132
2032 1744 1354 1362 1654 739 1825 1940 1708 1603 2013 1546 3092 1652 1635 1490 1902 1909 1781 1418 1233 1542 2074 1132
2060 1689 1418 1350 1656 710 1800 1964 1730 1686 1999 1546 3097 1608 1652 1472 1872 1875 1785 1466 1189 1546 1999 1169
2072 1662 1394 1338 1632 689 1791 1987 1723 1635 2025 1562 3110 1585 1736 1525 1880 1905 1806 1400 1206 1537 1972 1159
2044 1733 1382 1387 1598 668 1800 1997 1748 1640 2098 1571 3119 1603 1758 1521 1863 1832 1798 1418 1189 1471 1998 1155
2040 1744 1379 1355 1556 671 1804 2011 1757 1692 2117 1530 3087 1665 1745 1498 1849 1853 1759 1444 1272 1453 1998 1141
2052 1700 1370 1372 1576 659 1837 2019 1763 1785 2072 1522 3115 1643 1696 1507 1793 1888 1738 1440 1294 1493 1958 1159
2023 1742 1317 1371 1576 664 1841 2010 1758 1728 2094 1550 3083 1705 1710 1512 1862 1939 1695 1431 1312 1515 2029 1146
2007 1701 1355 1305 1572 696 1867 2020 1758 1734 2067 1550 3110 1745 1617 1498 1819 1969 1678 1448 1290 1506 2016 1146
2032 1689 1350 1291 1551 763 1861 2037 1773 1775 2010 1562 3092 1714 1568 1459 1828 2029 1661 1413 1294 1595 1985 1178
2032 1673 1311 1325 1559 796 1829 2028 1787 1748 2025 1603 3151 1682 1617 1450 1863 1999 1669 1383 1298 1568 1918 1169
2007 1717 1346 1288 1568 787 1829 1978 1771 1712 2064 1599 3115 1678 1670 1446 1893 1994 1686 1404 1285 1542 1940 1150
2019 1702 1339 1325 1548 804 1848 1930 1778 1744 2083 1575 3110 1625 1617 1407 1828 1999 1704 1400 1254 1577 1940 1141
1995 1699 1296 1402 1540 813 1831 1985 1777 1780 2098 1550 3069 1652 1599 1420 1845 1943 1678 1383 1285 1643 1971 1128
2011 1730 1313 1395 1518 775 1830 1959 1778 1740 2124 1526 3042 1665 1612 1433 1871 1969 1708 1422 1276 1643 1971 1064
2003 1752 1330 1353 1476 739 1808 1956 1788 1735 2106 1510 3042 1648 1546 1490 1837 2012 1687 1448 1210 1679 2038 1050
2011 1669 1337 1378 1451 746 1800 1959 1817 1680 2042 1522 3083 1639 1542 1476 1772 1999 1700 1414 1184 1723 2047 1059
2023 1693 1318 1354 1446 717 1764 1986 1822 1671 2042 1550 3087 1634 1542 1481 1806 1982 1708 1457 1206 1696 2029 1064
2064 1748 1311 1366 1458 733 1747 1944 1827 1660 2055 1554 3051 1607 1551 1481 1785 2008 1691 1483 1206 1639 2020 1059
2072 1698 1298 1383 1484 763 1760 1928 1760 1675 2022 1538 3051 1611 1498 1472 1772 1973 1691 1479 1197 1612 2052 1055
2121 1714 1302 1424 1564 762 1773 1952 1695 1671 2049 1558 3033 1607 1568 1437 1772 1926 1734 1448 1245 1612 2012 1105
2100 1781 1299 1346 1529 793 1819 1969 1644 1721 2086 1538 2987 1656 1595 1428 1828 1922 1725 1470 1315 1582 2016 1114
2104 1776 1315 1334 1550 814 1798 1985 1611 1761 2076 1526 2969 1678 1577 1477 1845 1879 1747 1374 1307 1568 1994 1069
2088 1760 1321 1276 1571 734 1830 2006 1632 1767 2055 1534 2978 1714 1595 1468 1863 1879 1781 1388 1245 1573 1976 1087
2019 1855 1407 1364 1535 664 1740 1867 1673 1724 2097 1534 3097 1589 1714 1385 1954 1887 1653 1505 1167 1626 2074 1096
2015 1886 1355 1355 1552 614 1710 1841 1696 1764 2057 1550 3028 1620 1718 1380 1993 1922 1687 1500 1154 1630 2057 1109
2007 1845 1348 1271 1555 642 1690 1890 1737 1773 2092 1518 3069 1643 1771 1372 1975 1896 1640 1400 1145 1674 2079 1087
2011 1874 1339 1218 1471 701 1708 1807 1730 1819 2082 1470 3056 1652 1754 1376 1975 1866 1657 1418 1158 1643 2119 1082
2011 1827 1304 1172 1488 722 1666 1839 1764 1827 2073 1482 3047 1621 1754 1406 1958 1871 1674 1426 1233 1661 2039 1091
2023 1798 1270 1132 1492 753 1691 1843 1794 1754 2069 1494 3033 1692 1723 1463 1923 1836 1669 1344 1206 1617 2096 1069
2019 1772 1334 1169 1495 798 1666 1798 1835 1738 2117 1482 3101 1701 1749 1507 1871 1819 1652 1387 1245 1586 2070 1078
2023 1701 1286 1268 1648 719 1747 1874 1814 1695 2118 1575 3119 1567 1767 1398 1850 1956 1764 1583 1228 1608 2021 1069
1999 1640 1360 1321 1593 757 1697 1880 1806 1687 2112 1591 3124 1655 1736 1359 1893 1986 1687 1552 1241 1617 1994 1105
1991 1682 1384 1330 1605 802 1743 1940 1763 1675 2093 1571 3106 1656 1736 1402 1915 1943 1708 1583 1241 1639 1968 1082
2011 1660 1387 1350 1584 778 1755 1924 1747 1666 2052 1546 3119 1674 1776 1420 1927 1956 1678 1539 1254 1582 1963 1091
2019 1657 1436 1313 1508 803 1769 1957 1702 1705 2016 1558 3110 1634 1736 1433 1906 1973 1665 1513 1162 1639 1981 1109
2003 1668 1427 1330 1535 803 1777 1963 1644 1642 2030 1510 3087 1629 1696 1524 1966 1922 1695 1487 1166 1643 1959 1096
2027 1651 1429 1292 1573 794 1827 1964 1670 1673 2053 1518 3078 1576 1745 1560 1971 1960 1678 1543 1193 1648 1976 1082
2048 1660 1393 1317 1586 852 1811 1921 1696 1698 2122 1494 3115 1594 1736 1555 1953 1981 1627 1491 1215 1652 1968 1109
2036 1719 1390 1293 1603 819 1786 1921 1696 1731 2138 1498 3083 1629 1670 1551 1988 1960 1610 1470 1206 1639 1937 1119
2040 1717 1355 1329 1678 802 1769 1947 1696 1740 2122 1498 3065 1647 1648 1498 1979 1952 1619 1457 1284 1582 1954 1114
2040 1716 1374 1356 1626 764 1712 1922 1737 1814 2074 1518 3065 1682 1710 1450 1932 1981 1606 1452 1293 1617 1959 1128
2003 1787 1348 1342 1599 744 1721 1908 1706 1769 2043 1546 3056 1736 1723 1415 1958 1939 1627 1452 1201 1599 1955 1137
1987 1755 1315 1329 1577 664 1720 1940 1677 1734 2037 1575 3010 1749 1683 1402 2001 1905 1644 1474 1192 1542 1986 1141
1991 1733 1288 1330 1577 701 1687 1945 1719 1742 2066 1587 3024 1664 1736 1415 1962 1969 1648 1500 1227 1546 2021 1109
1991 1777 1292 1323 1564 725 1712 1944 1740 1738 2129 1583 3074 1664 1767 1428 1953 2033 1700 1509 1219 1551 2052 1146
2003 1772 1286 1277 1569 725 1707 1948 1725 1738 2185 1591 3074 1603 1701 1407 1975 2025 1695 1448 1227 1551 2057 1146
2044 1759 1249 1313 1540 717 1661 1909 1722 1721 2215 1538 3042 1545 1661 1459 1971 2046 1747 1374 1236 1590 2088 1159
2056 1766 1323 1313 1507 722 1611 1910 1716 1745 2161 1510 3083 1589 1723 1451 1932 2037 1768 1379 1245 1630 2074 1137
2040 1791 1339 1339 1507 691 1681 1927 1651 1734 2126 1498 3056 1612 1727 1402 1889 2016 1738 1391 1227 1648 2101 1196
2023 1760 1368 1339 1447 733 1698 1889 1676 1726 2104 1510 3006 1643 1771 1442 1889 1956 1695 1409 1192 1648 2025 1150
2048 1796 1315 1358 1459 742 1742 1911 1658 1715 2074 1502 2956 1683 1807 1433 1893 1960 1648 1431 1232 1621 2007 1141
2027 1805 1360 1301 1477 758 1784 1937 1624 1765 2069 1530 2987 1657 1855 1367 1889 1917 1618 1443 1223 1599 1985 1123
2011 1804 1353 1267 1556 816 1776 1918 1652 1724 2129 1554 2960 1630 1824 1385 1876 1888 1622 1448 1218 1595 2003 1141
2040 1806 1254 1405 1567 730 1709 1878 1731 1842 2060 1514 3124 1668 1714 1389 1788 1921 1575 1552 1231 1820 1959 1159
2064 1837 1303 1382 1568 705 1660 1946 1768 1833 2049 1530 3087 1673 1692 1385 1857 1943 1558 1547 1262 1758 1986 1164
2052 1881 1353 1403 1559 688 1627 1923 1787 1901 2048 1522 3115 1647 1643 1289 1866 1960 1558 1547 1258 1776 2101 1155
2068 1858 1353 1365 1576 628 1590 1936 1774 1929 2000 1498 3101 1696 1621 1298 1879 2029 1566 1500 1210 1864 2057 1137
2088 1822 1345 1346 1582 588 1532 1902 1783 1858 2050 1510 3115 1678 1679 1319 1910 2037 1549 1465 1262 1820 2021 1132
2048 1822 1279 1332 1569 588 1535 1909 1822 1813 2053 1486 3069 1661 1745 1389 1893 2076 1613 1495 1231 1816 1968 1091
2044 1809 1289 1321 1559 613 1569 1822 1757 1759 2064 1514 3115 1639 1767 1393 1849 2007 1648 1482 1201 1824 1972 1100
2036 1734 1301 1326 1622 625 1610 1835 1754 1747 2069 1482 3110 1656 1785 1428 1854 2007 1631 1460 1214 1811 1892 1096
2015 1725 1259 1339 1605 692 1624 1736 1756 1783 2097 1506 3110 1634 1776 1446 1867 1935 1665 1443 1262 1736 1932 1114
1967 1731 1281 1348 1642 713 1656 1715 1776 1779 2111 1482 3097 1661 1767 1494 1828 1956 1695 1469 1266 1749 1954 1137
1967 1689 1330 1324 1634 717 1743 1715 1736 1756 2153 1470 3101 1630 1718 1481 1863 1918 1635 1452 1253 1785 2003 1150
1942 1687 1240 1312 1641 733 1716 1737 1764 1758 2139 1442 3087 1682 1710 1472 1815 1986 1626 1400 1271 1780 1976 1132
1938 1684 1227 1339 1587 781 1721 1715 1773 1718 2175 1462 3033 1678 1705 1477 1785 1944 1575 1426 1266 1807 1954 1141
1955 1691 1257 1304 1567 734 1747 1786 1740 1693 2174 1438 3010 1643 1696 1468 1767 1961 1545 1430 1249 1794 1967 1150
1983 1681 1219 1270 1550 775 1786 1841 1741 1697 2150 1470 2969 1651 1670 1381 1797 1884 1562 1461 1249 1829 1927 1096
1991 1741 1241 1300 1535 795 1674 1866 1737 1711 2151 1474 2956 1709 1692 1350 1741 1926 1596 1461 1310 1798 1914 1091
1991 1728 1313 1346 1510 771 1762 1897 1739 1700 2152 1466 2978 1639 1688 1328 1763 1913 1592 1491 1354 1780 1883 1073
2007 1743 1308 1309 1540 782 1728 1965 1768 1680 2137 1502 3010 1643 1670 1354 1780 1913 1656 1482 1341 1789 1901 1069
2015 1722 1311 1311 1551 790 1711 1944 1781 1665 2144 1514 3051 1670 1683 1363 1771 1922 1652 1504 1314 1855 1892 1050
2019 1754 1355 1329 1577 765 1677 1897 1803 1622 2172 1506 3110 1661 1679 1411 1793 1952 1643 1435 1345 1882 1901 1078
1999 1735 1361 1345 1594 753 1745 1873 1791 1628 2114 1530 3106 1660 1648 1424 1806 1909 1648 1430 1336 1891 1910 1069
1979 1746 1376 1321 1572 754 1691 1888 1784 1659 2142 1558 3069 1678 1635 1446 1815 1900 1674 1443 1319 1966 1946 1100
1951 1815 1406 1305 1588 700 1683 1848 1746 1691 2134 1534 3078 1691 1586 1411 1806 1930 1673 1443 1328 1939 1884 1132
1942 1839 1422 1289 1608 721 1680 1864 1721 1738 2126 1571 3051 1664 1582 1455 1810 1939 1682 1396 1398 1908 1875 1096
1942 1813 1407 1264 1629 747 1669 1826 1706 1773 2126 1567 3051 1655 1568 1459 1789 1965 1712 1465 1350 1829 1933 1096
1930 1801 1393 1211 1662 718 1656 1839 1726 1773 2174 1534 3051 1656 1590 1467 1793 1986 1661 1439 1310 1860 1866 1059
1967 1812 1352 1193 1671 705 1657 1784 1745 1786 2155 1526 3056 1674 1621 1494 1828 1999 1652 1439 1314 1829 1888 1055
1987 1784 1326 1216 1671 734 1669 1818 1755 1835 2150 1514 3069 1660 1635 1472 1785 1982 1686 1460 1349 1824 1905 1050
1999 1778 1329 1252 1653 734 1663 1837 1796 1800 2096 1478 3087 1656 1643 1393 1780 1965 1686 1508 1301 1851 1905 1073
2007 1804 1338 1243 1622 737 1666 1927 1779 1800 2080 1478 3047 1643 1635 1420 1798 1952 1686 1469 1292 1908 1914 1087
2040 1704 1302 1336 1514 762 1748 1852 1717 1906 2125 1462 3128 1616 1643 1524 1763 1982 1669 1412 1516 1718 1888 1023
2044 1667 1306 1343 1526 759 1748 1830 1712 1886 2120 1486 3097 1651 1639 1472 1789 2059 1643 1456 1468 1780 1932 1009
2023 1680 1284 1326 1572 729 1719 1839 1638 1852 2061 1494 3106 1647 1648 1498 1850 2038 1596 1443 1490 1820 1901 1055
2019 1728 1359 1319 1589 725 1722 1834 1663 1809 2042 1502 3106 1701 1683 1493 1832 1999 1575 1490 1477 1798 1972 1109
2023 1797 1362 1265 1600 754 1702 1821 1679 1772 2015 1554 3115 1701 1696 1555 1819 2003 1609 1516 1437 1727 1995 1073
2048 1761 1367 1241 1570 757 1663 1851 1718 1800 2012 1571 3028 1750 1754 1542 1845 1939 1609 1482 1424 1758 1985 1100
2027 1797 1348 1240 1582 770 1654 1899 1722 1777 2049 1558 3051 1727 1741 1538 1815 1888 1643 1482 1393 1705 1972 1137
2048 1856 1377 1248 1604 792 1667 1861 1824 1778 2125 1534 3060 1727 1723 1573 1780 1836 1635 1443 1336 1771 1986 1123
2048 1836 1372 1202 1545 776 1668 1907 1862 1819 2150 1518 3051 1731 1732 1533 1806 1862 1673 1430 1315 1798 1937 1132
2023 1794 1413 1249 1495 777 1643 1908 1861 1798 2174 1474 3015 1736 1763 1481 1802 1884 1618 1417 1380 1842 1941 1109
2032 1813 1434 1260 1530 761 1631 1853 1868 1825 2240 1466 3056 1713 1714 1481 1802 1866 1639 1435 1393 1833 1928 1105
2048 1784 1480 1264 1497 774 1653 1835 1824 1845 2222 1474 3033 1691 1652 1446 1837 1849 1631 1413 1406 1833 1848 1096
2052 1695 1425 1235 1462 795 1669 1852 1713 1850 2156 1478 3033 1696 1679 1415 1841 1824 1614 1443 1397 1824 1861 1073
2044 1682 1389 1216 1492 862 1677 1827 1671 1830 2149 1462 3028 1674 1621 1476 1824 1845 1571 1439 1402 1798 1852 1037
2068 1727 1340 1203 1544 803 1695 1882 1643 1859 2197 1478 3060 1620 1520 1459 1871 1841 1614 1473 1389 1869 1838 1087
2044 1728 1299 1228 1542 811 1735 1938 1677 1835 2128 1514 3083 1603 1489 1503 1889 1832 1579 1486 1398 1838 1870 1128
2027 1715 1243 1241 1602 794 1701 1901 1655 1788 2171 1482 3092 1616 1529 1490 1875 1871 1592 1490 1406 1833 1954 1119
1987 1742 1282 1279 1577 752 1672 1867 1714 1749 2246 1474 3060 1611 1520 1494 1862 1926 1639 1456 1428 1767 1946 1100
1971 1744 1318 1330 1539 706 1652 1828 1753 1763 2236 1478 3051 1571 1515 1459 1875 1935 1704 1460 1411 1749 1994 1100
1971 1725 1336 1308 1547 751 1677 1799 1777 1734 2154 1478 3047 1620 1590 1512 1897 1935 1674 1378 1424 1648 2012 1069
1967 1702 1385 1277 1544 747 1660 1786 1732 1731 2187 1454 2983 1638 1612 1442 1915 1973 1661 1378 1393 1661 2065 1041
1975 1731 1462 1247 1569 717 1646 1850 1727 1770 2119 1470 2992 1638 1643 1498 1945 1956 1652 1360 1394 1674 2056 1037
1995 1709 1438 1214 1560 677 1688 1872 1693 1803 2091 1502 3006 1656 1617 1481 1923 1939 1639 1404 1393 1705 2087 1028
2019 1697 1420 1179 1598 686 1683 1894 1663 1778 2103 1518 3033 1714 1670 1446 1919 1961 1648 1399 1424 1741 2034 1005
2027 1704 1385 1186 1620 647 1655 1906 1617 1789 2077 1554 3056 1678 1648 1446 1919 1965 1643 1451 1446 1754 2021 1028
2060 1695 1375 1240 1638 651 1668 1884 1655 1787 2029 1542 3115 1683 1710 1494 1880 1944 1695 1425 1472 1763 1985 978
2084 1678 1316 1247 1608 655 1719 1855 1702 1807 2023 1583 3078 1692 1692 1468 1806 1914 1716 1469 1498 1767 1999 987
2108 1744 1313 1263 1655 663 1690 1851 1711 1811 2000 1554 3110 1683 1701 1450 1802 1969 1691 1477 1511 1763 1981 978
2108 1782 1301 1328 1629 659 1712 1849 1712 1839 1989 1562 3097 1674 1661 1485 1871 1922 1673 1473 1481 1776 2012 1019
2092 1739 1319 1345 1603 705 1661 1828 1713 1849 1978 1538 3083 1696 1705 1428 1815 1905 1669 1421 1442 1833 2012 1023
1999 1803 1265 1222 1563 707 1668 1813 1708 1745 2015 1575 3078 1549 1608 1433 1802 1973 1729 1477 1559 1785 1959 1046
1995 1736 1313 1219 1542 737 1715 1800 1728 1697 2080 1579 3028 1594 1674 1407 1841 1960 1708 1477 1525 1732 1923 1082
1999 1721 1330 1188 1566 721 1719 1795 1707 1675 2090 1599 3047 1647 1657 1420 1867 1956 1669 1434 1455 1776 1915 1119
1987 1700 1358 1204 1562 708 1673 1825 1728 1704 2048 1591 3047 1696 1665 1464 1902 1965 1639 1465 1437 1798 1964 1128
1934 1713 1350 1200 1542 729 1689 1834 1717 1663 2064 1558 3010 1696 1648 1472 1928 2007 1601 1486 1433 1771 1999 1128
1947 1727 1382 1236 1492 715 1673 1879 1719 1667 2126 1550 3069 1701 1657 1459 1914 2067 1575 1582 1407 1767 1959 1141
1963 1755 1383 1242 1532 694 1635 1902 1728 1722 2150 1526 3078 1656 1612 1472 1915 2093 1592 1543 1420 1754 1985 1128
1963 1778 1348 1287 1486 719 1651 1872 1731 1738 2195 1478 3065 1621 1648 1468 1902 2102 1614 1517 1450 1780 2021 1137
1987 1785 1365 1285 1500 708 1684 1851 1722 1730 2188 1474 3065 1656 1635 1389 1932 2068 1584 1438 1450 1749 1981 1119
2023 1770 1369 1332 1449 683 1622 1848 1787 1782 2181 1490 3097 1651 1674 1354 1923 1999 1575 1434 1450 1745 1963 1141
2032 1824 1346 1327 1466 687 1584 1819 1776 1812 2121 1514 3065 1664 1688 1385 1962 2003 1567 1395 1450 1776 1968 1100
2076 1810 1324 1396 1463 719 1567 1790 1758 1784 2108 1534 3078 1677 1745 1367 2019 1896 1520 1434 1437 1763 1915 1032
2092 1795 1359 1398 1465 707 1533 1845 1738 1794 2097 1550 3069 1713 1745 1359 2053 1819 1468 1452 1402 1710 1830 987
2092 1773 1348 1400 1472 697 1496 1859 1749 1848 2132 1558 3006 1660 1745 1389 2014 1811 1485 1482 1398 1745 1861 996
2125 1793 1361 1457 1530 752 1513 1834 1713 1819 2112 1534 2997 1651 1754 1394 2018 1871 1498 1526 1380 1701 1937 973
2141 1756 1333 1442 1551 765 1567 1851 1696 1827 2109 1522 2983 1575 1732 1380 1979 1858 1511 1461 1385 1692 1960 1009
2121 1776 1281 1394 1510 736 1606 1877 1711 1846 2089 1486 3010 1606 1701 1380 1923 1892 1519 1478 1415 1741 2004 1064
2112 1759 1290 1375 1518 719 1652 1851 1723 1808 2053 1534 3015 1615 1714 1389 1893 1939 1528 1473 1429 1732 2044 1073
2080 1823 1219 1407 1498 736 1681 1837 1710 1767 2009 1534 3069 1660 1749 1345 1936 1952 1554 1491 1394 1612 2013 1119
2007 1804 1230 1339 1434 727 1722 1858 1701 1805 2021 1522 3033 1669 1718 1389 1897 1922 1545 1443 1459 1657 1964 1141
1999 1761 1257 1281 1464 743 1722 1875 1714 1777 2002 1522 3051 1736 1710 1337 1832 1965 1528 1516 1476 1643 1862 1114
1975 1812 1303 1285 1485 700 1656 1862 1674 1783 1989 1522 3024 1705 1639 1333 1840 1964 1549 1534 1424 1582 1813 1109
1971 1804 1286 1290 1465 720 1647 1848 1650 1823 1974 1450 2987 1701 1635 1328 1793 1921 1597 1560 1402 1586 1813 1105
1983 1797 1391 1226 1482 699 1669 1859 1685 1824 2006 1450 2992 1656 1595 1398 1775 1857 1592 1560 1450 1639 1840 1041
2019 1856 1375 1227 1563 653 1649 1889 1655 1785 2016 1478 3010 1661 1604 1380 1754 1904 1648 1604 1402 1639 1822 1028
2027 1905 1369 1273 1549 636 1637 1851 1671 1793 2042 1450 3015 1670 1612 1446 1858 1896 1648 1578 1394 1639 1915 1064
2040 1827 1357 1306 1548 670 1632 1848 1702 1763 2045 1470 3047 1696 1661 1454 1858 1909 1661 1612 1372 1652 1915 1069
2023 1854 1365 1296 1595 634 1623 1861 1690 1708 2071 1522 3069 1691 1617 1442 1919 1948 1644 1612 1407 1635 1911 1082
2027 1834 1328 1332 1597 684 1614 1860 1689 1731 2049 1534 3092 1700 1701 1363 1849 1969 1640 1586 1363 1599 1893 1105
2027 1763 1363 1326 1559 643 1634 1864 1706 1777 2022 1514 3110 1660 1714 1315 1880 1926 1635 1530 1363 1635 1898 1128
2125 1755 1292 1223 1594 725 1765 1861 1635 1778 2013 1550 3074 1779 1670 1476 1784 1810 1614 1543 1293 1771 1960 1091
2112 1764 1315 1204 1606 722 1819 1809 1597 1832 2036 1482 3028 1651 1692 1428 1797 1875 1661 1526 1385 1741 1964 1087
2100 1704 1350 1184 1590 719 1812 1809 1642 1804 2078 1506 3051 1642 1727 1476 1854 1840 1618 1513 1516 1683 1991 1100
2068 1732 1352 1240 1519 745 1788 1835 1686 1792 2079 1494 3065 1602 1696 1555 1910 1866 1665 1491 1525 1696 1933 1155
2048 1718 1388 1266 1521 706 1730 1820 1720 1768 2047 1526 3056 1620 1701 1494 1889 1849 1699 1482 1573 1714 1920 1091
2019 1698 1333 1267 1482 735 1680 1786 1709 1767 2095 1498 3124 1682 1696 1442 1915 1866 1665 1495 1529 1718 1915 1073
1995 1729 1367 1271 1509 776 1613 1814 1685 1730 2122 1526 3115 1758 1683 1455 1867 1849 1652 1491 1512 1710 1920 1091
1995 1775 1348 1312 1547 767 1612 1827 1639 1752 2123 1534 3060 1731 1696 1424 1849 1926 1669 1478 1424 1674 1888 1123
1999 1811 1340 1281 1614 762 1662 1865 1669 1790 2157 1522 3069 1766 1679 1424 1863 1918 1669 1521 1416 1679 1942 1069
2019 1809 1299 1251 1611 825 1675 1882 1596 1838 2165 1490 3092 1762 1661 1416 1888 1956 1660 1526 1359 1604 1933 1105
2084 1853 1361 1261 1628 758 1741 1882 1583 1837 2149 1510 3042 1736 1590 1450 1945 1952 1695 1495 1390 1604 1906 1137
2092 1857 1353 1266 1622 768 1774 1878 1680 1791 2115 1486 3069 1723 1621 1424 1967 1973 1691 1543 1328 1555 1906 1100
2084 1849 1340 1251 1591 806 1782 1874 1720 1808 2039 1462 3083 1789 1643 1372 1928 1938 1708 1547 1376 1559 1955 1064
2088 1806 1397 1245 1574 768 1740 1852 1675 1773 2009 1478 3056 1763 1635 1389 1862 1947 1682 1521 1363 1524 1924 1073
2092 1798 1408 1254 1587 727 1719 1868 1754 1779 1995 1494 3056 1709 1612 1446 1928 1909 1657 1543 1363 1546 1955 1078
2056 1775 1391 1302 1582 764 1677 1881 1764 1769 2002 1514 3074 1682 1657 1499 1902 1956 1627 1565 1377 1515 1982 1046
2060 1717 1367 1311 1580 734 1666 1884 1676 1797 1995 1522 3078 1709 1635 1560 1901 1956 1626 1500 1433 1595 2004 1032
2068 1689 1363 1300 1552 700 1657 1828 1640 1770 2063 1534 3083 1642 1568 1590 1966 1939 1665 1508 1438 1630 1977 1073
2092 1725 1338 1264 1548 729 1658 1857 1677 1746 2033 1538 3078 1629 1577 1547 2023 1939 1687 1491 1412 1692 1977 1032
2080 1757 1363 1244 1527 731 1663 1824 1643 1735 2052 1546 3106 1629 1568 1534 1932 1964 1686 1461 1433 1670 1955 1019
2076 1815 1411 1232 1531 718 1689 1790 1648 1732 2046 1534 3065 1665 1529 1499 1910 1879 1699 1482 1446 1705 1932 982
2068 1829 1406 1186 1514 722 1664 1781 1636 1735 2046 1546 3051 1679 1599 1459 1923 1857 1670 1491 1446 1683 1910 1000
2044 1805 1391 1235 1509 748 1664 1811 1632 1682 2047 1550 3069 1687 1639 1455 1875 1857 1584 1547 1429 1657 1915 955
2007 1744 1370 1324 1526 739 1668 1825 1622 1713 2071 1546 3065 1643 1696 1468 1875 1870 1588 1565 1429 1612 1942 987
2011 1768 1339 1329 1561 742 1725 1853 1628 1704 2018 1530 3028 1674 1741 1424 1880 1883 1627 1587 1429 1617 1946 1014
1999 1777 1292 1354 1573 768 1704 1895 1648 1750 2027 1518 3015 1642 1789 1415 1906 1930 1674 1591 1329 1639 1928 1046
1971 1775 1273 1388 1580 806 1704 1879 1710 1741 2090 1506 2983 1642 1741 1433 1902 1934 1669 1621 1307 1679 1906 1055
1991 1783 1309 1301 1584 811 1722 1917 1707 1767 2053 1514 2992 1656 1723 1420 1880 2012 1751 1548 1316 1754 1884 1132
1983 1800 1330 1189 1576 812 1708 1856 1669 1784 2056 1506 3001 1705 1701 1433 1863 1999 1738 1552 1342 1767 1884 1123
1971 1755 1373 1157 1545 795 1646 1840 1635 1785 2111 1534 2983 1691 1723 1463 1902 1990 1708 1552 1394 1851 1901 1132
2060 1796 1306 1288 1578 629 1611 1869 1569 1704 2031 1546 3065 1571 1714 1368 2032 1939 1648 1561 1412 1692 1968 1128
2096 1815 1346 1292 1552 685 1603 1871 1626 1684 2009 1538 3115 1527 1652 1363 1984 1956 1640 1556 1429 1661 1959 1119
2092 1846 1352 1319 1550 676 1682 1895 1632 1702 2036 1494 3119 1483 1643 1381 1958 1947 1678 1556 1416 1608 1937 1182
2112 1813 1431 1342 1485 705 1719 1944 1692 1710 2039 1510 3142 1531 1670 1481 1949 1934 1712 1543 1403 1617 1932 1182
2117 1788 1438 1406 1506 740 1774 1902 1713 1762 1977 1526 3128 1606 1635 1511 1980 1900 1742 1538 1363 1604 1861 1164
2125 1800 1383 1404 1439 695 1782 1945 1653 1713 1976 1558 3087 1638 1688 1573 1928 1887 1721 1538 1263 1590 1897 1141
2121 1800 1350 1408 1426 611 1787 1904 1659 1677 2022 1571 3065 1669 1767 1577 1971 1909 1755 1538 1263 1586 1923 1137
2125 1736 1323 1331 1509 645 1791 1880 1686 1662 2021 1550 3019 1717 1794 1503 1975 1930 1768 1530 1285 1582 1981 1078
2121 1735 1297 1311 1583 625 1799 1855 1614 1638 2017 1538 3006 1740 1794 1463 1966 1862 1687 1526 1289 1604 2052 1064
2112 1706 1277 1284 1630 654 1778 1863 1619 1654 2080 1518 2969 1651 1798 1420 1966 1862 1652 1521 1324 1599 2070 1037
2112 1656 1281 1303 1686 658 1774 1829 1673 1717 2124 1502 3010 1651 1758 1433 1931 1879 1631 1530 1381 1573 2048 1059
2096 1657 1314 1285 1704 678 1774 1861 1643 1720 2087 1490 3028 1615 1794 1398 1901 1870 1631 1517 1377 1573 2030 1091
2072 1694 1299 1378 1636 661 1749 1827 1604 1671 2071 1494 3097 1571 1776 1424 1862 1853 1618 1461 1390 1617 1995 1119
2064 1729 1300 1369 1547 681 1748 1793 1660 1670 2124 1534 3128 1535 1749 1398 1871 1913 1652 1491 1403 1573 1924 1159
2060 1754 1285 1368 1518 694 1670 1746 1631 1569 2096 1550 3156 1585 1758 1463 1919 1922 1631 1491 1372 1559 1933 1173
2048 1801 1315 1339 1462 723 1682 1773 1603 1540 2063 1546 3147 1554 1789 1420 1927 1990 1648 1513 1355 1568 1902 1150
2044 1802 1298 1316 1527 774 1685 1751 1608 1534 2098 1534 3142 1585 1741 1446 1949 1965 1653 1569 1346 1577 1911 1132
2044 1822 1379 1240 1532 774 1672 1798 1643 1536 2114 1534 3142 1638 1745 1419 1984 1977 1682 1613 1337 1542 1942 1119
2064 1751 1345 1230 1598 803 1654 1841 1638 1521 2031 1542 3110 1647 1758 1402 1988 2037 1717 1608 1311 1546 2004 1132
2072 1756 1395 1247 1550 745 1711 1871 1663 1571 2033 1579 3115 1660 1705 1358 1923 2050 1708 1587 1337 1564 2009 1141
2121 1722 1461 1247 1602 716 1674 1925 1677 1613 2035 1579 3147 1660 1692 1306 1940 1998 1759 1561 1342 1577 2084 1178
2145 1702 1435 1259 1565 682 1653 1959 1678 1617 2011 1603 3119 1580 1679 1310 1884 2080 1751 1513 1355 1555 2088 1169
2165 1683 1326 1216 1591 669 1674 1908 1637 1683 2022 1599 3065 1562 1665 1375 1832 2028 1687 1452 1346 1555 2057 1169
2157 1696 1322 1249 1558 643 1657 1827 1642 1672 2044 1558 3083 1563 1683 1362 1797 1947 1699 1426 1329 1568 2012 1105
2177 1668 1275 1234 1607 655 1670 1815 1624 1665 2022 1510 3119 1518 1763 1406 1736 1913 1708 1465 1250 1630 1941 1087
2133 1667 1265 1284 1616 666 1721 1768 1600 1650 2022 1490 3047 1558 1745 1459 1727 1939 1635 1465 1280 1630 1879 1091
2141 1675 1310 1274 1594 686 1712 1772 1557 1674 2031 1482 3074 1634 1789 1442 1732 1870 1657 1474 1254 1617 1830 1119
2133 1626 1387 1313 1543 699 1745 1827 1590 1603 1974 1494 3101 1634 1767 1451 1789 1845 1682 1552 1272 1621 1813 1137
2129 1626 1389 1265 1547 710 1784 1935 1551 1625 1952 1502 3087 1634 1763 1481 1797 1857 1627 1613 1341 1604 1862 1191
2121 1653 1401 1291 1580 710 1795 1945 1564 1695 1952 1486 3015 1616 1718 1464 1906 1836 1627 1639 1372 1630 1893 1164
2080 1757 1299 1288 1678 648 1715 1888 1687 1676 2099 1611 3033 1722 1710 1419 1870 1891 1635 1478 1245 1643 2088 1064
2084 1751 1298 1229 1613 641 1728 1914 1652 1676 2123 1611 3010 1726 1741 1367 1905 1913 1640 1513 1223 1643 2097 1096
2084 1732 1305 1278 1596 638 1758 1884 1621 1653 2111 1571 3006 1748 1718 1341 1831 1883 1644 1456 1188 1639 2172 1123
2108 1713 1310 1279 1538 696 1734 1853 1633 1665 2189 1587 3037 1744 1692 1341 1857 1870 1695 1491 1193 1626 2150 1132
2088 1717 1310 1274 1476 686 1696 1809 1674 1596 2171 1554 3097 1704 1696 1380 1883 1866 1708 1461 1197 1612 2096 1119
2060 1679 1344 1321 1441 668 1697 1779 1665 1614 2095 1510 3083 1642 1692 1376 1888 1836 1768 1474 1188 1635 2127 1105
2036 1653 1384 1366 1449 717 1715 1741 1680 1596 2114 1518 3110 1584 1665 1402 1810 1844 1738 1443 1306 1630 2110 1123
2080 1735 1391 1381 1495 689 1720 1771 1680 1656 2128 1550 3110 1557 1683 1433 1879 1853 1729 1491 1376 1599 2066 1128
2125 1740 1350 1373 1528 719 1744 1848 1657 1634 2098 1542 3097 1539 1718 1485 1853 1845 1682 1560 1390 1568 2053 1087
2153 1773 1309 1344 1536 710 1729 1844 1643 1667 2082 1567 3042 1566 1710 1485 1815 1900 1686 1561 1411 1506 2079 1114
2141 1799 1238 1346 1529 722 1777 1865 1655 1701 2099 1579 3024 1615 1710 1463 1763 1930 1639 1552 1438 1493 2039 1150
2145 1853 1228 1344 1557 659 1744 1825 1694 1720 2064 1562 2969 1664 1732 1428 1802 1832 1592 1600 1394 1436 2039 1146
2141 1833 1245 1320 1548 717 1685 1784 1686 1674 2036 1571 2987 1616 1736 1476 1828 1862 1601 1583 1354 1467 2053 1141
2112 1824 1310 1324 1561 692 1657 1743 1730 1657 1994 1562 2987 1589 1710 1472 1884 1926 1584 1600 1315 1484 2084 1159
2064 1789 1365 1324 1568 625 1685 1776 1739 1638 1993 1514 3001 1572 1732 1472 1875 1891 1636 1635 1311 1533 2066 1173
2068 1787 1412 1354 1545 617 1666 1829 1754 1627 1978 1502 2997 1576 1723 1472 1906 1874 1661 1665 1289 1484 2075 1178
2060 1846 1356 1354 1531 597 1735 1915 1748 1605 2006 1522 3019 1567 1718 1459 1906 1930 1721 1617 1263 1515 2026 1182
2060 1857 1370 1363 1536 584 1731 1983 1746 1630 2033 1526 2997 1594 1723 1407 1888 1921 1700 1630 1267 1529 1964 1164
2015 1880 1378 1365 1493 576 1740 2041 1722 1585 2024 1526 2992 1621 1696 1319 1880 1921 1730 1587 1294 1506 1954 1150
2044 1888 1347 1377 1592 673 1756 2003 1725 1601 1977 1562 2997 1656 1657 1346 1971 1939 1687 1591 1316 1493 1990 1109
2068 1866 1316 1332 1606 653 1751 1979 1700 1590 2005 1567 2956 1651 1639 1302 2019 1922 1691 1561 1289 1502 1968 1096
2064 1746 1343 1318 1600 640 1727 1934 1647 1559 1974 1534 2951 1615 1657 1342 2084 1892 1678 1570 1298 1537 1986 1073
2064 1717 1265 1236 1575 669 1732 1904 1662 1529 1892 1538 2928 1633 1657 1333 2075 1887 1717 1556 1289 1533 2048 1100
2080 1720 1265 1218 1567 659 1723 1826 1647 1573 1885 1558 2956 1611 1701 1389 2027 1870 1708 1521 1280 1489 2088 1146
2088 1697 1271 1178 1520 652 1702 1838 1604 1529 1946 1538 2978 1607 1727 1337 2010 1874 1691 1504 1263 1502 2048 1178
2084 1694 1253 1203 1579 620 1673 1819 1600 1493 1941 1514 3006 1625 1771 1407 1962 1938 1678 1509 1258 1529 2083 1146
2072 1757 1289 1244 1559 674 1673 1837 1630 1518 1951 1522 3019 1603 1749 1324 1918 2024 1682 1508 1236 1506 2101 1128
2060 1759 1328 1327 1549 688 1694 1854 1604 1475 2030 1526 3028 1594 1727 1389 1918 2050 1674 1522 1241 1515 2079 1100
2072 1736 1282 1344 1552 723 1712 1919 1626 1494 2041 1498 3019 1607 1688 1385 1897 2033 1657 1561 1210 1537 2070 1073
2048 1834 1326 1411 1494 680 1708 1936 1678 1556 2014 1530 3033 1571 1679 1428 1853 2050 1691 1539 1171 1537 2083 1059
2023 1724 1356 1336 1547 656 1667 1877 1676 1745 2016 1530 3074 1633 1705 1245 1828 1904 1640 1573 1359 1657 1929 1128
2027 1760 1381 1311 1535 640 1704 1880 1655 1731 2011 1538 3033 1642 1696 1267 1828 1862 1584 1556 1424 1718 1951 1173
2076 1761 1389 1322 1504 643 1692 1885 1665 1803 1998 1530 3083 1580 1727 1306 1854 1853 1597 1504 1394 1732 1964 1169
2052 1703 1396 1371 1494 630 1679 1896 1654 1771 2026 1502 3028 1549 1683 1389 1936 1883 1597 1530 1420 1745 1959 1219
2072 1726 1319 1379 1487 709 1692 1848 1706 1741 2012 1514 3019 1615 1652 1437 1945 1896 1576 1543 1359 1710 1959 1205
2088 1773 1323 1383 1512 671 1650 1877 1713 1776 2024 1514 3056 1593 1736 1503 1975 1862 1584 1504 1367 1661 1906 1182
2080 1832 1314 1373 1537 701 1662 1840 1655 1762 2024 1510 3078 1576 1736 1476 1980 1866 1597 1456 1368 1577 1915 1164
2048 1854 1287 1372 1533 755 1617 1824 1697 1736 2039 1498 3028 1629 1723 1481 1940 1904 1584 1469 1368 1621 1928 1128
2068 1913 1286 1312 1559 701 1626 1804 1672 1762 2003 1538 3037 1647 1732 1442 1906 1887 1579 1447 1398 1635 1879 1082
2036 1906 1323 1323 1546 645 1619 1843 1645 1728 2070 1538 3028 1607 1732 1424 1919 1935 1609 1452 1464 1617 1884 1037
2003 1899 1308 1331 1542 662 1668 1831 1602 1685 2102 1546 3001 1572 1683 1407 1863 1948 1588 1452 1442 1674 1906 1014
1999 1829 1283 1348 1529 620 1672 1844 1688 1759 2101 1530 3019 1545 1639 1415 1797 1956 1609 1456 1429 1727 1915 982
2040 1801 1295 1355 1542 565 1697 1864 1666 1737 2159 1562 3056 1514 1665 1359 1780 1909 1665 1517 1455 1732 1888 1023
2036 1817 1292 1371 1516 587 1705 1869 1669 1753 2155 1538 3060 1540 1657 1341 1806 1935 1657 1556 1376 1758 1976 1032
2044 1805 1332 1347 1489 600 1658 1822 1653 1805 2108 1558 3083 1549 1710 1341 1802 1922 1627 1578 1350 1718 2003 1050
2068 1793 1336 1341 1495 608 1637 1810 1741 1819 2063 1558 3106 1611 1705 1328 1823 1913 1635 1582 1337 1670 1968 1082
2076 1809 1330 1292 1465 621 1671 1831 1715 1763 2053 1587 3110 1602 1758 1324 1901 1977 1644 1591 1263 1626 1986 1109
2052 1771 1271 1302 1474 662 1688 1823 1718 1777 1975 1514 3119 1633 1776 1367 1940 1990 1593 1578 1241 1590 1968 1109
2068 1809 1296 1315 1491 663 1645 1793 1745 1800 1938 1514 3142 1660 1771 1398 1910 1994 1618 1539 1276 1551 1973 1109
2064 1812 1258 1306 1534 660 1638 1804 1783 1810 1917 1514 3151 1624 1745 1398 1880 1947 1636 1517 1289 1648 1982 1109
2052 1831 1256 1311 1532 668 1647 1791 1733 1831 1930 1494 3133 1606 1701 1424 1893 1917 1644 1499 1267 1688 1982 1119
2023 1850 1280 1410 1566 681 1655 1798 1713 1855 1942 1466 3074 1624 1714 1411 1841 1887 1627 1508 1311 1723 1924 1123
2027 1877 1319 1419 1562 705 1662 1761 1705 1835 1981 1542 3060 1629 1643 1380 1815 1939 1618 1478 1280 1736 1955 1114
2007 1777 1302 1406 1565 720 1703 1765 1667 1838 1989 1538 3037 1638 1635 1332 1802 1900 1579 1439 1254 1714 1901 1137
2003 1741 1288 1401 1531 750 1719 1792 1609 1802 1989 1526 3033 1642 1661 1350 1793 1887 1554 1448 1237 1692 1883 1146
2036 1720 1305 1421 1507 720 1669 1813 1647 1826 1985 1534 3006 1669 1688 1349 1793 1853 1541 1448 1263 1652 1923 1119
2072 1679 1295 1357 1472 703 1624 1842 1684 1817 1969 1595 3087 1749 1639 1393 1827 1810 1549 1469 1232 1674 1946 1119
2080 1723 1298 1338 1493 674 1637 1867 1693 1874 1945 1542 3092 1766 1635 1428 1810 1776 1580 1499 1193 1714 1924 1091
2117 1750 1263 1278 1514 680 1640 1845 1668 1823 1968 1554 3092 1757 1670 1423 1784 1754 1588 1551 1236 1758 1964 1055
2141 1780 1269 1290 1542 691 1707 1832 1673 1831 2029 1542 3065 1811 1648 1467 1818 1750 1584 1543 1254 1763 1937 1078
1991 1705 1312 1072 1470 811 1642 1836 1635 1747 2116 1506 3047 1722 1705 1442 1858 1981 1712 1504 1473 1855 1933 1150
2003 1738 1312 1071 1489 757 1667 1865 1640 1733 2106 1502 3078 1718 1705 1376 1876 1986 1721 1500 1438 1780 1910 1146
1995 1772 1320 1108 1518 786 1612 1900 1667 1713 2167 1498 3056 1704 1705 1380 1954 1921 1687 1526 1442 1723 1946 1119
2036 1777 1253 1171 1542 798 1613 1952 1689 1700 2171 1466 3051 1740 1688 1363 1910 1926 1661 1491 1481 1718 1955 1137
2040 1820 1180 1258 1549 781 1660 1965 1708 1711 2144 1430 3074 1699 1665 1345 1915 1960 1700 1491 1429 1683 1897 1082
2036 1880 1274 1288 1612 706 1665 1943 1652 1708 2129 1426 3037 1642 1754 1367 1940 1964 1648 1534 1416 1639 1906 1123
2096 1888 1285 1331 1632 701 1670 1931 1583 1756 2089 1434 3060 1624 1736 1415 1940 1943 1635 1534 1451 1643 1928 1137
2100 1872 1312 1351 1610 655 1683 1883 1537 1790 2082 1442 3065 1615 1785 1468 1910 1973 1597 1521 1459 1657 1884 1128
2064 1861 1410 1372 1614 604 1750 1857 1549 1800 2042 1450 3074 1602 1732 1455 1945 1999 1605 1521 1424 1652 1839 1137
2084 1834 1430 1344 1627 592 1733 1858 1535 1868 2056 1462 3074 1651 1798 1429 1941 1960 1614 1508 1468 1604 1915 1164
2072 1788 1377 1368 1694 588 1721 1867 1594 1878 2067 1526 3065 1651 1741 1415 1980 1960 1592 1486 1468 1635 1928 1123
2040 1794 1434 1373 1651 558 1712 1875 1603 1832 2013 1510 3019 1652 1754 1381 1958 2007 1622 1460 1437 1635 1977 1155
2084 1770 1411 1331 1660 571 1740 1910 1598 1771 1941 1510 3047 1656 1736 1376 2001 1960 1614 1464 1411 1617 2012 1150
2092 1799 1338 1359 1656 580 1673 1922 1569 1742 1993 1530 3056 1616 1794 1403 2005 1935 1648 1499 1481 1626 2034 1150
2072 1755 1374 1366 1596 575 1655 1917 1590 1680 2010 1522 3074 1607 1749 1407 2036 1939 1601 1504 1433 1661 2026 1150
2088 1736 1404 1370 1569 613 1671 1933 1563 1715 2010 1534 3083 1638 1741 1398 1949 1905 1614 1534 1415 1573 2003 1150
2104 1740 1391 1343 1594 664 1671 1921 1632 1692 2055 1562 3110 1664 1732 1424 1932 1862 1610 1512 1433 1586 1994 1105
2060 1748 1381 1373 1565 689 1679 1850 1677 1750 2109 1558 3087 1687 1674 1402 1880 1943 1669 1500 1415 1635 1999 1109
2044 1725 1457 1355 1559 731 1701 1830 1725 1777 2123 1554 3097 1691 1688 1398 1828 1947 1648 1473 1363 1630 2008 1123
2032 1759 1440 1373 1615 773 1739 1813 1741 1755 2085 1571 3092 1647 1714 1389 1806 1973 1614 1460 1367 1621 1968 1128
2019 1720 1453 1326 1568 781 1735 1807 1697 1710 2079 1518 3110 1616 1727 1406 1841 1994 1635 1486 1380 1736 1946 1087
2011 1690 1400 1348 1553 752 1685 1819 1623 1771 2071 1486 3074 1572 1718 1411 1897 1986 1690 1499 1420 1776 1946 1073
2007 1691 1386 1355 1589 726 1677 1815 1541 1750 2071 1502 3051 1523 1785 1393 1893 1943 1708 1499 1407 1714 1941 1073
2015 1766 1357 1340 1620 692 1688 1833 1505 1733 2037 1514 3033 1487 1780 1376 1988 1939 1759 1543 1341 1736 1946 1055
2032 1811 1370 1323 1574 667 1720 1855 1455 1728 2024 1518 3056 1509 1714 1389 1940 1849 1828 1573 1350 1732 1982 1050
1995 1835 1346 1374 1569 660 1678 1845 1493 1719 2004 1546 3015 1522 1705 1394 1953 1892 1858 1547 1342 1661 2026 1087
1979 1817 1362 1362 1567 662 1737 1849 1491 1696 2026 1571 3010 1553 1732 1402 1958 1887 1794 1573 1289 1643 2017 1128
2015 1827 1383 1374 1530 659 1653 1878 1520 1705 1971 1615 3033 1598 1705 1437 1988 1870 1734 1617 1298 1688 2026 1105
2011 1796 1332 1379 1510 626 1620 1844 1504 1708 1992 1583 3019 1602 1705 1416 1984 1879 1674 1608 1329 1648 1994 1096
2023 1769 1309 1319 1515 596 1574 1891 1542 1682 2030 1575 3019 1580 1741 1416 1984 1981 1653 1586 1350 1661 2025 1128
2080 1612 1357 1234 1576 702 1735 1956 1572 1711 1975 1526 3074 1527 1741 1407 1915 1802 1618 1686 1315 1630 1951 1105
2052 1643 1276 1263 1635 714 1744 1921 1635 1695 1982 1522 3042 1527 1705 1463 1932 1806 1622 1656 1359 1661 1955 1064
2056 1712 1241 1269 1693 751 1695 1930 1624 1708 2035 1522 3060 1495 1771 1437 1897 1900 1609 1586 1333 1643 1910 1087
2044 1710 1296 1331 1737 719 1639 1935 1663 1698 2073 1526 3047 1496 1736 1468 1884 1909 1592 1547 1289 1652 1893 1059
2011 1735 1317 1321 1665 716 1576 1949 1634 1624 2100 1558 3056 1522 1763 1424 1840 1973 1618 1508 1285 1608 1972 1105
2076 1815 1325 1373 1648 765 1626 1903 1647 1609 2038 1538 3037 1584 1771 1468 1827 1969 1682 1465 1311 1599 1923 1169
2064 1804 1348 1373 1581 708 1664 1937 1590 1660 2000 1558 3069 1647 1842 1393 1862 1943 1652 1452 1315 1568 2025 1141
2032 1731 1381 1402 1543 653 1684 1967 1584 1705 2003 1554 3069 1651 1771 1363 1889 1939 1669 1426 1333 1564 2052 1096
2027 1762 1392 1386 1513 683 1711 1926 1561 1704 1975 1562 3147 1637 1794 1327 1923 1926 1682 1417 1329 1555 2025 1105
2036 1753 1392 1335 1553 699 1761 1927 1571 1718 2003 1546 3192 1664 1798 1262 1923 1879 1661 1421 1368 1542 1985 1105
1987 1730 1374 1337 1547 642 1752 1944 1536 1718 2014 1546 3192 1687 1776 1223 1932 1866 1605 1469 1346 1533 1976 1082
1999 1756 1397 1321 1566 658 1694 1936 1572 1695 2057 1534 3160 1664 1696 1284 1940 1853 1605 1482 1329 1586 1928 1114
2007 1814 1326 1320 1583 681 1690 1889 1614 1651 2077 1534 3128 1718 1767 1319 1932 1840 1558 1508 1350 1621 1971 1114
2019 1857 1301 1308 1587 647 1702 1859 1620 1694 2055 1518 3060 1736 1754 1341 1897 1853 1584 1547 1372 1621 1998 1128
1971 1877 1259 1337 1583 660 1694 1863 1600 1652 2010 1542 3024 1723 1710 1446 1875 1896 1562 1517 1320 1573 1993 1105
2003 1843 1285 1300 1576 648 1678 1862 1617 1605 2062 1534 3024 1723 1674 1485 1827 1921 1584 1422 1350 1577 1993 1105
2003 1834 1304 1291 1637 659 1705 1880 1622 1546 2057 1538 3037 1691 1617 1503 1789 1930 1507 1469 1306 1564 1980 1114
2011 1812 1372 1282 1599 667 1781 1867 1619 1533 2077 1538 3047 1652 1559 1494 1767 1934 1524 1495 1285 1529 1954 1128
1987 1756 1340 1271 1628 672 1757 1875 1642 1510 2133 1534 3051 1612 1551 1472 1784 1990 1580 1422 1293 1568 1976 1128
2040 1740 1361 1269 1628 643 1769 1874 1663 1581 2183 1534 3110 1611 1564 1472 1806 1977 1605 1478 1280 1590 1967 1146
2036 1757 1315 1298 1633 659 1774 1908 1701 1589 2162 1538 3119 1581 1599 1507 1889 1947 1614 1509 1272 1564 1998 1191
2019 1751 1294 1342 1566 665 1766 1852 1691 1635 2121 1534 3110 1567 1705 1498 1858 1947 1687 1478 1320 1537 2003 1187
1975 1796 1289 1313 1629 636 1661 1899 1717 1654 2094 1567 3115 1550 1670 1476 1862 1951 1734 1431 1298 1559 1998 1196
1987 1812 1262 1357 1619 686 1706 1940 1685 1660 2065 1595 3124 1523 1665 1493 1810 1875 1661 1500 1272 1529 2003 1173
1995 1790 1271 1349 1595 694 1744 1924 1678 1646 2020 1591 3069 1528 1679 1489 1810 1892 1648 1465 1337 1529 2016 1173
1967 1790 1337 1332 1579 655 1729 1900 1614 1620 2032 1615 3087 1616 1714 1480 1832 1926 1670 1522 1337 1590 2030 1132
1999 1767 1326 1316 1616 646 1712 1904 1633 1630 2025 1611 3106 1656 1657 1498 1871 1926 1704 1509 1267 1626 2065 1109
2027 1711 1302 1321 1573 633 1745 1886 1608 1650 2029 1583 3097 1687 1710 1507 1901 1917 1670 1573 1280 1612 2056 1069
2019 1724 1305 1293 1586 541 1744 1854 1644 1635 2020 1567 3065 1771 1745 1489 1923 1943 1674 1513 1267 1674 2025 1078
2019 1730 1308 1323 1627 572 1723 1901 1647 1677 2065 1579 3037 1793 1727 1424 1923 1896 1691 1508 1219 1661 2083 1059
2032 1868 1333 1414 1456 689 1734 1979 1697 1582 2051 1554 3051 1580 1674 1437 1923 1999 1696 1552 1176 1551 2029 1105
2084 1814 1307 1368 1467 702 1691 1957 1719 1578 2075 1562 3042 1624 1688 1463 1875 1994 1619 1535 1167 1559 2038 1123
2060 1796 1311 1355 1506 719 1687 1911 1693 1639 2045 1538 3028 1678 1727 1411 1932 1964 1610 1518 1163 1551 2043 1164
2084 1773 1334 1339 1553 673 1665 1886 1683 1631 2051 1522 3060 1696 1736 1415 1984 1956 1640 1509 1193 1542 2047 1146
2088 1705 1283 1301 1562 669 1577 1848 1654 1555 2074 1486 3037 1719 1763 1376 1992 1947 1601 1496 1228 1551 2034 1119
2072 1680 1294 1305 1579 740 1582 1852 1670 1532 2020 1490 3078 1718 1763 1385 1936 1969 1601 1544 1237 1542 2052 1082
2003 1771 1277 1349 1604 720 1611 1908 1668 1531 2046 1514 3119 1710 1741 1442 1940 1926 1669 1553 1267 1546 1963 1059
1983 1779 1307 1362 1579 683 1574 1954 1680 1513 2048 1518 3210 1674 1718 1429 1858 1930 1661 1566 1241 1582 1972 1046
1971 1832 1361 1367 1601 757 1546 1983 1703 1490 2017 1534 3169 1674 1732 1424 1853 1926 1652 1531 1267 1643 1901 1064
1995 1846 1376 1421 1609 747 1625 1980 1719 1490 1972 1534 3183 1669 1683 1442 1858 1887 1657 1514 1267 1652 1946 1078
2007 1868 1385 1413 1604 718 1596 1972 1705 1469 1974 1498 3133 1660 1679 1420 1893 1874 1644 1457 1263 1705 1950 1064
2060 1822 1400 1390 1591 726 1587 1937 1706 1491 1960 1490 3119 1651 1688 1468 1949 1870 1687 1431 1249 1692 2034 1041
2064 1822 1369 1403 1588 734 1608 1899 1773 1524 2007 1506 3056 1660 1688 1516 1979 1883 1691 1439 1306 1674 1977 1037
2032 1818 1275 1448 1515 718 1670 1891 1694 1515 2053 1502 3056 1629 1696 1498 2023 1849 1695 1461 1289 1692 2021 1046
2032 1839 1281 1413 1522 773 1686 1873 1684 1549 2142 1530 3019 1660 1718 1524 2001 1844 1661 1496 1298 1683 1972 1023
2036 1818 1361 1416 1551 765 1700 1853 1664 1583 2178 1542 3083 1669 1741 1502 1949 1874 1725 1505 1333 1652 1937 1073
2019 1840 1373 1416 1574 761 1705 1886 1677 1556 2161 1542 3074 1705 1754 1437 1849 1870 1678 1513 1390 1696 1906 1073
2040 1847 1379 1374 1572 691 1716 1952 1652 1552 2142 1542 3087 1718 1754 1419 1862 1904 1635 1487 1342 1718 1963 1005
2027 1810 1446 1313 1622 624 1716 1975 1692 1584 2129 1587 3106 1696 1780 1423 1788 1926 1674 1444 1346 1701 1914 964
1999 1743 1423 1320 1636 607 1646 2047 1705 1624 2113 1615 3147 1683 1767 1375 1775 1977 1721 1496 1316 1732 1937 1000
1991 1750 1339 1328 1602 623 1634 2046 1662 1638 2102 1659 3115 1669 1714 1432 1775 1934 1618 1483 1285 1749 1951 964
2003 1664 1330 1320 1634 656 1646 2035 1605 1639 2110 1663 3115 1683 1714 1363 1810 2003 1618 1483 1250 1732 1902 1000
1991 1691 1297 1352 1615 719 1710 2003 1613 1700 2119 1699 3087 1678 1696 1354 1793 1930 1661 1504 1263 1692 1884 1073
2007 1725 1284 1362 1610 778 1676 1920 1649 1801 2102 1643 3015 1705 1604 1376 1776 1960 1644 1517 1276 1736 1884 1059
2019 1735 1304 1329 1568 748 1768 1933 1671 1786 2053 1603 2969 1714 1612 1376 1823 1964 1635 1439 1364 1758 1826 1064
2027 1706 1287 1296 1535 744 1796 1941 1718 1783 2057 1567 2960 1759 1635 1328 1871 1990 1665 1448 1359 1736 1786 1073
2015 1793 1309 1296 1531 745 1792 1973 1790 1751 2058 1550 2965 1723 1643 1411 1932 1956 1674 1431 1337 1763 1852 1078
2015 1753 1342 1263 1583 736 1741 1950 1726 1754 2023 1502 2992 1714 1635 1433 1945 1969 1691 1435 1346 1847 1822 1050
1979 1734 1358 1245 1597 726 1753 1969 1695 1733 2046 1534 3042 1736 1679 1477 2014 1964 1695 1431 1325 1785 1893 1078
1971 1769 1357 1275 1606 801 1723 1881 1648 1725 2085 1542 3074 1727 1692 1538 1993 1956 1713 1461 1193 1736 1901 1105
2088 1702 1336 1272 1535 821 1731 1929 1659 1601 2040 1591 3074 1767 1648 1450 1910 1878 1708 1509 1328 1723 1897 1082
2108 1745 1382 1265 1508 797 1727 1957 1637 1585 2016 1603 3069 1727 1705 1454 1910 1917 1721 1565 1311 1723 1862 1069
2108 1772 1392 1262 1535 739 1719 1959 1658 1625 2014 1607 3083 1682 1701 1446 1931 1917 1755 1570 1267 1736 1875 1023
2100 1795 1397 1316 1521 731 1732 1997 1672 1630 2057 1607 3033 1651 1714 1455 1927 1956 1760 1557 1263 1736 1897 1000
2064 1827 1434 1343 1514 719 1752 2018 1664 1614 2009 1615 3010 1629 1696 1415 1888 1917 1755 1552 1245 1688 1915 1005
2056 1838 1442 1357 1523 714 1765 2014 1693 1624 2024 1591 3024 1602 1701 1380 1884 1930 1760 1526 1189 1670 1924 1055
2052 1799 1354 1369 1561 703 1743 2016 1703 1607 2056 1550 3042 1718 1714 1419 1897 1909 1764 1500 1210 1630 1968 1028
2052 1811 1340 1369 1607 686 1719 2032 1682 1607 2075 1571 3019 1753 1696 1424 1867 1947 1734 1500 1228 1612 1892 1037
2072 1802 1280 1326 1560 715 1723 2014 1695 1576 2087 1571 3056 1798 1688 1389 1880 1943 1751 1479 1206 1612 1870 1055
2044 1785 1276 1322 1567 728 1749 1985 1699 1596 2138 1562 3056 1744 1727 1450 1884 1986 1773 1435 1210 1608 1910 1050
2064 1792 1298 1263 1541 749 1753 2002 1698 1583 2105 1558 3033 1758 1723 1476 1897 1960 1738 1453 1250 1626 1932 1064
2052 1787 1343 1287 1525 777 1767 1984 1690 1619 2077 1530 3010 1625 1727 1459 1880 1986 1751 1435 1241 1626 1910 1091
2060 1716 1392 1281 1485 752 1803 1954 1726 1648 2094 1530 3015 1634 1754 1472 1858 1964 1781 1461 1250 1648 1981 996
2040 1691 1406 1290 1533 752 1783 1942 1701 1674 2131 1530 3024 1603 1749 1494 1841 1913 1776 1509 1280 1670 2017 1000
2064 1694 1401 1287 1504 718 1749 1949 1665 1749 2188 1526 3074 1665 1718 1380 1832 1870 1746 1522 1293 1714 2012 978
2076 1692 1376 1293 1534 697 1754 1940 1624 1756 2214 1518 3078 1656 1736 1367 1840 1883 1742 1444 1297 1705 2003 973
2121 1717 1396 1234 1534 697 1782 1929 1623 1766 2226 1554 3151 1722 1723 1336 1853 1896 1712 1435 1311 1679 2012 973
2121 1749 1312 1240 1562 701 1762 1938 1562 1757 2220 1534 3128 1727 1714 1319 1923 1904 1712 1409 1337 1665 2016 1059
2117 1812 1340 1231 1542 655 1753 1937 1562 1724 2231 1534 3097 1700 1749 1266 1914 1981 1704 1353 1359 1621 1972 1059
2092 1814 1336 1244 1545 668 1777 1958 1597 1679 2160 1530 3124 1705 1736 1350 1923 1973 1712 1370 1359 1582 1963 1082
2096 1801 1326 1240 1549 657 1773 1937 1598 1689 2159 1522 3160 1722 1718 1341 1971 1973 1708 1439 1376 1586 1976 1100
2052 1781 1314 1269 1563 664 1748 1980 1628 1733 2173 1510 3087 1723 1683 1358 1958 1934 1712 1422 1385 1608 1972 1137
2048 1820 1375 1292 1571 693 1761 1997 1594 1699 2172 1502 3101 1678 1692 1341 1897 1917 1687 1426 1376 1626 1945 1137
2060 1769 1337 1288 1604 715 1770 2001 1602 1716 2120 1470 3119 1700 1617 1362 1906 1891 1687 1470 1363 1661 1955 1114
2084 1793 1312 1308 1600 703 1769 2019 1620 1665 2130 1466 3092 1673 1621 1354 1923 1913 1661 1448 1363 1612 1977 1119
2056 1780 1308 1343 1612 710 1769 2027 1644 1682 2148 1466 3051 1678 1626 1363 1854 1917 1700 1474 1359 1573 1959 1082
2072 1780 1259 1361 1590 723 1785 1998 1651 1681 2132 1494 3024 1669 1665 1367 1862 1917 1682 1479 1337 1595 1959 1073
2076 1725 1236 1378 1564 740 1764 1982 1720 1687 2119 1474 3047 1696 1639 1402 1910 1925 1683 1440 1320 1599 1986 1059
2076 1726 1262 1371 1544 760 1768 1990 1740 1727 2118 1462 3042 1687 1718 1407 1915 1921 1687 1388 1302 1577 2021 1064
2060 1708 1321 1352 1560 785 1707 1903 1716 1744 2113 1454 3033 1683 1723 1450 1888 1930 1695 1392 1293 1626 1999 1032
2064 1744 1313 1348 1554 731 1706 1863 1728 1729 2092 1470 3051 1678 1758 1441 1923 1925 1683 1371 1289 1665 2008 1041
2072 1762 1338 1357 1559 710 1677 1859 1745 1670 2112 1490 3101 1709 1732 1489 1875 1930 1687 1366 1293 1612 2017 1005
2056 1804 1338 1298 1576 706 1690 1871 1732 1670 2114 1514 3101 1696 1763 1520 1845 1934 1695 1418 1285 1542 2026 1009
2044 1836 1333 1302 1584 715 1674 1858 1733 1636 2114 1558 3124 1669 1771 1515 1858 1887 1682 1470 1285 1524 2035 982
2068 1853 1324 1332 1580 690 1674 1928 1740 1685 2101 1567 3128 1629 1754 1498 1862 1883 1704 1483 1289 1524 2048 987
2060 1827 1340 1292 1580 761 1654 1974 1732 1655 2118 1591 3106 1621 1741 1533 1871 1879 1687 1513 1232 1537 2048 991
2060 1827 1336 1306 1614 753 1687 1953 1699 1672 2121 1567 3142 1603 1771 1524 1940 1887 1717 1531 1254 1586 2035 996
2068 1798 1362 1332 1602 757 1666 1884 1741 1654 2119 1591 3133 1620 1741 1538 1932 1874 1730 1505 1272 1626 2044 982
2052 1778 1353 1305 1585 715 1699 1880 1767 1644 2093 1615 3119 1643 1692 1533 1936 1926 1661 1501 1272 1643 2004 1009
2040 1796 1326 1266 1598 728 1756 1869 1780 1601 2069 1615 3065 1665 1736 1524 1988 1917 1653 1492 1259 1643 2026 1032
2036 1818 1322 1259 1582 757 1760 1864 1805 1617 2040 1583 3069 1682 1736 1507 1923 1840 1661 1475 1263 1630 2031 1019
2019 1858 1339 1216 1545 791 1777 1856 1837 1580 2010 1591 3019 1633 1718 1481 1884 1819 1614 1475 1259 1661 2044 1023
2027 1911 1334 1192 1520 773 1786 1897 1804 1619 2004 1558 3019 1638 1749 1419 1888 1827 1597 1505 1250 1688 2026 1109
2040 1890 1352 1281 1549 731 1765 1888 1792 1626 2009 1518 3024 1651 1776 1419 1879 1835 1657 1500 1263 1674 2048 1105
2036 1812 1359 1335 1540 739 1748 1863 1774 1639 2032 1506 3060 1634 1732 1481 1788 1831 1649 1513 1245 1683 2017 1000
2040 1807 1365 1372 1531 673 1782 1850 1761 1654 2062 1502 3087 1616 1732 1476 1880 1917 1661 1474 1333 1679 2008 1023
2040 1766 1307 1398 1523 630 1790 1880 1745 1671 2083 1494 3119 1634 1736 1503 1892 1917 1704 1444 1324 1635 1999 1009
2032 1739 1311 1433 1551 621 1807 1885 1752 1638 2035 1482 3110 1616 1776 1516 1892 1926 1717 1461 1337 1621 2049 919
2060 1773 1310 1370 1544 689 1815 1902 1715 1605 2039 1462 3069 1625 1754 1485 1910 1926 1721 1453 1324 1635 2040 864
2068 1784 1334 1328 1519 677 1757 1948 1711 1601 2014 1486 3042 1638 1776 1428 1953 1934 1726 1448 1373 1635 1995 964
2080 1778 1338 1317 1527 681 1694 1949 1703 1569 1983 1478 3028 1647 1776 1424 1932 1943 1713 1452 1377 1679 1960 950
2080 1793 1343 1300 1501 702 1651 1965 1685 1608 1961 1482 3010 1669 1763 1397 1884 1990 1704 1461 1416 1657 1982 946
2084 1749 1353 1266 1540 732 1639 1947 1695 1629 1978 1506 3019 1678 1732 1393 1901 1969 1730 1440 1403 1599 1924 982
2064 1739 1322 1276 1536 769 1660 1937 1724 1659 1970 1542 3042 1634 1780 1428 1884 1968 1756 1457 1399 1586 1906 978
2088 1772 1317 1244 1578 778 1690 1895 1681 1627 1992 1554 3069 1651 1794 1428 1901 1951 1794 1436 1372 1590 1914 969
2104 1778 1324 1246 1598 799 1707 1920 1700 1614 1994 1562 3078 1674 1785 1437 1884 1908 1803 1479 1346 1559 1964 969
2092 1768 1383 1268 1685 774 1745 1922 1701 1567 1998 1550 3124 1643 1811 1459 1884 1896 1820 1514 1311 1582 1941 973
2084 1808 1361 1306 1565 714 1781 1930 1712 1553 2033 1554 3160 1651 1780 1472 1832 1913 1773 1522 1324 1635 1924 955
2072 1816 1416 1328 1536 647 1798 1957 1690 1540 2058 1546 3174 1695 1754 1524 1849 1883 1648 1561 1333 1639 1919 1032
2015 1815 1407 1287 1510 614 1830 2011 1725 1554 1978 1534 3183 1647 1758 1502 1814 1900 1609 1596 1307 1626 1955 1041
2048 1681 1370 1318 1586 714 1683 1881 1699 1585 1912 1470 3069 1714 1718 1467 1888 1874 1679 1501 1220 1626 1990 987
2027 1732 1341 1297 1582 718 1674 1881 1701 1601 1948 1478 3047 1758 1723 1437 1918 1853 1700 1522 1224 1590 1955 996
1991 1779 1302 1313 1540 705 1612 1877 1733 1520 1997 1486 3042 1807 1741 1397 1945 1891 1739 1514 1215 1590 1924 996
1975 1784 1289 1312 1565 718 1607 1908 1754 1419 2009 1410 3056 1789 1736 1388 1918 1862 1721 1492 1237 1586 1978 1000
1975 1806 1220 1291 1611 682 1636 1911 1788 1414 2081 1402 3033 1794 1745 1393 1905 1853 1798 1501 1285 1590 1942 987
1975 1832 1246 1325 1611 756 1660 1923 1862 1286 2081 1422 3065 1798 1745 1362 1927 1836 1781 1479 1316 1604 1933 991
1995 1826 1266 1346 1589 760 1677 1923 1883 1309 2080 1422 3069 1785 1763 1358 1888 1831 1734 1444 1351 1604 1960 1041
2036 1833 1287 1347 1602 806 1703 1910 1854 1424 2047 1426 3056 1722 1767 1393 1871 1772 1704 1453 1377 1599 1968 1055
2040 1796 1287 1326 1586 789 1736 1896 1851 1483 2043 1522 3074 1691 1785 1393 1884 1780 1730 1461 1337 1639 1969 1059
2052 1804 1376 1343 1602 732 1699 1912 1816 1504 2042 1526 3074 1695 1771 1411 1888 1750 1730 1487 1346 1604 1969 1073
2032 1775 1379 1305 1602 703 1762 1887 1768 1611 2056 1534 3069 1722 1829 1384 1914 1754 1756 1509 1333 1612 1973 1096
2040 1778 1331 1294 1645 691 1762 1943 1755 1562 2046 1546 3078 1713 1767 1371 1927 1733 1756 1561 1316 1595 1955 1050
2032 1797 1332 1255 1669 653 1796 1910 1739 1549 2042 1542 3101 1713 1705 1371 1940 1758 1764 1565 1307 1626 1955 1041
2032 1833 1316 1206 1642 658 1763 1876 1717 1520 2041 1530 3097 1740 1683 1397 1979 1771 1734 1583 1337 1608 1982 1055
2040 1813 1332 1180 1601 678 1775 1789 1735 1511 2029 1526 3115 1749 1679 1375 1992 1823 1747 1570 1333 1639 1986 1037
2060 1811 1316 1155 1605 738 1792 1784 1702 1507 2050 1518 3097 1709 1630 1410 1966 1870 1742 1565 1337 1635 1973 978
2072 1776 1354 1178 1570 742 1800 1747 1719 1529 2047 1510 3124 1691 1665 1428 1962 1900 1794 1535 1311 1665 1938 964
2072 1721 1345 1160 1533 755 1762 1785 1745 1556 2069 1494 3101 1704 1683 1402 1971 1896 1798 1548 1285 1639 1924 955
2080 1687 1361 1243 1577 742 1796 1818 1780 1470 2084 1486 3069 1673 1688 1371 1928 1883 1790 1535 1281 1626 1915 950
2068 1724 1342 1252 1578 742 1804 1930 1788 1480 2071 1482 3056 1673 1670 1398 1923 1887 1747 1518 1276 1586 1920 978
2076 1783 1350 1287 1552 687 1745 1931 1800 1485 2024 1454 3074 1687 1679 1393 1923 1887 1756 1474 1276 1630 1817 1037
2076 1827 1323 1299 1603 699 1720 1927 1783 1471 2021 1450 3051 1700 1665 1415 1889 1866 1717 1448 1285 1648 1840 1046
2068 1844 1319 1343 1611 704 1736 1934 1769 1457 2006 1470 3051 1691 1710 1384 1845 1891 1704 1431 1337 1652 1817 1055
2052 1852 1305 1285 1614 711 1753 1921 1782 1577 1999 1482 3069 1682 1674 1411 1858 1943 1717 1435 1329 1710 1804 1014
2060 1848 1309 1253 1580 703 1749 1909 1807 1592 2014 1486 3092 1691 1679 1393 1875 1934 1726 1409 1355 1763 1787 964
2056 1783 1288 1225 1593 739 1721 1896 1855 1611 2009 1514 3060 1665 1652 1384 1854 1930 1704 1453 1359 1758 1893 969
2040 1788 1332 1220 1534 748 1696 1904 1868 1574 2022 1506 3069 1638 1688 1328 1880 1930 1704 1479 1359 1776 1942 923
2032 1785 1336 1201 1534 723 1662 1922 1881 1565 2020 1506 3069 1624 1679 1371 1966 1891 1700 1448 1355 1789 1947 923
2015 1769 1360 1232 1530 728 1660 1968 1805 1549 1997 1530 3078 1656 1701 1345 1949 1840 1674 1427 1363 1727 1952 937
1975 1735 1385 1242 1561 719 1655 1963 1837 1527 2003 1518 3069 1638 1727 1363 2019 1836 1704 1448 1342 1723 1956 964
2056 1716 1323 1323 1572 791 1573 1745 2313 1760 1979 1554 2992 1660 1520 1354 1780 1977 1820 1402 908 1551 2043 1087
2104 1770 1285 1301 1581 824 1603 1699 2377 1804 2016 1538 2983 1687 1577 1384 1815 1977 1841 1406 938 1590 2020 1096
2108 1820 1269 1270 1580 870 1619 1702 2247 1888 2065 1554 3010 1696 1741 1415 1819 1990 1889 1393 930 1608 2042 1105
2157 1753 1326 1245 1552 793 1652 1723 2283 1844 2017 1534 3033 1629 1767 1397 1889 1964 1812 1458 965 1612 2047 1096
2153 1745 1398 1279 1526 760 1685 1741 2338 1867 1979 1554 3042 1643 1847 1454 1902 1943 1803 1462 908 1608 1994 1091
2145 1759 1383 1271 1501 770 1780 1764 2169 1986 2008 1510 3087 1576 1838 1428 1914 1908 1786 1441 913 1674 1985 1169
2108 1760 1428 1293 1527 679 1801 1859 2022 1894 1981 1494 3087 1581 1855 1458 1918 1947 1774 1454 948 1617 1945 1137
2121 1705 1449 1330 1524 672 1760 1861 1993 1832 1923 1526 3097 1580 1732 1354 1931 1951 1692 1475 992 1621 1900 1123
2052 1699 1458 1373 1553 714 1751 1877 1907 1829 2012 1510 3156 1580 1727 1445 1953 1964 1748 1419 1053 1595 1874 1119
2044 1742 1460 1387 1562 714 1742 1951 1748 1898 2009 1510 3165 1549 1754 1423 1974 1985 1692 1393 1071 1626 1905 1078
2048 1775 1452 1419 1580 681 1740 1974 1661 1948 2021 1546 3165 1598 1745 1463 2009 1977 1701 1397 1101 1582 1901 964
2064 1789 1404 1398 1557 727 1710 1926 1654 1970 2031 1554 3183 1607 1732 1410 2031 1946 1692 1371 1048 1626 1892 982
2072 1841 1426 1385 1570 713 1751 1969 1595 2039 2082 1490 3128 1585 1692 1437 2031 1895 1701 1367 1048 1635 1875 982
2121 1882 1350 1330 1565 716 1751 2009 1528 2093 2077 1494 3106 1629 1696 1397 1966 1865 1636 1371 1092 1670 1848 991
2129 1797 1325 1292 1582 690 1847 1912 1567 2045 2128 1490 3110 1673 1639 1393 1979 1848 1670 1367 1167 1701 1839 1023
2129 1742 1338 1243 1612 724 1843 1920 1591 2012 2106 1474 3087 1687 1683 1393 2001 1912 1683 1341 1180 1723 1821 1028
2125 1708 1343 1243 1613 690 1894 1946 1564 2026 2129 1490 3115 1660 1696 1450 1966 1925 1683 1328 1202 1741 1808 1009
2112 1621 1326 1235 1642 729 1882 1921 1587 2010 2104 1494 3174 1687 1780 1428 1940 1938 1683 1302 1202 1736 1803 978
2076 1616 1334 1223 1654 713 1887 1899 1587 1975 2089 1450 3178 1656 1741 1463 1949 1925 1705 1319 1162 1718 1764 964
2068 1678 1305 1231 1626 701 1778 1945 1496 1995 2112 1486 3192 1629 1732 1406 1953 1929 1760 1336 1119 1661 1759 932
2048 1707 1277 1240 1581 709 1762 1934 1491 1889 2150 1470 3192 1620 1714 1419 1910 1857 1781 1310 1119 1670 1768 987
2032 1743 1310 1238 1632 691 1737 1931 1530 1917 2120 1442 3178 1603 1652 1354 1910 1814 1833 1358 1162 1630 1804 973
2015 1755 1342 1263 1574 669 1709 1917 1570 1926 2078 1434 3147 1576 1617 1389 1958 1810 1794 1384 1184 1657 1782 996
2027 1727 1326 1260 1555 667 1709 1905 1564 1915 2093 1410 3192 1602 1679 1380 1923 1827 1824 1388 1193 1705 1839 996
2032 1681 1279 1230 1575 726 1748 1943 1622 1932 2054 1378 3133 1620 1674 1415 1871 1806 1803 1331 1180 1798 1857 987
2048 1626 1291 1242 1638 710 1764 1946 1588 2001 2054 1398 3151 1633 1683 1411 1853 1801 1751 1340 1215 1771 1862 950
2064 1586 1261 1208 1617 740 1777 1911 1501 1953 2070 1382 3106 1682 1741 1437 1936 1797 1700 1310 1180 1807 1795 969
2080 1606 1256 1196 1674 728 1785 1962 1439 1904 2088 1410 3147 1726 1714 1410 1962 1801 1726 1288 1215 1838 1876 978
2068 1625 1289 1221 1673 738 1811 1974 1427 1855 2047 1450 3078 1709 1727 1410 1992 1784 1670 1323 1241 1873 1876 928
2064 1665 1337 1211 1692 687 1763 1940 1442 1799 1995 1446 3165 1704 1710 1428 1967 1788 1648 1370 1227 1847 1845 969
1959 1732 1373 1297 1589 751 1734 1897 1612 1759 2106 1530 3065 1692 1741 1582 2010 1956 1738 1440 1150 1771 1928 1119
1951 1714 1350 1302 1559 726 1764 1896 1576 1824 2134 1522 3047 1691 1718 1569 1975 1973 1747 1422 1150 1776 1893 1128
2003 1672 1340 1330 1575 731 1819 1890 1637 1747 2135 1498 3033 1638 1736 1538 1932 1986 1742 1353 1167 1732 1915 1137
2084 1683 1271 1365 1566 744 1820 1875 1620 1709 2120 1494 2969 1651 1780 1511 1814 2007 1687 1340 1185 1705 1861 1141
2064 1675 1242 1366 1579 694 1828 1925 1616 1713 2113 1498 2974 1638 1758 1472 1823 1986 1610 1314 1268 1727 1928 1091
2076 1717 1223 1370 1617 704 1850 1914 1634 1685 2080 1506 2956 1594 1652 1402 1793 1956 1610 1318 1333 1679 1941 1087
2092 1715 1193 1332 1578 721 1808 1893 1644 1655 2037 1518 2969 1612 1679 1402 1849 1922 1653 1353 1337 1701 2021 1078
2044 1850 1201 1313 1555 725 1756 1903 1642 1672 2060 1575 2956 1665 1648 1406 1884 1926 1648 1392 1307 1670 2035 1105
1995 1808 1300 1306 1555 713 1728 1939 1675 1626 2048 1554 3042 1554 1590 1389 1984 1858 1704 1431 1311 1776 2062 1119
2007 1882 1326 1330 1584 683 1778 1930 1643 1585 2035 1558 3033 1567 1612 1407 1941 1840 1798 1435 1285 1807 1995 1132
1999 1874 1343 1297 1564 732 1758 1896 1654 1547 2006 1534 3019 1567 1683 1463 1928 1823 1794 1436 1281 1833 1982 1114
1995 1880 1389 1289 1590 715 1778 1919 1649 1562 2023 1534 3042 1621 1612 1524 1867 1793 1768 1449 1302 1785 1933 1105
1999 1872 1425 1276 1536 632 1809 1910 1620 1567 2006 1510 3069 1647 1621 1507 1849 1797 1759 1461 1285 1780 1888 1078
2007 1871 1381 1294 1556 636 1900 1850 1654 1598 2037 1514 3087 1727 1639 1498 1788 1831 1764 1440 1267 1727 1879 1055
2032 1872 1355 1294 1548 666 1799 1880 1687 1652 2032 1522 3147 1700 1595 1485 1797 1857 1751 1466 1263 1683 1870 1073
2052 1906 1358 1287 1576 670 1804 1881 1659 1650 2057 1542 3210 1784 1586 1458 1806 1887 1773 1496 1241 1714 1870 1073
2068 1931 1344 1283 1610 665 1829 1845 1629 1636 1995 1538 3160 1731 1648 1415 1827 1930 1764 1500 1237 1701 1861 1087
2068 1853 1291 1321 1606 774 1804 1828 1633 1599 1964 1538 3151 1709 1621 1450 1758 1900 1790 1487 1241 1749 1915 1087
2080 1875 1272 1318 1578 802 1728 1896 1604 1584 1932 1558 3137 1722 1639 1450 1723 1913 1760 1474 1241 1736 1924 1041
2076 1815 1315 1269 1561 806 1792 1904 1624 1546 1939 1538 3092 1736 1639 1520 1741 1900 1755 1452 1202 1776 1933 1023
2064 1836 1320 1301 1556 822 1792 1959 1665 1587 1936 1542 3047 1722 1648 1555 1780 1887 1725 1426 1215 1754 1990 1005
2027 1798 1331 1334 1555 843 1762 1951 1682 1589 2001 1542 3060 1705 1639 1538 1776 1922 1704 1418 1241 1763 2004 973
2060 1801 1340 1303 1560 831 1792 1971 1716 1552 2011 1542 3056 1709 1683 1476 1832 1917 1687 1400 1263 1727 1990 991
2040 1824 1328 1281 1559 851 1791 2008 1708 1589 2035 1538 3047 1705 1696 1485 1906 1870 1704 1422 1272 1763 2012 1037
2032 1824 1314 1294 1585 826 1781 1921 1662 1600 2088 1554 3047 1753 1732 1472 1945 1883 1661 1405 1306 1732 2021 1046
2056 1818 1352 1280 1585 811 1756 1887 1633 1573 2138 1546 3042 1727 1723 1450 1884 1840 1657 1396 1293 1718 1986 1064
2072 1807 1359 1292 1561 819 1751 1896 1645 1574 2139 1550 3051 1749 1683 1428 1879 1780 1674 1379 1276 1736 2003 1082
2040 1796 1359 1309 1522 855 1726 1904 1633 1583 2177 1550 3051 1740 1674 1467 1918 1788 1657 1409 1297 1718 1990 1123
2064 1759 1415 1285 1543 797 1735 1859 1615 1568 2111 1546 3060 1762 1648 1485 1905 1788 1644 1422 1289 1705 1955 1141
2108 1735 1374 1266 1548 830 1727 1920 1648 1568 2079 1550 3042 1767 1639 1437 1910 1818 1670 1474 1319 1723 1928 1132
1995 1806 1375 1307 1481 592 1847 2003 1721 1603 1997 1542 3169 1647 1776 1476 1827 1926 1601 1570 1320 1582 1955 1019
2015 1784 1453 1314 1395 589 1844 1994 1744 1613 2034 1542 3147 1651 1763 1471 1871 1896 1605 1561 1294 1599 1956 978
2019 1807 1451 1251 1480 644 1827 1990 1723 1618 2033 1530 3133 1616 1776 1476 1914 1862 1639 1561 1302 1608 1965 964
2032 1787 1385 1248 1485 624 1806 1952 1748 1624 2010 1522 3119 1629 1763 1424 1914 1887 1755 1522 1302 1608 2009 950
2068 1886 1365 1257 1503 652 1770 1927 1750 1630 2075 1510 3128 1665 1767 1450 1914 1887 1759 1483 1337 1630 2014 932
2052 1922 1385 1256 1508 673 1761 1913 1721 1573 2076 1514 3142 1660 1714 1450 1888 1866 1764 1496 1337 1679 1973 955
2044 1922 1275 1224 1570 669 1765 1901 1714 1584 2042 1526 3124 1669 1710 1437 1884 1874 1781 1479 1368 1648 1960 991
2044 1901 1267 1251 1587 647 1749 1931 1692 1581 2051 1538 3115 1660 1665 1406 1875 1870 1772 1470 1346 1665 1969 996
2040 1900 1297 1248 1616 683 1741 1911 1698 1555 2051 1546 3097 1642 1630 1415 1888 1883 1760 1418 1325 1643 1955 1023
2036 1819 1285 1333 1619 683 1765 1929 1725 1556 2071 1538 3065 1651 1621 1402 1888 1896 1751 1452 1329 1648 1950 1037
2048 1779 1272 1322 1636 712 1765 1966 1751 1591 2066 1530 3037 1651 1643 1428 1944 1896 1756 1418 1307 1599 1964 1069
2048 1738 1340 1241 1615 750 1727 1977 1757 1582 2084 1526 3028 1660 1665 1433 1962 1879 1747 1431 1298 1621 1982 1082
2052 1745 1366 1224 1557 749 1731 1968 1788 1627 2079 1510 3037 1691 1705 1446 1979 1887 1730 1422 1307 1604 1951 1073
2040 1757 1387 1214 1532 754 1711 1974 1749 1669 2075 1458 3060 1705 1732 1428 1958 1853 1743 1465 1307 1617 1911 1032
2032 1723 1422 1204 1531 775 1732 1963 1773 1696 2066 1454 3083 1718 1732 1446 1949 1836 1755 1487 1333 1604 1880 1050
2040 1715 1435 1208 1523 768 1725 1917 1772 1615 2077 1422 3097 1700 1688 1463 1949 1866 1768 1466 1328 1648 1867 1037
2040 1756 1337 1292 1548 764 1725 1905 1769 1622 2077 1394 3087 1682 1586 1454 1931 1883 1768 1461 1355 1670 1858 1023
2032 1736 1351 1328 1610 752 1675 1900 1764 1580 2103 1354 3087 1682 1573 1472 1958 1844 1777 1487 1368 1679 1880 1019
2052 1740 1356 1309 1553 744 1683 1935 1736 1566 2096 1382 3065 1691 1586 1507 1945 1908 1734 1487 1394 1692 1907 1059
2027 1723 1412 1301 1550 732 1657 1937 1712 1531 2074 1370 3047 1664 1590 1494 1984 1878 1759 1444 1337 1679 1925 1050
2019 1760 1421 1309 1535 702 1694 1954 1725 1596 2067 1382 3028 1651 1648 1459 1953 1866 1746 1526 1372 1626 1947 991
2003 1759 1464 1267 1506 715 1728 1963 1772 1618 2046 1414 3051 1656 1732 1454 1949 1853 1734 1496 1346 1630 1982 1019
2032 1785 1447 1283 1494 773 1778 1938 1772 1614 2025 1466 3047 1620 1758 1446 1905 1900 1751 1496 1329 1626 1982 1023
2023 1777 1418 1295 1580 732 1787 1934 1819 1601 1993 1478 3083 1593 1749 1415 1910 1866 1798 1531 1311 1679 1960 1009
2032 1815 1378 1231 1568 652 1766 1897 1772 1613 1966 1494 3087 1602 1732 1441 1888 1896 1820 1552 1351 1705 1964 996
2036 1839 1376 1226 1556 665 1719 1869 1751 1593 1975 1486 3133 1606 1710 1428 1875 1891 1824 1466 1311 1745 1946 987
2056 1802 1391 1277 1569 635 1695 1856 1698 1549 1952 1470 3128 1611 1710 1458 1880 1921 1828 1496 1298 1745 1937 959
2040 1754 1395 1256 1607 594 1732 1873 1688 1529 1920 1462 3133 1651 1692 1467 1871 1896 1794 1487 1294 1732 1960 955
2044 1770 1424 1269 1565 651 1712 1861 1680 1563 1952 1454 3101 1696 1696 1459 1888 1900 1807 1479 1281 1661 1928 950
2048 1731 1399 1334 1557 788 1724 1861 1709 1554 1929 1470 3115 1682 1714 1419 1884 1874 1683 1449 1228 1635 1968 955
1979 1760 1385 1271 1557 737 1684 1984 1806 1549 2045 1494 3119 1646 1714 1389 2010 1801 1751 1396 1329 1661 1934 923
1975 1712 1360 1262 1586 737 1713 1963 1814 1640 2009 1498 3101 1678 1710 1411 2014 1844 1755 1387 1355 1657 1907 959
1991 1718 1332 1355 1570 766 1717 1958 1818 1632 2024 1478 3115 1615 1661 1411 1971 1861 1760 1361 1324 1635 1942 964
2023 1712 1324 1336 1571 778 1682 1925 1859 1662 2043 1438 3110 1624 1665 1415 1993 1883 1794 1378 1324 1665 1947 964
2056 1755 1293 1317 1591 778 1682 1950 1745 1650 2037 1434 3078 1660 1657 1428 1927 1892 1773 1366 1372 1648 1942 969
2076 1737 1281 1308 1600 744 1665 1928 1737 1612 2011 1442 3042 1717 1683 1419 1945 1913 1742 1409 1368 1692 1969 1005
2080 1750 1277 1291 1621 723 1678 1924 1725 1577 2046 1430 3056 1655 1661 1454 1958 1926 1730 1396 1342 1661 1973 991
2068 1740 1291 1223 1646 673 1703 1894 1692 1607 2047 1438 3087 1731 1705 1467 1932 1939 1760 1392 1351 1670 1982 978
2048 1777 1306 1251 1641 704 1694 1856 1716 1576 2023 1434 3092 1722 1710 1454 1919 1900 1772 1409 1399 1657 1991 982
2023 1747 1323 1303 1607 733 1707 1823 1768 1574 2062 1466 3092 1660 1710 1411 1888 1921 1781 1422 1381 1670 2005 996
1999 1759 1334 1312 1617 724 1732 1822 1800 1583 2065 1462 3083 1603 1710 1358 1888 1904 1785 1449 1386 1626 2013 955
2015 1783 1373 1298 1600 703 1756 1838 1846 1476 2048 1466 3033 1652 1736 1323 1906 1900 1777 1483 1377 1608 2013 969
2032 1767 1386 1297 1518 727 1761 1847 1911 1393 2076 1462 3001 1625 1749 1315 1923 1900 1743 1552 1394 1608 1960 959
2048 1742 1361 1330 1502 734 1778 1861 2038 1415 2071 1470 2983 1678 1758 1341 1915 1960 1704 1526 1337 1590 1942 955
2068 1776 1359 1347 1494 708 1750 1860 2212 1459 2054 1430 2937 1665 1758 1358 1923 1947 1669 1565 1311 1573 1907 959
2056 1789 1340 1311 1473 724 1726 1846 2453 1475 2047 1442 2915 1665 1710 1367 1841 1986 1656 1565 1306 1555 1902 969
2015 1743 1293 1359 1459 714 1719 1815 2534 1608 2051 1442 2951 1661 1749 1341 1794 1965 1647 1469 1341 1568 1898 950
2015 1747 1322 1363 1517 738 1718 1745 2753 1745 1995 1434 2928 1678 1732 1359 1777 1944 1651 1469 1310 1431 1938 973
1987 1763 1326 1270 1487 663 1711 1710 2859 1796 1920 1454 2946 1630 1776 1324 1759 1880 1660 1469 1349 1449 1947 987
1971 1695 1320 1233 1481 674 1716 1671 2773 1830 1892 1454 3006 1647 1776 1315 1799 1884 1668 1408 1375 1471 1960 969
1963 1645 1308 1241 1473 670 1738 1679 2651 1887 1828 1470 3033 1652 1913 1311 1877 1828 1664 1373 1362 1498 1947 991
1967 1737 1351 1215 1480 663 1712 1672 2681 1917 1791 1470 3037 1634 1855 1324 1872 1833 1668 1443 1341 1621 1956 982
1967 1753 1381 1191 1479 693 1719 1705 2527 1857 1756 1486 2997 1620 1895 1267 1837 1845 1677 1382 1341 1758 1956 978
2007 1731 1391 1190 1515 751 1708 1700 2369 1827 1768 1462 3006 1638 1873 1293 1837 1867 1656 1400 1289 1771 1996 982
2036 1756 1383 1214 1523 749 1662 1705 2397 1849 1758 1494 3037 1652 1904 1301 1798 1884 1652 1413 1197 1767 2031 1005
2048 1743 1429 1219 1505 746 1645 1688 2401 1806 1818 1494 3028 1634 1807 1345 1789 1935 1665 1409 1135 1758 2062 982
2052 1630 1443 1233 1490 814 1610 1695 2324 1827 1839 1530 3024 1603 1758 1336 1789 1926 1682 1410 1044 1635 2106 1023
2052 1606 1371 1250 1506 751 1580 1715 2366 1820 1899 1542 3078 1611 1665 1410 1828 1930 1687 1444 960 1599 2101 1032
2052 1663 1349 1324 1505 749 1596 1724 2335 1875 1956 1587 3033 1633 1608 1362 1815 1956 1768 1371 855 1568 2079 1050
2052 1677 1312 1302 1524 778 1623 1724 2272 1803 2006 1550 2992 1624 1524 1349 1771 1968 1807 1375 917 1533 2069 1059
2064 1711 1299 1175 1623 648 1659 1937 1505 1756 1952 1442 3165 1718 1692 1389 2014 1801 1674 1414 1214 1855 1889 969
2019 1656 1342 1214 1555 678 1646 1986 1563 1759 1921 1462 3197 1695 1683 1380 1932 1840 1666 1375 1302 1829 1952 973
1995 1702 1320 1175 1522 678 1691 1991 1562 1787 1940 1430 3165 1642 1688 1402 1871 1797 1696 1348 1267 1780 1929 969
1995 1728 1350 1179 1551 662 1636 1976 1587 1834 1956 1426 3169 1633 1648 1375 1875 1802 1730 1340 1263 1758 1942 1023
2003 1736 1389 1224 1523 683 1709 1960 1520 1874 1990 1414 3106 1616 1639 1384 1936 1793 1734 1323 1324 1745 1995 1028
2015 1717 1439 1273 1524 717 1767 1945 1465 1847 1952 1414 3078 1549 1657 1419 1914 1793 1756 1353 1328 1758 1951 1032
2048 1758 1421 1321 1546 687 1799 1967 1408 1807 1936 1406 3056 1576 1674 1459 1936 1836 1760 1344 1276 1763 1947 1046
2060 1732 1422 1358 1538 678 1804 1913 1427 1787 1923 1434 3033 1625 1683 1476 1962 1878 1794 1392 1289 1776 1924 1041
2048 1708 1400 1312 1525 681 1804 1933 1369 1796 1928 1462 3037 1629 1665 1472 1962 1883 1807 1387 1232 1785 1911 1037
2044 1707 1405 1307 1479 665 1771 1983 1407 1787 1912 1466 3037 1616 1648 1455 1953 1883 1777 1387 1166 1736 1898 1009
2036 1718 1405 1277 1496 703 1749 1992 1443 1822 1966 1478 3051 1656 1652 1481 1945 1891 1769 1353 1158 1705 1933 1005
2036 1770 1397 1236 1509 733 1716 1962 1423 1867 1989 1474 3092 1651 1710 1446 1932 1853 1841 1396 1179 1696 1942 1005
2044 1796 1355 1262 1525 679 1712 2007 1394 1806 1982 1442 3097 1625 1710 1454 2023 1866 1833 1375 1123 1714 1956 955
2056 1801 1330 1299 1529 696 1673 2020 1415 1846 1977 1434 3115 1647 1732 1472 2079 1900 1807 1335 1145 1732 1982 959
2076 1802 1318 1286 1646 697 1648 2033 1406 1842 1993 1450 3133 1651 1811 1455 2092 1917 1871 1331 1140 1771 2026 959
2064 1760 1338 1277 1641 663 1703 2024 1355 1841 2021 1466 3151 1673 1816 1398 2131 1908 1871 1271 1132 1789 2080 955
2060 1725 1273 1285 1637 642 1712 2045 1433 1799 1982 1454 3137 1687 1745 1402 2144 1968 1811 1249 1110 1811 2080 955
2027 1725 1294 1281 1617 696 1683 2020 1442 1885 1978 1486 3147 1722 1736 1354 2023 1951 1726 1293 1154 1776 2079 1009
2015 1787 1348 1290 1622 691 1734 1963 1467 1838 1966 1494 3142 1709 1736 1345 1945 1900 1739 1349 1145 1758 2093 982
2011 1701 1313 1333 1599 719 1755 1960 1404 1816 1959 1502 3110 1700 1723 1380 1923 1913 1734 1383 1153 1785 2075 1023
2027 1711 1300 1341 1604 687 1739 1970 1412 1851 1960 1494 3074 1678 1736 1380 1845 1900 1726 1418 1179 1807 2004 1037
2023 1700 1333 1300 1642 740 1810 1957 1386 1900 1990 1526 3078 1656 1763 1371 1884 1832 1725 1418 1144 1798 2012 1028
2044 1679 1362 1303 1662 731 1886 1995 1354 1824 2011 1514 3115 1651 1820 1363 1858 1853 1781 1387 1131 1802 2048 1014
2015 1623 1347 1295 1654 731 1928 2073 1370 1765 2042 1518 3033 1634 1829 1363 1923 1888 1755 1391 1197 1794 2057 1014
2011 1710 1373 1333 1611 756 1966 2017 1413 1811 2064 1518 2987 1674 1833 1306 1919 1926 1742 1392 1241 1789 2057 941
1979 1729 1357 1337 1628 792 1953 2002 1444 1789 2023 1510 2992 1709 1864 1280 1958 1943 1747 1335 1228 1789 2079 923
1999 1752 1405 1370 1626 793 1900 1926 1425 1730 2045 1530 3001 1740 1824 1337 1910 1943 1734 1362 1241 1824 2039 937
2007 1712 1402 1347 1634 810 1857 1913 1419 1782 2066 1530 2933 1740 1794 1394 1953 1986 1798 1370 1236 1820 1981 941
2052 1698 1340 1355 1667 814 1819 1873 1458 1879 2127 1514 3006 1732 1811 1424 1971 2024 1845 1357 1206 1824 1933 941
2023 1687 1287 1268 1681 797 1790 1927 1426 1884 2138 1498 3074 1740 1776 1446 1988 2007 1845 1340 1136 1776 1893 1037
2019 1774 1354 1268 1518 620 1678 1867 1604 1893 2151 1506 3206 1615 1749 1363 1893 1879 1849 1435 1332 2010 1955 891
2032 1850 1271 1256 1479 642 1700 1863 1600 1865 2144 1522 3192 1611 1754 1393 1901 1870 1815 1417 1332 2019 1982 896
2023 1834 1279 1256 1521 671 1730 1862 1580 1876 2127 1498 3206 1628 1714 1341 1927 1922 1776 1430 1310 2028 2017 923
2015 1801 1305 1300 1524 697 1729 1858 1576 1860 2143 1486 3178 1633 1701 1323 1953 1900 1669 1383 1328 1984 2035 932
2036 1781 1322 1275 1550 715 1729 1837 1651 1856 2165 1482 3219 1642 1705 1384 1966 1922 1635 1400 1328 1869 2084 955
2044 1750 1269 1280 1532 677 1733 1828 1630 1895 2130 1494 3274 1641 1696 1393 1966 1918 1648 1383 1336 1855 2066 919
2019 1705 1307 1287 1549 678 1728 1829 1675 1890 2120 1494 3278 1668 1683 1345 1988 1943 1661 1370 1306 1820 2039 909
2027 1717 1311 1308 1540 699 1711 1845 1703 1859 2149 1510 3256 1646 1705 1376 1906 1900 1683 1378 1319 1816 2034 996
2048 1721 1277 1284 1552 683 1715 1841 1706 1838 2148 1502 3260 1651 1657 1389 1845 1934 1691 1343 1297 1794 2052 1005
2023 1745 1297 1281 1526 674 1630 1846 1651 1875 2139 1498 3219 1655 1630 1393 1858 1913 1768 1317 1236 1776 2168 1041
2023 1771 1341 1293 1505 699 1609 1859 1670 1854 2121 1482 3092 1669 1630 1372 1849 1934 1759 1305 1223 1802 2181 1069
2076 1740 1329 1407 1604 707 1634 1967 1645 1867 2202 1470 3078 1651 1643 1415 1819 1896 1781 1348 1249 1789 2177 1078
2092 1789 1287 1387 1528 707 1591 1943 1658 1814 2202 1486 3069 1642 1586 1411 1866 1917 1781 1326 1258 1758 2209 1000
2096 1882 1222 1389 1523 681 1571 2025 1662 1838 2201 1494 3037 1647 1617 1424 1906 1913 1776 1370 1267 1732 2200 987
2177 1952 1141 1358 1606 706 1648 2099 1570 1794 2216 1486 2997 1611 1674 1380 1884 1926 1717 1405 1266 1763 2067 996
2177 1864 1154 1457 1636 698 1632 2116 1550 1860 2213 1486 3056 1567 1679 1367 1901 1917 1725 1383 1297 1718 2062 1037
2149 1865 1175 1395 1556 681 1591 2015 1546 1868 2099 1486 3056 1549 1714 1367 1849 1896 1738 1353 1297 1727 2058 1032
2133 1815 1212 1499 1620 648 1605 2012 1502 1924 2070 1482 3060 1585 1754 1385 1840 1849 1760 1348 1280 1692 1903 941
2129 1743 1289 1568 1627 707 1608 1935 1565 1952 2039 1458 3078 1585 1736 1380 1836 1870 1730 1361 1258 1732 1916 946
2064 1656 1434 1655 1578 694 1616 1860 1676 1974 2035 1470 3119 1625 1714 1402 1827 1904 1755 1340 1302 1718 1920 909
2060 1735 1518 1522 1601 702 1666 1831 1694 1907 2008 1470 3101 1616 1763 1433 1788 1879 1738 1400 1280 1727 1916 914
2064 1767 1567 1444 1604 715 1759 1811 1674 1894 2058 1478 3110 1664 1736 1354 1766 1939 1713 1418 1297 1785 1942 909
2064 1727 1603 1332 1585 726 1735 1797 1689 1942 2082 1478 3124 1646 1771 1384 1753 2016 1700 1339 1297 1824 2053 1005
2048 1735 1598 1280 1613 702 1765 1810 1624 1904 2079 1530 3128 1660 1785 1376 1788 2042 1755 1322 1332 1811 2017 996
2027 1735 1526 1263 1618 719 1760 1806 1594 1905 2049 1530 3110 1660 1780 1371 1806 2003 1730 1330 1345 1670 1995 973
2040 1741 1447 1284 1605 785 1743 1780 1606 1902 2086 1518 3115 1673 1736 1354 1814 2042 1751 1335 1323 1626 1995 973
2044 1722 1361 1318 1574 784 1671 1793 1583 1762 2052 1498 3133 1669 1701 1385 1901 2020 1756 1318 1284 1586 1982 996
2052 1734 1312 1270 1617 802 1728 1797 1569 1688 2049 1518 3128 1642 1705 1380 1927 1977 1764 1392 1275 1612 1982 959
2052 1704 1339 1271 1590 802 1715 1806 1540 1704 2051 1510 3101 1598 1701 1341 1953 1965 1764 1387 1201 1617 2013 978
2060 1721 1359 1243 1578 760 1800 1822 1545 1705 2063 1518 3087 1593 1679 1332 1975 1913 1751 1378 1201 1718 2022 996
2072 1719 1336 1239 1532 644 1740 1838 1487 1789 2030 1534 3101 1687 1657 1454 1880 1960 1708 1513 1310 1811 1941 1014
2060 1726 1325 1263 1540 673 1654 1838 1459 1785 2042 1542 3074 1700 1643 1476 1915 1952 1657 1517 1293 1824 1942 978
2100 1750 1335 1275 1543 699 1723 1904 1533 1821 2059 1510 3124 1735 1683 1511 1902 1926 1695 1504 1249 1864 1933 955
2088 1746 1303 1266 1560 700 1763 1891 1582 1790 2091 1490 3124 1686 1718 1467 1884 1909 1665 1495 1293 1877 1889 955
2092 1775 1312 1356 1591 683 1801 1888 1570 1816 2110 1494 3074 1651 1767 1441 1919 1870 1708 1561 1280 1900 1911 946
2092 1770 1330 1333 1582 679 1810 1851 1592 1859 2096 1462 3083 1624 1754 1402 1945 1862 1657 1495 1332 1957 1951 959
2121 1770 1315 1325 1579 704 1834 1865 1602 1861 2093 1482 3106 1651 1802 1463 1854 1853 1695 1469 1341 1931 1938 973
2108 1753 1319 1339 1522 725 1718 1837 1572 1788 2085 1478 3033 1673 1802 1415 1849 1827 1695 1461 1354 1851 1916 978
2076 1770 1328 1357 1458 748 1674 1877 1559 1806 2107 1514 3037 1687 1771 1397 1884 1883 1717 1470 1258 1802 1947 991
2068 1748 1325 1313 1458 752 1618 1822 1582 1783 2102 1506 3060 1726 1732 1423 1880 1930 1687 1465 1223 1820 1987 987
2072 1806 1316 1284 1466 752 1581 1839 1631 1792 2108 1494 3056 1700 1670 1432 1901 1999 1738 1504 1197 1732 1924 1014
2052 1794 1342 1226 1419 777 1573 1851 1644 1757 2127 1490 3056 1691 1626 1424 1931 2033 1738 1561 1254 1732 1955 991
2003 1724 1306 1189 1479 751 1661 1885 1652 1749 2123 1446 3110 1673 1635 1446 1975 2071 1725 1552 1267 1736 1973 1014
2019 1685 1295 1219 1534 731 1677 1920 1643 1744 2080 1438 3151 1677 1608 1520 1944 1990 1721 1539 1358 1749 1999 1023
2011 1702 1342 1168 1524 735 1758 1919 1673 1757 2088 1446 3156 1682 1586 1498 1936 1999 1721 1487 1332 1758 1937 1041
1999 1654 1341 1203 1521 795 1774 1929 1619 1745 2079 1446 3183 1748 1626 1507 1897 1947 1640 1474 1315 1718 1968 1046
2036 1653 1267 1291 1532 784 1795 1958 1584 1803 2074 1446 3147 1717 1612 1424 1853 1922 1597 1431 1302 1758 1969 1082
2044 1730 1308 1339 1527 793 1774 1946 1564 1807 2089 1474 3215 1695 1577 1398 1884 1926 1653 1435 1245 1816 1986 1055
2072 1764 1332 1299 1523 822 1783 1933 1539 1822 2122 1474 3201 1695 1626 1301 1927 1956 1666 1474 1237 1842 2017 1009
2060 1756 1284 1322 1524 814 1737 1905 1485 1838 2146 1482 3206 1633 1639 1336 1910 1905 1717 1491 1298 1780 2012 978
2036 1773 1272 1351 1545 797 1732 1942 1492 1811 2194 1494 3169 1571 1639 1310 1915 1918 1781 1474 1315 1802 2030 959
2023 1827 1306 1320 1564 883 1699 1946 1531 1786 2156 1482 3147 1593 1626 1349 1962 1965 1803 1461 1315 1727 2030 946
2064 1811 1303 1288 1573 870 1695 1943 1506 1721 2154 1494 3087 1660 1661 1371 1910 1934 1764 1496 1372 1705 1994 955
2052 1770 1284 1297 1594 849 1677 1924 1542 1699 2094 1470 3074 1642 1665 1415 1893 1892 1820 1543 1376 1670 1937 955
2088 1771 1299 1334 1568 857 1715 2010 1546 1611 2047 1458 3069 1682 1692 1371 1893 1904 1751 1552 1341 1714 1973 941
2121 1735 1340 1306 1593 852 1749 1966 1543 1570 2051 1470 3083 1669 1714 1406 1889 1900 1743 1591 1385 1701 2000 946
2096 1680 1331 1299 1584 770 1762 1963 1551 1522 2095 1466 3106 1652 1736 1349 1884 1853 1760 1638 1402 1727 2022 932
2096 1701 1326 1310 1584 804 1765 1925 1535 1582 2116 1490 3092 1625 1705 1349 1850 1866 1725 1617 1390 1754 2049 932
2084 1684 1287 1284 1564 756 1742 1955 1546 1587 2142 1510 3119 1607 1692 1354 1806 1887 1687 1547 1403 1794 2044 955
2056 1653 1240 1245 1590 761 1724 1883 1600 1636 2143 1526 3115 1620 1718 1380 1836 1913 1712 1569 1429 1749 2035 978
2048 1668 1225 1260 1549 741 1707 1893 1601 1717 2109 1510 3133 1647 1696 1389 1819 1866 1682 1548 1390 1794 1955 964
2080 1650 1304 1272 1566 735 1698 1867 1642 1765 2105 1522 3124 1660 1758 1433 1793 1875 1687 1482 1368 1794 1924 959
2052 1635 1329 1243 1534 729 1721 1917 1672 1773 2111 1502 3115 1651 1794 1407 1819 1854 1682 1500 1394 1789 1906 964
2076 1654 1324 1287 1504 796 1700 1857 1718 1780 2109 1498 3069 1656 1802 1446 1858 1841 1673 1517 1319 1745 1929 950
2096 1645 1340 1315 1492 775 1705 1870 1680 1799 2112 1494 3065 1669 1758 1463 1858 1806 1695 1534 1302 1745 1920 959
2072 1600 1289 1300 1457 781 1751 1872 1686 1789 2125 1510 3019 1674 1745 1433 1849 1849 1674 1508 1341 1679 1929 969
2044 1653 1213 1305 1437 793 1775 1812 1657 1810 2124 1502 2974 1718 1723 1459 1849 1857 1661 1539 1315 1688 1951 955
2044 1677 1177 1307 1469 745 1779 1779 1664 1753 2086 1482 2969 1745 1714 1450 1893 1857 1669 1495 1306 1657 1996 973
2036 1686 1219 1267 1466 718 1853 1838 1645 1713 2095 1470 2974 1776 1705 1362 1914 1862 1687 1482 1319 1736 1956 973
2023 1695 1236 1302 1415 727 1827 1867 1671 1691 2039 1474 2969 1719 1732 1358 1897 1883 1661 1421 1328 1754 1995 959
2072 1721 1289 1263 1423 724 1760 1817 1619 1679 2035 1446 2969 1674 1665 1367 1945 1870 1695 1404 1289 1824 2004 969
2084 1728 1309 1226 1453 720 1772 1879 1602 1682 1997 1454 3051 1634 1639 1336 1984 1840 1665 1430 1284 1820 1964 996
2084 1709 1303 1251 1465 748 1747 1895 1598 1741 1983 1482 3047 1612 1568 1380 1962 1806 1652 1456 1241 1855 1995 1009
2072 1720 1257 1223 1477 705 1730 1867 1554 1782 1958 1498 3074 1549 1586 1398 1941 1827 1665 1474 1258 1847 2031 1014
2064 1745 1269 1230 1520 688 1769 1912 1534 1781 2006 1494 3060 1571 1555 1420 1958 1828 1652 1469 1276 1860 1951 1000
2027 1821 1232 1262 1558 659 1757 1984 1608 1769 2002 1502 3119 1585 1674 1389 1949 1836 1678 1522 1293 1833 1933 978
2027 1812 1253 1310 1547 695 1749 1988 1619 1663 2023 1490 3106 1589 1670 1424 1958 1823 1738 1491 1350 1873 2022 982
1995 1852 1261 1326 1541 670 1753 1975 1658 1661 2007 1498 3137 1558 1771 1433 1967 1887 1798 1496 1376 1877 1982 946
1999 1781 1304 1351 1535 691 1723 1984 1617 1664 2045 1474 3087 1558 1780 1446 1980 1918 1781 1487 1389 1895 1929 969
1975 1720 1264 1330 1538 733 1694 1895 1617 1674 2059 1450 3101 1598 1771 1424 1971 1939 1802 1517 1354 1908 1960 982
1967 1668 1288 1346 1497 787 1698 1818 1586 1682 2060 1446 3069 1642 1727 1398 1971 1926 1785 1487 1346 1953 1968 996
1963 1654 1259 1318 1500 797 1660 1841 1568 1777 2075 1434 3051 1682 1763 1394 1940 1969 1781 1522 1358 1900 1866 959
1983 1622 1260 1339 1470 792 1639 1871 1550 1769 2076 1414 3069 1735 1785 1359 1919 1965 1781 1548 1359 1877 1830 932
1995 1701 1265 1361 1507 854 1665 1909 1598 1729 2088 1442 3106 1780 1798 1376 1910 1943 1734 1504 1345 1816 1879 950
2072 1744 1285 1356 1494 787 1645 1964 1606 1728 2067 1450 3124 1762 1842 1393 1897 1926 1743 1509 1367 1780 1942 928
2104 1710 1310 1333 1455 732 1650 1989 1602 1761 2093 1442 3115 1812 1895 1507 1919 1939 1764 1504 1394 1771 1911 891
2133 1765 1302 1320 1501 688 1678 1949 1628 1784 2054 1426 3124 1754 1886 1494 1993 1913 1743 1500 1337 1785 1968 941
2145 1769 1322 1264 1500 713 1724 1999 1579 1805 2075 1438 3074 1723 1838 1507 1992 1904 1674 1487 1328 1811 2049 978
2129 1725 1361 1290 1508 689 1728 1977 1605 1808 2048 1458 3087 1709 1763 1472 1984 1900 1691 1487 1311 1824 2031 991
2052 1708 1346 1298 1499 714 1732 1970 1615 1799 2084 1470 3069 1763 1741 1433 2010 1883 1678 1461 1311 1816 2000 1009
2007 1734 1343 1265 1643 784 1643 1849 1583 1665 2136 1534 3051 1691 1727 1380 1979 1934 1725 1287 1320 1661 1915 1000
2015 1797 1326 1210 1719 775 1557 1856 1567 1707 2136 1542 3078 1723 1749 1433 2023 1861 1760 1370 1311 1718 1813 955
2044 1766 1322 1211 1697 717 1558 1868 1585 1746 2122 1518 3024 1691 1679 1428 1936 1832 1815 1400 1324 1741 1853 955
2036 1755 1339 1253 1646 658 1563 1859 1564 1764 2077 1478 3047 1696 1670 1402 1953 1853 1755 1374 1372 1776 1848 937
2076 1732 1375 1248 1600 640 1627 1884 1596 1868 2095 1454 3083 1669 1612 1385 1914 1836 1755 1417 1350 1820 1813 950
2084 1721 1391 1235 1533 635 1681 1813 1571 1824 2054 1506 3115 1598 1639 1459 1932 1849 1751 1452 1394 1900 1862 996
2068 1700 1413 1303 1498 630 1698 1801 1565 1774 2066 1526 3092 1580 1630 1472 1962 1896 1738 1465 1359 1851 1924 996
2027 1663 1389 1285 1545 659 1701 1823 1528 1782 2073 1546 3119 1606 1617 1468 1966 1930 1704 1448 1363 1847 1942 1009
2023 1663 1393 1285 1553 709 1716 1828 1557 1801 2044 1587 3097 1571 1599 1486 1980 1900 1747 1439 1350 1847 1960 1000
2027 1707 1344 1287 1548 727 1686 1832 1553 1756 2063 1603 3078 1563 1648 1512 2010 1853 1738 1474 1385 1864 1955 996
2036 1732 1311 1300 1581 735 1757 1843 1579 1811 2099 1587 3051 1558 1683 1472 1962 1857 1743 1452 1341 1820 1968 987
2032 1752 1326 1210 1599 744 1786 1869 1597 1846 2073 1579 3047 1518 1723 1433 1893 1896 1713 1374 1385 1838 1924 987
2048 1781 1307 1237 1545 740 1816 1872 1673 1765 2076 1571 3015 1514 1767 1477 1919 1892 1700 1396 1389 1842 1835 964
2036 1774 1299 1204 1553 790 1837 1838 1660 1759 2121 1522 3028 1545 1794 1485 1862 1870 1683 1413 1402 1855 1831 969
2027 1772 1341 1225 1541 802 1851 1858 1648 1757 2150 1490 3033 1602 1794 1485 1788 1977 1695 1365 1341 1820 1875 982
2015 1759 1346 1212 1528 798 1766 1892 1631 1774 2195 1454 3010 1620 1763 1512 1841 1943 1665 1308 1345 1802 1897 973
2040 1768 1322 1297 1477 759 1758 1941 1598 1739 2269 1434 3028 1655 1727 1498 1836 1896 1682 1348 1310 1785 1955 982
2036 1749 1326 1358 1506 768 1716 1895 1537 1780 2327 1414 3060 1656 1741 1459 1797 1913 1721 1309 1232 1785 1999 1041
2052 1742 1325 1358 1530 747 1712 1907 1517 1775 2377 1410 3047 1647 1732 1450 1806 1956 1759 1335 1192 1767 2012 1050
2076 1719 1299 1381 1572 738 1691 1908 1552 1849 2380 1434 3060 1638 1745 1428 1810 1832 1764 1348 1192 1732 2056 1032
2084 1694 1327 1355 1553 734 1704 1870 1543 1868 2289 1446 3119 1598 1758 1349 1745 1891 1751 1422 1227 1780 2034 1064
2080 1650 1320 1346 1613 760 1663 1811 1513 1919 2218 1458 3101 1602 1736 1398 1745 1947 1734 1430 1249 1794 1985 1069
2084 1693 1381 1301 1589 760 1673 1847 1560 1922 2164 1490 3115 1615 1705 1415 1775 1930 1678 1435 1271 1789 2017 1019
2072 1677 1408 1286 1551 656 1685 1840 1609 1917 2118 1502 3183 1682 1696 1433 1818 1917 1597 1426 1297 1802 2026 1019
2044 1689 1387 1258 1543 695 1692 1798 1566 1823 2161 1498 3160 1669 1688 1398 1827 2050 1592 1417 1288 1922 1973 1069
2044 1713 1342 1259 1566 712 1674 1819 1557 1763 2234 1478 3151 1749 1679 1428 1836 1968 1605 1374 1280 1908 1951 1041
2048 1730 1327 1298 1554 690 1731 1837 1592 1695 2298 1470 3133 1767 1670 1411 1888 1913 1640 1352 1275 1944 1959 1032
2044 1758 1312 1333 1575 724 1769 1818 1566 1701 2297 1494 3110 1789 1688 1463 1901 1913 1678 1313 1301 1922 1910 1014
2052 1777 1303 1362 1588 808 1769 1831 1555 1745 2299 1510 3042 1789 1771 1420 1884 1909 1708 1265 1314 1877 1963 991
2056 1736 1360 1374 1559 791 1719 1831 1591 1810 2252 1458 3056 1735 1798 1433 1931 1862 1674 1261 1288 1824 1919 973
2052 1709 1300 1273 1663 798 1768 1961 1408 1859 2219 1502 3065 1731 1741 1507 1975 1973 1832 1427 1149 1754 1862 1019
2027 1728 1228 1285 1657 756 1750 2053 1403 1903 2249 1490 3078 1701 1794 1481 1967 1977 1888 1388 1136 1714 1924 1032
2060 1744 1203 1276 1636 784 1734 2044 1437 1862 2257 1470 3119 1643 1833 1450 1967 1930 1828 1466 1144 1749 1884 1019
2019 1746 1230 1284 1595 776 1714 2019 1335 1802 2150 1474 3069 1682 1838 1468 1914 1926 1802 1461 1149 1749 1875 1037
2052 1783 1275 1271 1551 760 1705 1974 1350 1788 2146 1486 3097 1665 1855 1507 1902 1913 1781 1440 1197 1794 1840 982
2052 1789 1310 1251 1578 718 1719 1955 1351 1806 2132 1478 3110 1651 1860 1498 1897 1926 1760 1405 1197 1802 1849 991
2064 1782 1338 1245 1566 681 1767 1917 1353 1805 2104 1466 3074 1691 1802 1490 1858 1917 1734 1418 1201 1807 1858 959
2023 1810 1369 1205 1562 627 1763 1943 1341 1838 2090 1470 3069 1709 1679 1463 1875 1870 1738 1331 1214 1802 1907 964
2056 1808 1387 1153 1589 639 1783 1979 1457 1908 2027 1450 3119 1682 1643 1420 1871 1866 1717 1309 1214 1824 1964 964
2060 1776 1426 1215 1614 713 1762 1983 1492 1888 2009 1454 3087 1633 1617 1371 1849 1921 1721 1309 1179 1842 2048 973
2040 1723 1407 1133 1584 798 1775 1991 1451 1906 1964 1462 3087 1633 1599 1354 1854 1956 1729 1309 1197 1847 2070 950
2027 1723 1407 1109 1609 840 1740 1982 1488 1859 1989 1466 3097 1593 1612 1358 1906 1943 1704 1270 1236 1847 2057 959
1999 1714 1403 1149 1596 869 1749 1978 1530 1851 1963 1494 3056 1615 1670 1363 1871 1981 1721 1344 1210 1873 2079 873
2003 1716 1387 1110 1587 856 1695 1997 1480 1782 2063 1506 3042 1633 1665 1336 1867 1913 1743 1365 1184 1864 2057 882
1995 1698 1312 1076 1579 765 1715 1985 1484 1769 2075 1510 3019 1682 1665 1376 1871 1844 1755 1365 1249 1851 2084 896
1995 1710 1311 1138 1579 714 1694 2003 1545 1701 2088 1506 3006 1705 1670 1402 1845 1857 1764 1396 1262 1847 2088 923
2015 1696 1318 1138 1524 705 1689 1998 1528 1751 2089 1510 2997 1700 1665 1433 1858 1781 1773 1435 1232 1789 2070 887
2032 1707 1311 1138 1546 714 1672 1943 1524 1747 2117 1494 2965 1674 1701 1446 1858 1781 1747 1379 1267 1754 2061 978
2027 1719 1332 1200 1524 755 1698 1915 1544 1756 2115 1510 2997 1678 1802 1446 1862 1836 1734 1374 1293 1820 2048 959
1987 1720 1380 1239 1529 759 1732 1927 1564 1752 2122 1522 3019 1669 1829 1446 1871 1836 1712 1409 1279 1816 2018 950
2003 1735 1433 1257 1541 750 1741 1902 1572 1852 2126 1522 3033 1620 1847 1433 1893 1896 1712 1413 1271 1820 2027 959
1999 1802 1439 1267 1599 768 1725 1907 1586 1847 2092 1514 3042 1629 1864 1407 1867 2003 1772 1435 1315 1851 2009 991
2003 1785 1456 1271 1603 771 1776 1961 1565 1807 2104 1526 3065 1665 1891 1398 1858 2003 1776 1518 1301 1864 2027 973
1999 1731 1418 1274 1611 705 1845 1948 1578 1814 2124 1498 3056 1678 1820 1406 1793 1990 1785 1500 1310 1771 2036 978
2023 1716 1410 1197 1606 688 1794 1964 1664 1843 2111 1482 3051 1665 1820 1411 1772 2003 1798 1500 1275 1780 1999 855
2019 1717 1344 1214 1568 685 1843 1986 1669 1759 2150 1486 3060 1714 1811 1424 1776 1896 1768 1496 1327 1780 1977 846
2007 1644 1397 1222 1528 650 1843 1999 1669 1784 2195 1482 3078 1696 1794 1380 1776 1896 1717 1470 1301 1820 1999 850
2019 1679 1377 1222 1481 575 1763 1964 1692 1865 2161 1490 3106 1673 1758 1411 1793 1892 1712 1378 1345 1829 1968 841
2019 1735 1402 1212 1471 579 1702 1952 1680 1886 2165 1510 3133 1646 1767 1424 1845 1875 1811 1452 1340 1908 1941 832
2023 1771 1359 1281 1457 599 1728 1911 1604 1874 2142 1510 3165 1638 1763 1372 1871 1883 1828 1444 1384 2010 1942 923
2040 1745 1364 1259 1585 718 1822 1864 1529 1700 2058 1530 3087 1624 1679 1306 1958 1930 1734 1387 1218 1802 2049 987
2044 1716 1355 1255 1633 723 1796 1860 1569 1850 2095 1550 3051 1620 1696 1358 1941 1947 1729 1430 1258 1802 2057 937
2052 1750 1360 1350 1597 703 1796 1863 1552 1856 2058 1514 3083 1651 1683 1341 1832 1883 1751 1443 1293 1736 2053 932
2076 1735 1333 1341 1623 694 1805 1820 1590 1900 2056 1506 3092 1731 1705 1424 1784 1866 1717 1439 1363 1670 2084 932
2096 1716 1332 1350 1623 682 1740 1807 1543 1909 2071 1494 3083 1736 1727 1437 1792 1887 1712 1374 1367 1710 2022 941
2100 1660 1327 1382 1601 662 1723 1811 1550 1923 2077 1514 3065 1718 1665 1437 1775 1866 1708 1347 1350 1705 1938 959
2044 1676 1322 1374 1545 661 1715 1798 1533 1908 2048 1522 3074 1714 1679 1433 1727 1857 1721 1347 1332 1705 1920 950
2015 1650 1332 1347 1572 620 1748 1802 1586 1877 2063 1542 3047 1678 1723 1428 1862 1908 1665 1361 1337 1802 1955 964
1995 1734 1360 1271 1527 625 1748 1815 1554 1804 2142 1554 3056 1638 1683 1384 1884 1896 1669 1395 1385 1847 1875 896
1987 1719 1330 1269 1466 593 1702 1812 1596 1779 2140 1550 3083 1660 1674 1410 1871 1904 1716 1491 1402 1829 1907 859
1987 1771 1343 1230 1454 550 1683 1800 1581 1752 2130 1550 3110 1713 1749 1354 1897 1938 1665 1469 1420 1829 1920 841
2007 1778 1408 1230 1507 550 1708 1799 1591 1810 2157 1558 3151 1739 1771 1362 1997 1930 1720 1461 1459 1820 1889 891
1991 1803 1379 1232 1565 604 1675 1820 1590 1869 2157 1554 3137 1739 1741 1358 1945 1947 1755 1465 1472 1798 1906 887
1995 1800 1307 1330 1577 598 1646 1856 1574 1917 2057 1542 3142 1695 1758 1362 1927 1934 1733 1482 1441 1776 1910 946
2003 1815 1350 1301 1607 694 1659 1908 1558 1921 2072 1514 3124 1668 1771 1371 1888 1908 1699 1426 1433 1780 1932 978
1983 1815 1310 1304 1664 745 1649 1891 1565 1948 2105 1490 3147 1593 1767 1437 1845 1875 1742 1461 1437 1758 1972 978
2019 1817 1276 1310 1625 753 1675 1900 1582 1885 2096 1462 3119 1558 1758 1463 1815 1896 1665 1517 1437 1745 2017 987
2048 1811 1314 1335 1550 782 1649 1862 1583 1811 2086 1466 3115 1598 1745 1455 1841 1862 1661 1465 1385 1732 1964 996
2080 1728 1375 1330 1555 794 1642 1847 1611 1797 2115 1462 3174 1620 1771 1455 1863 1857 1665 1439 1372 1749 1968 1014
2112 1721 1330 1355 1560 768 1663 1756 1624 1756 2066 1494 3197 1642 1754 1394 1889 1900 1678 1448 1355 1789 1902 1014
2084 1673 1320 1374 1529 739 1655 1802 1636 1771 2067 1542 3156 1682 1771 1424 1906 1891 1712 1452 1315 1820 1915 1023
2080 1664 1307 1288 1545 740 1625 1803 1618 1775 2057 1554 3147 1669 1723 1363 1893 1870 1708 1395 1285 1829 1920 1014
2068 1629 1286 1256 1561 732 1637 1804 1617 1810 2058 1538 3165 1664 1696 1297 1949 1934 1712 1456 1267 1833 1911 1046
2019 1662 1301 1231 1561 728 1640 1770 1634 1757 2067 1522 3097 1655 1679 1301 1945 1930 1764 1526 1245 1882 1920 1019
1979 1670 1294 1248 1570 716 1614 1792 1615 1833 2057 1486 3092 1633 1736 1389 1958 1977 1759 1517 1201 1864 2013 1014
2019 1707 1330 1240 1575 737 1651 1783 1610 1803 2071 1418 3133 1593 1661 1354 2001 1977 1746 1504 1218 1838 2027 987
2007 1693 1352 1314 1568 678 1722 1787 1631 1820 2071 1402 3174 1580 1683 1350 2045 1969 1772 1530 1196 1855 1986 1009
2019 1717 1342 1310 1547 631 1710 1764 1575 1845 2068 1446 3137 1527 1665 1415 1971 1943 1734 1526 1253 1847 2004 1000
2052 1732 1350 1315 1550 631 1732 1768 1531 1885 2043 1454 3124 1612 1635 1450 1962 1995 1704 1443 1266 1802 2022 1014
2060 1730 1357 1244 1554 653 1732 1814 1526 1827 2069 1478 3137 1625 1568 1402 1915 1960 1678 1443 1345 1780 1963 1023
2027 1744 1318 1333 1571 718 1728 2036 1545 1747 2060 1494 3051 1705 1683 1393 1971 1870 1635 1478 1280 1794 1995 1055
1983 1703 1360 1363 1498 720 1711 2053 1599 1737 2129 1518 3024 1741 1639 1367 1928 1887 1627 1491 1354 1807 1938 1037
2040 1722 1287 1317 1448 750 1684 1969 1660 1723 2145 1518 3083 1772 1608 1363 1902 1896 1678 1504 1346 1780 1862 1028
2011 1729 1244 1261 1462 780 1689 1915 1651 1788 2154 1518 3051 1803 1665 1371 1889 1900 1691 1547 1333 1798 1835 1019
1999 1742 1215 1236 1505 805 1679 1907 1666 1814 2106 1526 3010 1745 1630 1419 1854 1883 1725 1582 1350 1811 1795 1000
2027 1713 1199 1218 1535 788 1712 1837 1747 1811 2102 1514 3037 1683 1599 1345 1880 1883 1768 1552 1372 1824 1884 1005
2040 1668 1184 1168 1565 778 1729 1851 1684 1740 2014 1518 3056 1679 1608 1424 1871 1892 1789 1526 1350 1745 1973 1019
1999 1629 1240 1218 1607 733 1686 1859 1651 1733 2011 1534 2983 1638 1639 1380 1880 1930 1789 1526 1337 1741 1986 1009
2027 1629 1255 1265 1601 720 1682 1907 1644 1728 1998 1526 3051 1585 1652 1397 1871 1964 1746 1561 1367 1696 1982 969
2064 1654 1285 1280 1580 654 1700 1898 1640 1711 2031 1522 3097 1549 1701 1275 1837 2020 1729 1496 1376 1727 2005 973
2056 1675 1338 1248 1553 671 1646 1896 1612 1720 1999 1542 3033 1571 1727 1310 1841 2024 1703 1583 1372 1727 1969 955
2060 1682 1303 1237 1570 680 1635 1864 1587 1830 2073 1518 3015 1517 1718 1257 1832 2045 1725 1539 1311 1785 1916 941
2092 1694 1351 1234 1595 682 1656 1903 1579 1812 2098 1522 3037 1535 1727 1284 1897 1998 1716 1522 1319 1785 1938 950
2153 1712 1334 1194 1558 644 1639 1825 1595 1775 2155 1518 2983 1553 1710 1253 1901 1964 1742 1500 1328 1864 1973 1014
2161 1663 1340 1235 1570 768 1627 1834 1587 1804 2128 1498 2978 1540 1670 1279 1927 1934 1708 1561 1320 1904 2004 1050
2157 1649 1368 1235 1608 803 1618 1827 1604 1791 2174 1522 3051 1602 1688 1341 1884 1926 1704 1491 1285 1904 2000 1064
2129 1707 1362 1286 1580 790 1613 1853 1562 1742 2113 1550 3087 1593 1780 1358 1863 1900 1674 1522 1354 1939 2031 1069
2112 1706 1336 1284 1549 831 1605 1869 1523 1766 2107 1530 3083 1616 1771 1354 1819 1836 1678 1535 1354 1953 2062 1055
2060 1687 1330 1294 1557 860 1609 1877 1494 1778 2056 1534 3087 1660 1758 1393 1858 1857 1648 1530 1363 1944 2071 987
2056 1719 1280 1275 1557 790 1630 1895 1487 1784 2117 1550 3133 1669 1723 1420 1841 1806 1657 1509 1328 1904 2053 978
2064 1801 1211 1330 1560 748 1685 1935 1415 1817 2099 1530 3074 1709 1688 1332 1875 1780 1678 1548 1350 1895 2084 978
2108 1749 1244 1314 1593 751 1693 1880 1475 1772 2118 1486 3042 1811 1599 1301 1914 1776 1730 1578 1333 1864 2044 955
2052 1766 1208 1354 1608 731 1751 1864 1561 1760 2114 1466 3047 1806 1542 1306 1893 1862 1708 1539 1328 1824 2008 978
2048 1816 1197 1342 1621 719 1751 1920 1610 1769 2150 1442 3042 1784 1493 1301 1849 1840 1729 1483 1320 1816 1995 1000
2044 1791 1272 1325 1638 694 1768 1867 1592 1774 2103 1482 3010 1793 1542 1323 1884 1849 1742 1509 1328 1802 2003 1014
2048 1789 1269 1312 1586 702 1691 1835 1669 1753 2094 1466 3033 1700 1551 1363 1884 1891 1725 1474 1311 1807 1941 982
2023 1742 1276 1313 1527 728 1748 1857 1681 1773 2118 1478 3056 1660 1551 1350 1849 1939 1674 1374 1319 1789 1999 1041
2048 1764 1304 1255 1541 741 1726 1784 1615 1791 2119 1506 3087 1634 1665 1371 1940 1930 1670 1365 1332 1807 1973 1023
2060 1736 1303 1254 1571 750 1685 1784 1582 1763 2128 1567 3069 1607 1745 1389 1953 1913 1717 1395 1271 1727 1946 1037
2023 1774 1285 1258 1610 767 1647 1795 1591 1655 2081 1538 3037 1629 1745 1402 1966 1939 1708 1313 1315 1688 1950 1014
2072 1716 1369 1409 1600 782 1754 1784 1605 1831 2229 1478 3028 1647 1802 1385 1940 1883 1670 1317 1284 1802 1919 973
2076 1752 1377 1397 1577 746 1742 1778 1616 1871 2146 1478 3019 1585 1807 1345 1910 1913 1657 1339 1297 1785 1964 987
2088 1680 1377 1374 1625 695 1686 1767 1610 1820 2130 1454 3060 1514 1794 1284 1892 1887 1653 1417 1249 1798 2022 973
2088 1687 1384 1383 1620 638 1660 1703 1581 1795 2101 1454 3097 1474 1745 1270 1914 1904 1687 1421 1245 1824 2009 973
2068 1727 1340 1310 1625 612 1720 1686 1565 1757 2130 1506 3083 1501 1732 1297 1932 1908 1699 1464 1293 1833 2044 950
2044 1730 1354 1239 1570 592 1703 1703 1615 1773 2091 1494 3069 1558 1727 1297 1910 1870 1712 1456 1240 1855 2071 941
2048 1686 1344 1205 1571 603 1686 1660 1629 1737 2104 1502 3065 1541 1723 1332 1906 1848 1717 1408 1262 1869 2062 914
2068 1727 1317 1230 1498 562 1703 1660 1582 1799 2091 1518 3024 1625 1696 1314 1910 1874 1712 1426 1319 1869 2040 932
2068 1678 1328 1223 1486 602 1708 1732 1576 1808 2103 1514 3074 1638 1661 1336 1910 1896 1687 1452 1345 1891 1982 937
2092 1645 1268 1281 1490 623 1673 1778 1564 1807 2059 1534 3069 1705 1652 1332 1906 1857 1657 1413 1328 1838 1969 909
2084 1630 1243 1308 1498 657 1674 1799 1517 1761 2096 1522 3119 1709 1648 1389 1910 1921 1588 1391 1350 1780 1986 914
2088 1657 1235 1321 1503 708 1678 1808 1489 1806 2092 1558 3128 1758 1643 1358 1867 1883 1579 1456 1310 1771 1950 914
2076 1704 1230 1334 1536 792 1628 1798 1524 1804 2104 1530 3137 1718 1612 1380 1893 1879 1575 1408 1297 1820 1932 919
2040 1733 1231 1314 1533 791 1674 1802 1553 1757 2109 1514 3087 1718 1630 1389 1841 1896 1571 1383 1288 1802 1959 937
2048 1701 1317 1270 1493 766 1662 1750 1521 1806 2143 1518 3142 1638 1617 1419 1853 1947 1618 1352 1275 1869 1972 950
2072 1708 1328 1309 1479 685 1613 1741 1513 1861 2129 1558 3115 1655 1639 1393 1849 1922 1661 1361 1279 1900 1959 950
2060 1687 1371 1300 1467 685 1614 1758 1593 1844 2176 1534 3142 1611 1670 1389 1867 1900 1644 1374 1314 1864 1994 973
2060 1662 1389 1264 1481 696 1656 1748 1606 1863 2168 1522 3165 1593 1723 1354 1797 1935 1665 1404 1314 1829 2034 1014
2096 1679 1352 1221 1502 726 1639 1740 1587 1841 2188 1502 3137 1624 1692 1280 1849 1892 1652 1408 1323 1820 2043 987
2100 1720 1329 1255 1493 713 1686 1757 1554 1812 2108 1518 3074 1682 1683 1267 1815 1871 1648 1482 1367 1780 2012 1023
2064 1750 1321 1201 1519 735 1734 1770 1575 1767 2133 1530 3060 1656 1679 1337 1828 1875 1686 1491 1411 1767 1968 1037
2056 1783 1244 1204 1539 747 1713 1772 1536 1772 2120 1554 3028 1642 1688 1323 1850 1957 1682 1447 1376 1776 2017 1041
2044 1785 1266 1181 1533 722 1708 1844 1561 1695 2129 1591 2974 1674 1705 1424 1950 1935 1652 1443 1354 1798 2021 1019
2032 1783 1285 1174 1502 714 1721 1805 1559 1748 2084 1595 2997 1634 1688 1490 1963 1913 1618 1461 1367 1842 1994 1023
2003 1807 1303 1140 1536 731 1695 1796 1624 1737 2103 1534 3001 1607 1749 1485 1972 1930 1553 1478 1354 1855 1995 982
2023 1783 1303 1188 1518 760 1692 1809 1658 1749 2070 1514 3010 1656 1771 1446 2002 1969 1481 1465 1297 1886 2026 946
2044 1738 1362 1206 1509 690 1687 1816 1654 1743 2060 1466 3033 1696 1767 1498 1997 1999 1511 1509 1341 1917 1946 905
2064 1741 1353 1273 1464 715 1703 1768 1616 1848 2062 1458 3065 1660 1732 1394 1949 2003 1524 1483 1341 1877 1920 914
2068 1732 1294 1348 1504 724 1625 1819 1648 1847 2141 1482 3010 1687 1763 1385 1906 2003 1605 1491 1319 1944 1933 909
2096 1715 1295 1402 1537 745 1616 1836 1612 1864 2164 1514 3024 1651 1718 1385 1893 1994 1691 1470 1314 1917 1933 928
1991 1749 1295 1321 1529 728 1741 1766 1550 1773 2069 1514 3056 1620 1741 1384 1858 1857 1631 1391 1315 1820 1924 846
1934 1768 1277 1331 1551 742 1680 1823 1533 1855 2018 1486 3019 1656 1741 1389 1871 1844 1700 1430 1345 1776 1946 891
1979 1721 1247 1318 1543 745 1718 1852 1547 1841 1996 1470 3092 1701 1758 1367 1897 1827 1695 1482 1437 1749 1955 950
1951 1757 1254 1331 1561 699 1718 1852 1591 1837 2008 1522 3060 1683 1723 1428 1910 1840 1738 1482 1389 1727 1964 978
1955 1706 1238 1354 1576 699 1726 1835 1622 1861 2069 1518 3087 1741 1670 1463 1901 1913 1730 1478 1372 1780 1999 1037
1995 1686 1250 1345 1534 716 1758 1823 1632 1863 2109 1506 3074 1705 1674 1437 1928 1904 1777 1474 1372 1771 2030 1073
2032 1692 1260 1371 1471 675 1737 1811 1617 1836 2152 1506 3128 1674 1665 1446 1954 1926 1768 1479 1337 1736 2052 1069
2019 1774 1253 1398 1449 633 1644 1778 1632 1839 2218 1518 3101 1611 1635 1542 1910 1930 1790 1474 1280 1745 2048 1055
2036 1776 1287 1411 1478 667 1652 1799 1582 1887 2174 1458 3078 1652 1652 1477 1950 1930 1738 1418 1284 1741 2008 1059
2027 1831 1318 1410 1506 712 1628 1838 1574 1915 2101 1470 3033 1634 1732 1464 1971 1883 1777 1365 1310 1652 2021 1009
2056 1856 1300 1365 1523 708 1641 1839 1529 1866 2064 1482 3024 1621 1696 1463 1949 1883 1721 1395 1284 1635 2013 1005
2080 1813 1297 1301 1517 736 1633 1830 1583 1861 2050 1490 2969 1607 1749 1464 1910 1879 1713 1430 1319 1683 1964 973
2084 1778 1271 1294 1471 802 1670 1901 1567 1836 2037 1498 2997 1585 1749 1385 1940 1917 1674 1430 1319 1714 1933 996
2088 1770 1271 1327 1483 824 1697 1880 1588 1797 2072 1554 3037 1563 1794 1415 1918 1917 1653 1460 1306 1727 1959 1005
2088 1746 1314 1322 1457 770 1688 1868 1558 1764 2132 1558 3033 1536 1723 1328 1914 1926 1636 1565 1284 1758 1915 996
2064 1757 1333 1397 1461 757 1639 1856 1558 1738 2105 1571 3033 1581 1754 1349 1927 1939 1657 1547 1263 1763 1963 991
2056 1792 1324 1418 1470 774 1653 1844 1523 1726 2095 1554 3087 1642 1736 1310 1940 1960 1653 1526 1215 1780 1946 1009
2072 1774 1347 1388 1583 707 1616 1772 1545 1716 2085 1550 3037 1656 1763 1310 1910 1934 1619 1508 1171 1785 1955 996
2052 1749 1335 1358 1598 664 1611 1772 1549 1771 2067 1526 3024 1655 1780 1306 1884 1883 1648 1521 1210 1754 1942 950
2064 1771 1356 1319 1662 697 1616 1734 1539 1783 2057 1526 3087 1651 1824 1376 1897 1891 1635 1461 1206 1736 1955 964
2096 1774 1382 1249 1666 689 1644 1712 1557 1802 2119 1514 3133 1656 1816 1376 1910 1909 1640 1491 1262 1771 1893 973
2096 1747 1391 1248 1726 663 1678 1746 1559 1831 2157 1514 3147 1624 1785 1393 1962 1896 1631 1461 1332 1754 1901 919
2088 1755 1396 1281 1661 668 1703 1741 1598 1841 2146 1518 3165 1687 1780 1385 1966 1883 1712 1465 1384 1710 1914 873
2064 1751 1403 1272 1679 711 1696 1750 1594 1790 2212 1522 3192 1682 1727 1363 1953 1939 1699 1431 1336 1732 1910 868
2056 1790 1342 1252 1589 703 1704 1813 1579 1791 2178 1514 3137 1704 1710 1359 1932 1909 1661 1465 1345 1785 1910 896
2040 1770 1282 1231 1603 686 1725 1834 1541 1876 2168 1530 3119 1673 1723 1319 1910 1853 1691 1439 1350 1727 1928 882
2040 1791 1311 1248 1593 674 1729 1800 1527 1861 2161 1530 3097 1695 1718 1367 1876 1879 1631 1435 1310 1802 1937 923
2011 1791 1291 1224 1608 703 1729 1852 1475 1896 2199 1558 3137 1705 1683 1380 1897 1913 1597 1413 1258 1824 1937 932
2060 1767 1326 1206 1645 640 1729 1893 1515 1927 2131 1583 3128 1714 1692 1376 1897 1968 1601 1444 1293 1829 2021 973
2044 1742 1326 1250 1701 581 1720 1855 1552 1931 2210 1571 3128 1754 1696 1389 1915 2037 1635 1418 1337 1758 2052 950
2060 1722 1383 1260 1544 660 1709 1778 1632 1873 2126 1530 3051 1563 1674 1327 1884 1990 1746 1365 1271 1816 2031 950
2027 1673 1388 1288 1511 638 1688 1775 1614 1893 2151 1562 3065 1670 1652 1411 1853 2003 1768 1330 1258 1807 2115 909
2044 1707 1376 1280 1524 651 1631 1813 1618 1943 2184 1546 3047 1665 1635 1428 1845 1921 1716 1313 1279 1820 2128 928
2076 1707 1339 1267 1528 622 1685 1827 1571 1941 2194 1575 3051 1608 1701 1424 1797 1883 1725 1309 1323 1816 2124 937
2072 1766 1323 1261 1482 652 1714 1827 1566 1849 2199 1611 3028 1577 1688 1402 1814 1891 1695 1357 1297 1855 2070 973
2084 1717 1336 1245 1492 693 1669 1796 1532 1855 2224 1550 3074 1630 1705 1323 1823 1909 1627 1400 1249 1864 2110 955
2072 1767 1280 1249 1481 656 1623 1824 1492 1863 2231 1534 3069 1585 1679 1284 1836 1883 1635 1409 1253 1869 2057 978
2088 1763 1291 1275 1454 664 1661 1837 1485 1842 2218 1506 3074 1558 1670 1315 1876 1965 1687 1426 1196 1838 1977 955
2060 1806 1307 1300 1485 694 1649 1824 1494 1875 2175 1518 3092 1615 1630 1319 1893 1943 1674 1473 1153 1798 1986 991
2092 1766 1303 1236 1476 676 1612 1842 1482 1881 2162 1486 3083 1651 1626 1345 1954 1969 1661 1495 1174 1741 2052 973
2104 1810 1283 1272 1499 731 1637 1848 1500 1891 2125 1542 3060 1664 1643 1437 2019 1913 1708 1417 1227 1780 2013 969
2125 1800 1309 1251 1485 726 1629 1815 1512 1879 2043 1530 3051 1682 1688 1406 2054 1904 1703 1456 1183 1776 2021 973
2080 1816 1312 1236 1507 672 1666 1784 1494 1852 2074 1567 3060 1664 1665 1441 2071 1810 1703 1404 1209 1811 2097 978
2112 1816 1278 1248 1524 680 1666 1796 1499 1814 2088 1550 3028 1656 1670 1437 2058 1827 1686 1399 1200 1829 2052 982
2096 1820 1312 1322 1551 681 1700 1833 1468 1900 2080 1554 3060 1682 1679 1367 1980 1789 1734 1387 1157 1816 2017 1000
2068 1776 1328 1287 1551 635 1667 1857 1439 1827 2116 1522 3065 1625 1674 1324 1945 1789 1738 1426 1152 1763 1973 1023
2072 1770 1321 1304 1526 644 1705 1891 1475 1839 2137 1526 3047 1647 1688 1407 1893 1763 1734 1370 1179 1789 1981 1019
2088 1770 1263 1368 1514 673 1683 1904 1504 1867 2101 1518 3037 1652 1683 1415 1867 1789 1734 1383 1157 1816 1995 1032
2072 1771 1250 1334 1488 664 1667 1913 1475 1862 2122 1514 3047 1590 1710 1332 1884 1806 1717 1370 1175 1820 1990 1014
2076 1751 1268 1316 1492 681 1670 1858 1502 1815 2104 1510 3024 1537 1714 1337 1837 1832 1639 1348 1205 1869 1995 1050
2076 1842 1263 1309 1481 686 1719 1812 1518 1892 2061 1498 2978 1586 1723 1363 1811 1870 1661 1348 1166 1869 2012 1046
2036 1830 1214 1332 1531 682 1695 1799 1475 1930 2068 1498 3001 1581 1701 1315 1841 1921 1626 1400 1210 1855 1924 1041
2036 1846 1252 1234 1548 657 1696 1803 1467 1937 2042 1482 2997 1572 1754 1302 1836 1926 1601 1404 1244 1816 1888 1069
2036 1804 1280 1260 1577 691 1748 1828 1507 1964 2026 1526 3001 1656 1710 1345 1858 1973 1691 1426 1266 1807 1897 1064
2048 1822 1288 1252 1572 667 1749 1845 1505 1927 2050 1518 3006 1669 1732 1371 1884 1930 1751 1447 1293 1732 1888 1028
2027 1791 1319 1236 1569 658 1737 1910 1509 1845 2054 1534 3051 1598 1701 1354 1858 1934 1747 1395 1349 1763 1924 1028
2072 1773 1330 1214 1574 696 1778 1983 1497 1769 2067 1558 3033 1625 1710 1354 1871 1896 1777 1370 1310 1776 1999 1023
2064 1800 1329 1235 1566 724 1772 1974 1493 1775 2098 1550 3060 1625 1736 1341 1910 1921 1790 1391 1319 1776 1968 982
2056 1788 1330 1230 1558 728 1733 1988 1501 1771 2166 1546 3078 1611 1776 1393 1884 1866 1725 1348 1288 1811 2004 1009
2044 1766 1264 1222 1525 764 1741 2025 1504 1802 2150 1558 3060 1620 1745 1407 1975 1857 1717 1374 1284 1864 1982 987
2080 1834 1281 1245 1610 698 1702 1864 1496 1742 2166 1534 3042 1647 1723 1437 1832 2003 1717 1474 1267 1798 1955 1009
2092 1802 1350 1276 1611 716 1713 1851 1482 1749 2157 1510 3051 1642 1718 1507 1884 2020 1721 1504 1293 1776 1888 1005
2137 1788 1332 1300 1648 720 1738 1788 1476 1745 2128 1514 3083 1709 1692 1472 1944 2007 1721 1487 1276 1758 1857 1019
2125 1713 1373 1287 1641 758 1771 1824 1390 1718 2143 1494 3074 1723 1745 1489 1957 1959 1738 1452 1319 1767 1906 996
2084 1664 1338 1309 1608 767 1719 1879 1362 1732 2109 1458 3087 1709 1763 1502 1949 1895 1738 1444 1320 1776 1915 969
2096 1670 1298 1285 1633 689 1714 1905 1362 1770 2158 1498 3101 1736 1710 1546 1905 1801 1768 1426 1302 1745 1910 969
2084 1689 1348 1295 1622 681 1731 1889 1395 1814 2206 1510 3092 1758 1679 1485 1910 1797 1773 1418 1328 1727 1941 969
2060 1712 1336 1335 1559 657 1677 1932 1400 1792 2182 1486 3065 1762 1648 1489 1840 1750 1709 1361 1363 1745 1968 937
2060 1675 1368 1319 1549 681 1628 1917 1497 1871 2161 1454 3056 1736 1630 1481 1841 1776 1700 1439 1341 1749 1954 950
2072 1687 1411 1325 1537 694 1682 1894 1518 1887 2209 1494 3019 1714 1643 1437 1827 1810 1687 1439 1367 1710 2003 982
2064 1680 1425 1342 1512 734 1652 1872 1524 1862 2178 1478 3015 1687 1630 1432 1914 1805 1674 1457 1341 1665 1967 982
2088 1693 1386 1356 1514 766 1647 1904 1475 1829 2169 1494 2987 1638 1670 1432 1953 1767 1691 1487 1297 1652 1896 955
2096 1678 1401 1357 1532 791 1697 1915 1460 1839 2169 1494 2978 1652 1696 1419 1984 1840 1742 1522 1218 1665 1972 991
2117 1769 1357 1349 1527 766 1685 1921 1440 1771 2170 1502 3047 1638 1683 1375 2005 1823 1746 1496 1192 1718 1994 1000
2084 1775 1334 1380 1556 786 1693 1909 1440 1707 2152 1486 3069 1642 1661 1371 2079 1848 1759 1539 1140 1776 1990 1014
2112 1753 1291 1375 1588 790 1702 1964 1477 1696 2179 1466 3106 1655 1652 1332 2066 1879 1759 1565 1197 1807 2070 1032
2096 1702 1263 1309 1584 757 1645 1963 1491 1662 2162 1434 3119 1691 1661 1349 2032 1926 1704 1530 1214 1802 2127 1037
2068 1693 1264 1285 1570 737 1673 1922 1510 1659 2186 1466 3097 1655 1745 1340 2071 1887 1674 1500 1288 1811 2060 1050
2036 1640 1291 1309 1596 728 1662 1922 1508 1690 2196 1478 3078 1629 1714 1371 2036 1900 1605 1439 1293 1771 2052 1046
2080 1677 1306 1298 1602 737 1625 1927 1525 1742 2199 1458 3087 1638 1718 1345 1984 1853 1580 1374 1319 1763 1999 1037
2044 1720 1353 1275 1595 716 1649 1928 1496 1734 2167 1486 3051 1620 1732 1354 1901 1848 1524 1361 1271 1794 1990 1028
2032 1736 1319 1287 1566 744 1644 1987 1494 1771 2263 1498 3051 1674 1745 1415 1897 1831 1533 1361 1223 1807 1998 1046
2040 1756 1328 1293 1549 743 1661 1991 1489 1758 2193 1498 3065 1674 1705 1446 1832 1861 1537 1344 1153 1732 2003 996
2056 1803 1280 1291 1493 756 1719 1957 1496 1788 2198 1486 3010 1705 1701 1428 1854 1870 1576 1400 1205 1714 2003 1032
2052 1755 1241 1262 1493 743 1741 1973 1506 1758 2232 1470 3001 1688 1688 1476 1845 1887 1563 1435 1223 1736 2021 1019
2076 1694 1235 1252 1484 745 1766 1879 1526 1724 2216 1458 3001 1705 1696 1494 1858 1926 1558 1457 1218 1771 1985 1019
2080 1688 1252 1219 1543 717 1813 1818 1530 1720 2087 1470 2978 1669 1643 1428 1840 1909 1558 1474 1236 1745 1963 996
2088 1711 1224 1172 1547 718 1792 1851 1516 1719 2131 1414 3015 1700 1683 1411 1892 1866 1557 1508 1262 1802 1972 1009
2076 1702 1188 1154 1561 680 1817 1889 1516 1681 2156 1418 3051 1669 1701 1441 1858 1865 1544 1482 1214 1816 1976 959
2080 1741 1239 1174 1602 729 1836 1868 1497 1655 2132 1454 3042 1709 1705 1415 1875 1865 1493 1474 1218 1780 1941 928
2084 1815 1207 1180 1622 707 1849 1923 1476 1636 2163 1474 3028 1709 1705 1411 1923 1852 1540 1439 1249 1776 1990 937
2076 1787 1217 1218 1593 712 1895 1915 1491 1634 2216 1446 3033 1669 1798 1459 1970 1822 1511 1435 1306 1842 1994 905
2076 1808 1198 1257 1579 694 1838 1890 1499 1666 2198 1494 2997 1643 1727 1458 1949 1818 1519 1478 1249 1860 2003 891
2056 1812 1289 1330 1577 702 1821 1822 1542 1691 2118 1494 2960 1687 1718 1476 2005 1818 1532 1469 1262 1851 1999 891
2036 1795 1246 1356 1510 669 1755 1830 1586 1733 2095 1498 2915 1656 1723 1507 1932 1789 1558 1457 1205 1824 2039 937
1995 1746 1278 1380 1476 707 1780 1818 1596 1756 2041 1450 2915 1647 1714 1494 1919 1797 1558 1495 1178 1842 2004 959
1987 1786 1294 1407 1528 702 1731 1838 1596 1724 2066 1490 2887 1714 1688 1459 1893 1844 1571 1495 1209 1802 2017 1005
1991 1778 1346 1393 1538 731 1797 1864 1584 1662 2110 1526 2924 1736 1696 1446 1915 1891 1584 1439 1279 1785 2026 1023
1991 1806 1278 1349 1552 756 1772 1933 1581 1644 2213 1538 2965 1683 1696 1393 1884 1849 1588 1434 1310 1785 2048 1014
1983 1838 1319 1306 1595 756 1842 1926 1586 1614 2205 1514 3037 1719 1665 1411 1910 1849 1618 1456 1328 1829 2048 1037
2007 1866 1326 1301 1606 759 1784 1882 1630 1618 2242 1550 3060 1728 1661 1398 1884 1831 1588 1395 1367 1829 2070 1055
2036 1841 1335 1324 1567 785 1779 1847 1583 1686 2228 1534 3097 1670 1661 1358 1897 1844 1579 1408 1306 1838 2057 1046
2052 1825 1333 1334 1559 747 1773 1816 1628 1745 2210 1486 3101 1638 1635 1402 1905 1805 1558 1447 1345 1842 2026 1055
2084 1762 1389 1295 1564 701 1751 1815 1584 1716 2130 1514 3083 1647 1683 1428 1883 1835 1558 1465 1306 1860 2034 1041
2084 1706 1412 1324 1569 663 1798 1835 1563 1716 2126 1522 3042 1585 1736 1419 1910 1853 1545 1460 1340 1833 2057 1028
2100 1723 1400 1311 1571 635 1797 1869 1554 1747 2134 1526 3024 1567 1807 1393 1940 1904 1532 1500 1283 1798 2039 996
2104 1762 1377 1282 1558 577 1809 1892 1588 1667 2116 1514 2997 1585 1789 1424 1945 1857 1536 1443 1283 1780 2017 1009
2112 1783 1360 1264 1620 574 1803 1872 1561 1608 2164 1506 2942 1576 1838 1340 1910 1874 1537 1404 1218 1785 1977 1046
2080 1816 1311 1274 1642 619 1807 1845 1593 1691 2166 1542 2956 1572 1860 1345 1923 1874 1511 1430 1240 1833 1977 1105
2084 1868 1211 1258 1632 662 1702 1842 1614 1710 2213 1558 2983 1603 1882 1293 1932 1900 1502 1452 1231 1855 1972 1132
2048 1878 1197 1239 1642 615 1736 1850 1603 1729 2192 1575 2960 1643 1816 1301 1945 1861 1494 1374 1253 1869 1963 1119
2023 1854 1151 1232 1638 706 1749 1854 1608 1801 2202 1583 3001 1616 1811 1310 1914 1874 1494 1344 1200 1913 2083 1096
2003 1770 1159 1274 1613 776 1723 1870 1644 1851 2170 1587 3051 1615 1789 1358 1944 1887 1532 1383 1231 1913 2154 1064
2056 1764 1174 1268 1544 764 1739 1866 1626 1818 2191 1482 3047 1598 1727 1336 1910 1895 1554 1339 1223 1847 2167 1019
2080 1724 1244 1303 1553 777 1777 1848 1631 1822 2101 1470 3042 1571 1688 1411 1944 1904 1558 1283 1240 1864 2229 941
2104 1698 1279 1343 1535 773 1774 1857 1577 1824 2122 1454 3092 1553 1710 1459 1901 1942 1588 1313 1245 1816 2207 959
2100 1721 1326 1335 1543 704 1732 1834 1559 1760 2086 1458 3101 1602 1679 1459 1892 1942 1593 1335 1245 1802 2114 973
2084 1779 1319 1294 1551 672 1764 1843 1581 1726 2083 1482 3110 1621 1741 1437 1845 1904 1588 1309 1236 1794 2074 978
2064 1757 1357 1306 1619 697 1777 1890 1591 1724 2095 1494 3106 1603 1723 1446 1858 1870 1575 1335 1236 1794 2043 991
2080 1762 1293 1293 1594 663 1767 1908 1570 1722 2152 1510 3087 1638 1714 1446 1840 1861 1567 1352 1201 1785 1972 1078
2108 1702 1315 1379 1566 754 1649 1821 1578 1860 2202 1526 3028 1589 1692 1389 1927 1977 1738 1461 1336 1847 1960 932
2104 1722 1332 1375 1616 834 1706 1809 1570 1898 2208 1530 3006 1598 1701 1398 1910 1964 1691 1474 1275 1851 1969 969
2108 1639 1287 1360 1661 876 1714 1847 1600 1852 2201 1490 2983 1581 1718 1446 1945 1926 1717 1461 1306 1816 2009 937
2129 1623 1327 1354 1601 876 1780 1855 1574 1852 2171 1486 3024 1514 1763 1463 1936 1999 1708 1391 1271 1710 2035 946
2149 1640 1301 1335 1591 860 1781 1855 1584 1887 2174 1514 3024 1545 1780 1511 1958 1994 1712 1422 1284 1696 2062 946
2121 1652 1279 1334 1567 868 1727 1850 1615 1904 2115 1502 2978 1532 1824 1547 1884 1934 1734 1426 1302 1714 2035 950
2112 1669 1279 1317 1495 809 1766 1832 1672 1885 2087 1530 2974 1532 1785 1485 1862 1887 1760 1418 1319 1705 1995 923
2092 1742 1316 1317 1505 759 1762 1824 1640 1919 2097 1558 3006 1567 1776 1477 1836 1917 1739 1470 1315 1794 1959 950
2060 1781 1302 1295 1556 712 1758 1816 1621 1876 2033 1546 3028 1643 1732 1485 1893 1853 1721 1557 1341 1776 1933 932
2027 1732 1336 1277 1522 670 1779 1817 1613 1831 1986 1542 3015 1629 1710 1477 1910 1874 1730 1522 1345 1776 1929 941
2015 1726 1355 1294 1530 666 1804 1817 1599 1811 2021 1562 3083 1709 1599 1406 1997 1883 1670 1535 1328 1785 1915 932
1987 1694 1320 1314 1552 677 1782 1826 1537 1771 2014 1534 3083 1705 1621 1424 2036 1866 1635 1509 1289 1767 1986 964
1963 1646 1311 1263 1535 664 1782 1823 1573 1730 2009 1538 3065 1735 1626 1419 2066 1831 1627 1470 1328 1736 1986 923
1979 1616 1324 1302 1530 653 1719 1823 1647 1730 2027 1538 3065 1691 1626 1411 2023 1840 1618 1400 1337 1794 1964 959
1967 1638 1346 1311 1531 653 1698 1771 1677 1702 2074 1534 3083 1695 1652 1397 2018 1797 1575 1387 1301 1838 1959 982
1983 1682 1329 1314 1544 683 1677 1754 1664 1696 2078 1522 3047 1637 1749 1385 1979 1831 1623 1357 1350 1855 2003 996
2003 1710 1350 1336 1590 688 1648 1729 1649 1757 2099 1542 3056 1611 1771 1424 1984 1861 1657 1352 1393 1860 1977 964
2023 1821 1344 1374 1536 671 1622 1729 1643 1758 2117 1554 3060 1589 1736 1385 1954 1878 1661 1439 1354 1833 1968 1009
2052 1865 1359 1376 1494 671 1693 1733 1637 1793 2134 1558 3028 1611 1776 1433 1936 1870 1636 1539 1319 1798 2052 1014
2048 1909 1340 1383 1514 654 1672 1789 1583 1826 2194 1526 3037 1642 1754 1385 1906 1896 1730 1526 1306 1780 2052 987
2068 1872 1334 1344 1502 612 1668 1823 1589 1763 2255 1514 3060 1647 1692 1424 1867 1939 1704 1565 1258 1763 1990 973
2088 1865 1321 1306 1449 629 1665 1868 1626 1699 2239 1510 3101 1700 1696 1411 1832 1934 1666 1578 1289 1718 1990 991
2092 1840 1323 1298 1511 638 1691 1842 1583 1731 2207 1538 3092 1634 1749 1428 1802 2003 1661 1517 1280 1665 1972 978
2076 1800 1313 1238 1542 646 1666 1851 1522 1703 2221 1542 3142 1625 1710 1376 1845 1986 1721 1474 1337 1674 1897 1005
2100 1757 1318 1208 1535 690 1726 1846 1525 1710 2122 1558 3106 1634 1718 1398 1836 2020 1653 1465 1380 1674 1928 991
2092 1766 1367 1208 1539 698 1780 1821 1519 1770 2047 1542 3060 1647 1763 1385 1888 1973 1644 1417 1380 1674 1972 996
2076 1768 1390 1208 1554 680 1829 1755 1525 1749 2063 1571 3033 1580 1741 1389 1906 1973 1635 1373 1315 1710 1977 959
2044 1734 1410 1227 1562 701 1833 1772 1523 1758 2059 1530 3001 1638 1714 1406 1927 1934 1648 1330 1328 1776 2012 928
2044 1747 1382 1234 1510 731 1808 1734 1514 1762 2049 1510 3006 1643 1736 1393 1901 1938 1627 1343 1328 1794 2017 850
2036 1751 1341 1261 1496 728 1795 1729 1533 1741 2056 1502 3015 1602 1736 1363 1910 1853 1618 1348 1311 1785 1955 846
2032 1751 1364 1309 1674 586 1707 1858 1627 1857 2219 1538 3115 1772 1661 1463 1884 2041 1597 1418 1289 1802 2035 973
2023 1800 1347 1305 1628 594 1637 1875 1651 1832 2182 1534 3101 1731 1718 1471 1836 1994 1669 1470 1306 1763 2039 982
2040 1820 1360 1242 1633 577 1663 1824 1632 1814 2182 1518 3056 1673 1749 1511 1788 1960 1678 1470 1354 1785 2043 1023
1995 1873 1321 1239 1578 610 1714 1774 1583 1816 2218 1490 3047 1660 1732 1493 1767 1913 1673 1483 1320 1780 2021 1023
2032 1894 1335 1226 1570 651 1665 1803 1545 1803 2146 1518 3069 1607 1754 1493 1741 1896 1704 1522 1315 1798 2048 1041
1983 1894 1305 1182 1601 680 1639 1803 1470 1765 2152 1538 3074 1598 1802 1472 1754 1913 1747 1517 1341 1807 2039 1055
1979 1807 1268 1181 1634 671 1701 1811 1451 1821 2188 1526 3060 1638 1802 1424 1776 1977 1742 1474 1298 1732 1977 1073
1983 1772 1263 1260 1630 720 1723 1871 1407 1856 2227 1494 3060 1590 1771 1376 1854 1994 1717 1513 1267 1688 1986 1028
2019 1759 1267 1298 1581 766 1659 1964 1397 1845 2235 1482 3051 1585 1780 1398 1888 2020 1747 1456 1332 1723 1946 996
1987 1729 1264 1319 1550 787 1725 1935 1414 1839 2256 1478 3069 1572 1758 1332 1867 2003 1695 1430 1280 1714 1884 964
2060 1738 1307 1300 1554 778 1746 1935 1451 1903 2283 1486 3069 1567 1710 1297 1832 2007 1674 1396 1271 1705 1902 923
2060 1824 1317 1292 1520 762 1704 1991 1455 1852 2311 1490 3060 1545 1643 1297 1880 1956 1610 1431 1254 1820 1968 928
2064 1846 1356 1310 1575 721 1620 1933 1526 1802 2251 1482 3065 1541 1688 1288 1880 1917 1640 1400 1228 1833 1981 964
2072 1652 1355 1250 1578 776 1742 1872 1471 1883 2085 1478 2965 1528 1789 1384 1849 1883 1639 1387 1100 1824 1954 982
2064 1738 1335 1282 1591 768 1745 1842 1499 1879 2039 1478 3015 1563 1829 1389 1866 1870 1545 1348 1113 1829 1972 973
2084 1728 1296 1318 1586 764 1690 1875 1519 1872 2049 1506 3051 1589 1847 1402 1862 1875 1481 1348 1183 1767 1972 932
2064 1722 1295 1318 1603 789 1650 1860 1521 1850 2023 1526 3083 1585 1776 1398 1828 1849 1463 1391 1192 1741 1977 964
2064 1751 1305 1333 1574 709 1658 1913 1581 1864 2055 1514 3115 1540 1749 1463 1850 1853 1493 1400 1192 1727 1937 969
2048 1731 1267 1313 1557 710 1646 1893 1617 1842 2074 1502 3124 1571 1780 1507 1828 1887 1562 1378 1240 1767 1946 959
2052 1678 1262 1293 1520 735 1658 1871 1545 1842 2136 1498 3092 1589 1736 1533 1806 1870 1635 1391 1170 1736 1942 932
2068 1629 1279 1290 1589 751 1624 1850 1532 1843 2109 1466 3060 1576 1710 1489 1824 1892 1708 1413 1183 1789 2008 941
2068 1703 1289 1315 1568 716 1689 1836 1558 1871 2143 1482 3065 1607 1723 1419 1897 1900 1729 1370 1144 1794 1981 932
2007 1709 1288 1267 1555 759 1681 1813 1551 1882 2132 1482 3033 1634 1741 1371 1854 1913 1759 1370 1153 1829 2044 950
2027 1664 1271 1310 1546 752 1718 1800 1480 1887 2119 1510 3051 1629 1652 1354 1862 1947 1725 1344 1087 1864 2061 923
2032 1633 1272 1344 1578 743 1714 1827 1517 1871 2102 1466 3042 1647 1683 1336 1853 1973 1738 1352 1179 1900 2092 937
2015 1630 1263 1324 1569 727 1777 1857 1526 1916 2157 1510 3060 1656 1701 1301 1866 1956 1708 1352 1188 1939 2071 932
2056 1629 1288 1288 1627 782 1782 1861 1544 1898 2166 1494 3042 1558 1710 1332 1853 1960 1721 1405 1245 1935 2058 950
2084 1557 1302 1320 1606 773 1815 1810 1534 1865 2144 1542 3078 1607 1692 1284 1880 2003 1691 1422 1262 1900 2027 941
2060 1619 1351 1294 1585 752 1739 1801 1603 1811 2149 1498 3051 1607 1705 1253 1897 1986 1687 1426 1306 1882 2044 946
2060 1663 1376 1273 1623 723 1718 1771 1623 1882 2150 1534 3074 1607 1696 1266 1919 1973 1691 1361 1275 1873 2057 932
2056 1722 1264 1263 1503 768 1737 1981 1517 1865 2228 1579 3051 1647 1780 1403 1988 1840 1721 1409 1319 1877 2052 978
2040 1760 1295 1242 1496 788 1741 1908 1534 1856 2208 1554 3078 1643 1771 1437 2019 1883 1738 1396 1323 1869 2039 996
2056 1676 1299 1248 1515 786 1741 1880 1501 1817 2172 1534 3074 1665 1754 1476 1971 1853 1755 1405 1354 1886 2070 1009
2056 1674 1287 1195 1431 764 1742 1849 1500 1825 2152 1518 3042 1639 1745 1441 1971 1853 1764 1452 1354 1860 2053 978
2027 1692 1307 1197 1477 766 1754 1821 1501 1861 2142 1526 3078 1630 1785 1459 1901 1891 1764 1452 1363 1891 2088 1000
2052 1714 1295 1200 1491 754 1729 1800 1507 1801 2081 1526 3097 1608 1754 1450 1910 1926 1717 1487 1297 1869 2013 1023
2084 1721 1283 1270 1452 703 1719 1783 1563 1788 2068 1558 3078 1621 1741 1419 1923 1891 1652 1491 1306 1824 2000 1000
2064 1741 1300 1263 1474 685 1726 1824 1634 1756 2078 1603 3078 1572 1723 1398 1975 1930 1652 1469 1262 1785 2030 973
2052 1735 1338 1333 1568 691 1734 1819 1642 1716 2054 1587 3106 1616 1745 1376 1936 1973 1648 1434 1293 1745 1999 982
2068 1705 1354 1338 1572 695 1715 1762 1614 1690 2030 1583 3106 1607 1727 1376 1962 1973 1588 1426 1271 1754 1955 955
2068 1724 1342 1382 1609 694 1761 1757 1619 1700 2025 1567 3106 1633 1701 1428 1971 1908 1618 1408 1266 1714 1928 919
2027 1698 1333 1344 1628 720 1741 1740 1593 1752 2029 1558 3119 1598 1710 1481 1914 1904 1657 1391 1257 1789 1968 969
2044 1755 1303 1330 1585 750 1706 1723 1528 1748 1999 1554 3078 1611 1714 1494 1906 1900 1704 1400 1258 1847 1950 982
2052 1782 1268 1310 1563 733 1685 1695 1532 1794 1993 1607 3074 1602 1674 1555 1932 1832 1674 1400 1262 1877 1986 991
2060 1846 1258 1348 1529 712 1711 1736 1569 1793 1996 1599 3060 1611 1639 1542 1958 1819 1725 1374 1284 1860 2026 1005
2040 1801 1275 1290 1516 737 1678 1767 1547 1803 2009 1631 3019 1615 1657 1520 1962 1853 1704 1396 1310 1931 2061 1028
2068 1795 1332 1279 1513 707 1674 1801 1526 1743 2019 1599 3001 1616 1652 1480 1923 1849 1708 1361 1297 1895 2052 996
2092 1763 1363 1297 1535 677 1633 1809 1550 1799 2036 1583 3028 1620 1630 1441 1871 1870 1584 1374 1327 1829 2047 1019
2076 1757 1379 1288 1558 680 1655 1816 1534 1768 2103 1534 3042 1620 1639 1419 1801 1900 1614 1374 1310 1820 2074 1019
2056 1751 1364 1263 1554 697 1643 1820 1505 1718 2144 1554 3078 1647 1657 1437 1758 1904 1605 1361 1292 1776 2043 1037
2048 1729 1355 1297 1551 685 1650 1795 1522 1691 2193 1554 3106 1656 1723 1376 1732 1913 1635 1339 1292 1714 2043 1046
2036 1784 1329 1314 1614 685 1710 1783 1534 1732 2219 1546 3110 1651 1723 1389 1767 1960 1627 1343 1345 1670 2047 1046
1987 1775 1260 1313 1614 664 1785 1767 1543 1716 2237 1538 3097 1625 1794 1424 1819 1904 1661 1291 1345 1679 2048 1041
2011 1760 1268 1321 1602 652 1754 1839 1575 1698 2162 1550 3087 1598 1811 1402 1940 1909 1635 1296 1358 1665 2034 1028
2027 1731 1278 1309 1576 649 1720 1848 1591 1731 2149 1562 3083 1606 1860 1389 1927 1866 1661 1318 1376 1674 2048 1000
2056 1804 1287 1300 1580 659 1740 1868 1558 1744 2143 1514 3087 1611 1771 1446 1949 1909 1627 1231 1349 1665 2017 978
2052 1785 1218 1257 1537 667 1682 1883 1547 1724 2125 1530 3092 1602 1763 1398 1897 1870 1644 1261 1297 1732 2039 1005
2064 1790 1274 1230 1570 696 1648 1928 1551 1738 2184 1542 3083 1589 1718 1424 1854 1904 1661 1365 1288 1745 2035 1000
2072 1853 1246 1251 1591 688 1676 1869 1521 1755 2191 1567 3065 1651 1683 1450 1806 1934 1687 1378 1240 1745 1973 1028
2100 1882 1245 1214 1627 650 1722 1859 1500 1740 2207 1546 3056 1655 1639 1454 1823 1998 1691 1383 1223 1758 1968 1037
2052 1729 1292 1286 1623 736 1748 1851 1611 1732 2164 1518 3078 1603 1718 1459 1862 1835 1593 1370 1240 1794 2043 1069
2080 1752 1254 1341 1620 759 1785 1822 1641 1742 2160 1522 3028 1554 1736 1481 1840 1857 1592 1387 1279 1811 2097 1082
2129 1745 1290 1367 1577 728 1739 1806 1596 1754 2159 1482 3001 1545 1718 1463 1840 1908 1571 1356 1266 1785 2097 1055
2117 1796 1300 1365 1548 690 1748 1716 1590 1819 2152 1502 3006 1563 1688 1498 1814 1921 1575 1343 1249 1749 2070 1041
2104 1798 1346 1336 1610 689 1747 1674 1578 1825 2163 1518 3010 1590 1718 1445 1827 1947 1614 1352 1279 1692 2083 1032
2125 1827 1334 1330 1525 667 1721 1723 1595 1830 2151 1522 2987 1599 1718 1410 1853 1951 1592 1365 1249 1696 2079 1037
2092 1784 1338 1305 1547 605 1694 1792 1610 1863 2224 1530 3028 1638 1758 1406 1910 1985 1558 1335 1231 1608 1999 1000
2056 1802 1344 1254 1556 669 1683 1791 1588 1860 2145 1534 3060 1629 1763 1441 1949 1959 1537 1361 1188 1608 2016 1005
2076 1772 1275 1264 1529 657 1698 1825 1600 1777 2149 1522 3056 1625 1847 1398 1984 1942 1524 1322 1201 1657 2043 1019
2084 1771 1257 1283 1483 629 1714 1850 1634 1752 2180 1482 3042 1572 1776 1385 1940 1916 1502 1326 1140 1696 2030 964
2076 1811 1232 1304 1521 641 1755 1782 1596 1746 2148 1486 3092 1585 1767 1367 1905 1912 1464 1296 1113 1745 1986 991
2072 1818 1277 1271 1469 700 1744 1710 1562 1731 2141 1470 3078 1545 1732 1341 1871 1878 1451 1309 1135 1794 1981 1000
2112 1845 1228 1300 1473 663 1744 1732 1618 1751 2180 1518 3042 1594 1745 1363 1867 1865 1442 1348 1183 1811 2008 1028
2076 1793 1250 1293 1554 693 1706 1737 1612 1750 2152 1546 3037 1616 1749 1380 1879 1895 1443 1313 1174 1771 1990 1005
2064 1773 1246 1281 1562 733 1670 1733 1593 1782 2108 1530 3060 1647 1807 1393 1871 1908 1412 1266 1161 1771 1981 1000
2084 1688 1281 1197 1597 755 1643 1826 1640 1816 2138 1558 3015 1678 1811 1445 1866 1865 1502 1257 1170 1758 1998 1000
2100 1722 1296 1272 1578 725 1648 1864 1653 1836 2068 1567 3024 1718 1842 1493 1866 1866 1545 1283 1130 1763 2047 1032
2092 1656 1295 1266 1591 709 1654 1884 1643 1841 2122 1530 3069 1682 1816 1485 1858 1887 1558 1244 1139 1767 2038 1037
2112 1656 1291 1293 1532 658 1650 1907 1649 1853 2180 1510 3065 1678 1763 1432 1849 1870 1554 1326 1135 1807 2056 1069
2125 1679 1334 1260 1487 663 1674 1896 1688 1896 2238 1542 3047 1678 1780 1415 1888 1840 1592 1339 1165 1842 2091 1073
2112 1729 1330 1311 1444 627 1691 1820 1704 1831 2275 1494 3047 1660 1807 1362 1901 1845 1524 1352 1143 1847 2078 1041
2141 1659 1303 1248 1490 664 1726 1830 1690 1806 2268 1490 3028 1603 1833 1306 1905 1878 1498 1391 1152 1891 2065 1000
2129 1661 1328 1242 1470 684 1758 1835 1650 1806 2219 1514 2978 1626 1869 1257 1918 1861 1499 1322 1121 1904 2016 1005
2141 1731 1370 1200 1500 650 1784 1811 1582 1835 2205 1550 3015 1612 1904 1354 1936 1878 1511 1274 1152 1926 2007 1023
2088 1710 1357 1204 1495 633 1764 1844 1567 1804 2147 1554 3010 1590 1926 1410 1953 1899 1507 1313 1209 1917 1976 1055
2068 1687 1360 1257 1503 625 1734 1849 1525 1805 2087 1567 3006 1635 1833 1437 1970 1938 1499 1300 1209 1904 1954 1050
2056 1757 1402 1253 1506 630 1742 1833 1523 1863 2095 1562 3006 1719 1705 1467 2005 1882 1550 1244 1292 1877 1914 1091
2019 1736 1424 1279 1542 618 1793 1770 1578 1844 2086 1522 3028 1692 1621 1494 1983 1870 1533 1335 1305 1869 1959 1087
1987 1711 1414 1324 1495 677 1746 1791 1631 1823 2054 1470 3037 1701 1643 1468 2014 1904 1515 1356 1244 1869 1963 1082
1983 1711 1439 1377 1558 727 1775 1782 1622 1863 2061 1458 3047 1687 1582 1437 1975 1891 1502 1330 1152 1886 1990 1078
1991 1738 1277 1235 1496 471 1642 1901 1487 1641 2085 1562 3092 1665 1758 1476 1832 1797 1507 1526 1227 1802 2105 1137
2015 1691 1289 1202 1454 483 1670 1885 1457 1655 2141 1571 3087 1701 1824 1472 1853 1827 1545 1530 1270 1816 2052 1114
2044 1668 1291 1263 1420 488 1720 1870 1432 1648 2129 1562 3078 1652 1811 1481 1914 1865 1575 1504 1266 1789 2052 1073
2052 1694 1199 1324 1518 554 1742 1869 1346 1670 2106 1562 3065 1607 1727 1402 1940 1938 1558 1439 1301 1838 2128 1032
2048 1754 1255 1352 1517 577 1760 1877 1357 1701 2094 1554 3042 1598 1639 1389 1961 1942 1545 1447 1349 1833 2132 964
2036 1767 1285 1343 1565 607 1764 1865 1363 1718 2117 1575 3001 1537 1679 1415 2018 1955 1516 1448 1328 1816 2110 937
2032 1801 1225 1384 1556 653 1813 1897 1308 1728 2098 1554 3051 1568 1626 1428 2022 1934 1528 1426 1271 1771 2087 905
2027 1819 1249 1348 1568 652 1793 1915 1308 1771 2149 1571 3078 1678 1648 1419 2005 1921 1550 1422 1350 1776 2030 946
2052 1796 1293 1332 1555 686 1805 1889 1386 1720 2079 1583 3074 1696 1665 1419 2022 1857 1550 1439 1341 1688 1994 1005
2076 1757 1272 1305 1581 754 1813 1896 1437 1677 2005 1550 3078 1643 1692 1472 2048 1818 1567 1387 1289 1674 1963 1041
2117 1757 1290 1280 1510 757 1784 1878 1435 1712 1977 1538 3097 1687 1657 1489 1988 1758 1661 1404 1297 1679 1945 1041
2112 1741 1374 1289 1498 737 1766 1870 1490 1721 1964 1575 3051 1634 1705 1494 1979 1776 1622 1413 1302 1741 1994 1059
2100 1726 1319 1242 1513 753 1733 1896 1541 1707 1928 1615 3037 1545 1749 1472 1957 1746 1592 1413 1288 1710 2056 1028
2068 1668 1307 1282 1492 715 1749 1955 1542 1754 1981 1595 3060 1531 1767 1485 1962 1789 1579 1365 1227 1749 2069 1023
2032 1665 1311 1276 1480 674 1787 1935 1512 1810 2001 1635 3056 1598 1811 1406 1936 1814 1575 1378 1235 1758 2100 1014
2032 1671 1280 1306 1530 690 1787 1939 1517 1811 2052 1611 3060 1607 1807 1397 1936 1831 1536 1387 1227 1736 2074 1041
2052 1700 1276 1273 1572 690 1765 1933 1537 1812 2065 1562 3097 1656 1807 1393 1940 1831 1519 1386 1257 1665 2052 1096
2052 1741 1275 1284 1586 652 1753 1920 1540 1794 2085 1518 3097 1767 1754 1402 1949 1874 1536 1439 1236 1745 2092 1137
2052 1778 1286 1269 1582 706 1716 1911 1590 1748 2072 1522 3078 1807 1758 1410 1945 1810 1600 1482 1301 1754 2097 1141
2056 1748 1268 1249 1533 693 1712 1922 1604 1718 2173 1498 3083 1807 1692 1454 1901 1815 1575 1490 1345 1745 2083 1196
2023 1722 1273 1232 1517 717 1754 1921 1664 1714 2197 1526 3074 1820 1710 1459 1962 1815 1549 1469 1371 1718 2092 1196
2023 1742 1345 1260 1502 722 1792 1897 1691 1689 2191 1506 3019 1815 1714 1441 1949 1814 1545 1469 1367 1714 2123 1164
2044 1820 1391 1288 1459 746 1813 1931 1705 1686 2171 1498 3037 1691 1710 1445 1987 1810 1502 1451 1323 1679 2092 1128
2048 1840 1400 1226 1424 760 1792 1914 1669 1753 2176 1502 3015 1634 1745 1450 1979 1810 1464 1425 1292 1608 2114 1096
2072 1882 1434 1284 1507 772 1731 1908 1648 1758 2089 1506 3033 1630 1776 1441 2044 1793 1515 1421 1262 1626 2017 1078
2068 1839 1456 1285 1505 765 1666 1985 1650 1737 2041 1470 3019 1590 1763 1441 1983 1819 1528 1456 1249 1674 2056 1028
2064 1819 1358 1293 1533 765 1644 2036 1639 1728 2046 1506 3015 1586 1741 1441 1992 1797 1524 1469 1187 1643 2003 1005
2044 1743 1390 1267 1616 778 1652 2011 1598 1810 2127 1530 3024 1626 1741 1450 1970 1780 1549 1473 1209 1590 2003 1028
2040 1763 1410 1323 1655 748 1677 1977 1562 1763 2093 1490 3028 1635 1701 1454 1944 1793 1502 1460 1301 1657 1959 1059
2032 1733 1401 1306 1623 700 1702 1964 1611 1717 2079 1466 3006 1621 1718 1397 1949 1836 1477 1426 1354 1665 2074 1073
2027 1671 1414 1387 1668 732 1679 1841 1604 1665 1959 1430 3087 1540 1745 1415 2006 1806 1562 1438 1319 1727 2163 991
2044 1695 1401 1339 1675 720 1695 1819 1621 1612 2034 1490 3060 1572 1741 1450 1928 1819 1520 1430 1289 1639 2132 1009
2040 1717 1367 1334 1582 736 1687 1829 1676 1639 2079 1518 3037 1678 1732 1463 1984 1823 1575 1495 1324 1661 2075 1046
2040 1694 1353 1320 1581 765 1745 1859 1772 1560 2040 1530 3033 1674 1705 1441 2001 1810 1635 1421 1389 1639 2057 1091
2036 1721 1361 1274 1600 807 1744 1831 1738 1573 2033 1526 3019 1688 1665 1450 1923 1827 1614 1417 1363 1604 2097 1096
2040 1692 1378 1220 1616 774 1731 1815 1742 1551 2025 1554 3037 1670 1670 1441 1932 1908 1674 1452 1350 1688 2114 1146
2068 1670 1421 1229 1603 752 1727 1885 1708 1590 2019 1522 3042 1697 1710 1384 2010 1904 1640 1526 1337 1696 2163 1082
2068 1724 1421 1226 1617 768 1678 1856 1641 1583 2032 1538 3042 1638 1714 1410 1966 1895 1636 1474 1319 1683 2185 1059
2064 1713 1479 1260 1629 723 1682 1785 1606 1623 2075 1526 3069 1612 1780 1410 1949 1878 1661 1552 1298 1648 2185 1041
2068 1685 1453 1247 1602 677 1670 1823 1632 1636 2169 1546 3060 1634 1802 1406 1945 1874 1678 1504 1302 1657 2190 1046
2088 1694 1415 1255 1637 684 1683 1865 1630 1636 2230 1530 3028 1643 1820 1428 1840 1806 1614 1491 1311 1626 2101 1032
2056 1664 1455 1259 1587 714 1599 1809 1649 1664 2226 1530 3010 1625 1811 1463 1810 1763 1665 1513 1298 1652 2061 1082
2060 1635 1451 1175 1612 686 1670 1811 1657 1640 2137 1550 3019 1661 1816 1419 1901 1793 1657 1522 1328 1665 2052 1064
2068 1708 1343 1178 1587 705 1666 1856 1622 1652 2136 1530 2987 1683 1776 1384 1897 1767 1699 1504 1350 1696 2083 1091
2121 1705 1363 1195 1517 706 1651 1860 1617 1654 2090 1518 2987 1679 1789 1362 1910 1725 1738 1521 1311 1705 2034 1100
2129 1717 1364 1193 1471 681 1696 1839 1649 1678 2049 1530 2983 1621 1749 1349 1984 1695 1768 1508 1324 1688 2110 1078
2121 1764 1302 1190 1474 664 1759 1853 1682 1648 2014 1514 3006 1630 1780 1284 1971 1712 1695 1456 1390 1608 2074 1128
2072 1747 1325 1316 1421 688 1742 1913 1660 1656 2033 1482 3010 1586 1771 1280 1823 1690 1733 1439 1389 1612 2114 1119
2072 1673 1365 1319 1414 705 1705 1981 1664 1601 1989 1522 3042 1568 1771 1253 1784 1742 1674 1465 1398 1617 2083 1114
2040 1650 1363 1354 1432 692 1718 1959 1594 1604 1937 1518 3060 1594 1758 1319 1819 1806 1610 1486 1433 1665 2105 1082
2019 1611 1367 1423 1436 696 1629 1916 1602 1639 1958 1518 3078 1620 1763 1328 1823 1840 1601 1469 1420 1661 2109 1100
2040 1600 1323 1427 1419 696 1609 1880 1591 1682 1963 1546 3074 1589 1754 1415 1832 1913 1665 1491 1385 1732 2122 1078
2060 1649 1306 1326 1431 663 1597 1850 1592 1741 1964 1498 3051 1603 1732 1481 1902 1917 1622 1451 1406 1696 2122 1096
2080 1665 1313 1338 1393 614 1678 1793 1634 1791 1988 1482 2987 1625 1718 1568 1945 1887 1583 1469 1437 1674 2167 1109
2064 1679 1292 1342 1410 636 1685 1790 1670 1782 1994 1446 2960 1639 1696 1520 1923 1861 1690 1460 1441 1643 2145 1109
2092 1730 1325 1292 1452 640 1786 1824 1703 1725 1982 1442 2919 1630 1705 1507 1897 1904 1712 1491 1419 1639 2207 1091
2092 1794 1354 1275 1576 640 1799 1832 1672 1687 1989 1462 2910 1666 1652 1498 1958 1900 1686 1504 1397 1626 2256 1096
2092 1734 1357 1302 1584 645 1747 1790 1667 1685 1980 1522 2928 1675 1692 1437 1940 1904 1618 1508 1341 1643 2234 1069
2068 1744 1334 1295 1626 606 1674 1766 1616 1686 2009 1534 2960 1670 1714 1380 1971 1930 1656 1470 1275 1652 2172 1059
2023 1743 1366 1234 1672 573 1730 1795 1646 1681 2049 1571 2969 1617 1754 1367 1984 1973 1566 1439 1245 1621 2119 1078
1979 1732 1310 1296 1511 702 1764 1857 1648 1682 2101 1522 3006 1567 1794 1375 1879 1780 1537 1465 1289 1604 2034 1105
2032 1712 1289 1313 1541 764 1705 1822 1707 1693 2103 1575 3047 1593 1754 1419 1879 1780 1627 1456 1302 1643 2069 1119
2023 1755 1279 1339 1548 731 1701 1813 1710 1667 2103 1538 3069 1629 1741 1428 1871 1776 1703 1465 1372 1696 2034 1105
2003 1668 1195 1309 1535 730 1739 1787 1692 1719 2108 1514 3047 1709 1767 1480 1832 1887 1729 1509 1380 1696 2016 1069
2064 1608 1230 1329 1508 705 1719 1803 1721 1728 2079 1538 3051 1682 1723 1537 1875 1934 1781 1548 1389 1718 2069 1073
2072 1653 1232 1370 1511 698 1710 1832 1741 1769 2111 1514 3037 1700 1771 1564 1845 1913 1738 1539 1398 1692 2065 1073
2076 1686 1257 1358 1506 671 1675 1872 1693 1798 2107 1470 3015 1678 1798 1502 1819 1870 1725 1482 1385 1670 2065 1059
2088 1652 1281 1346 1490 696 1649 1864 1703 1722 2138 1438 3024 1678 1833 1437 1801 1913 1699 1513 1324 1612 2119 1059
2088 1727 1361 1367 1525 651 1595 1842 1709 1690 2153 1442 3033 1603 1833 1297 1893 1857 1678 1496 1311 1630 2154 1073
2060 1773 1319 1320 1507 685 1590 1842 1651 1685 2177 1406 2992 1621 1780 1266 1871 1848 1618 1508 1302 1643 2154 1023
2060 1769 1304 1275 1496 693 1595 1837 1697 1652 2108 1406 2992 1607 1767 1249 1892 1835 1669 1491 1302 1648 2137 1009
2048 1807 1246 1321 1484 687 1650 1832 1680 1646 2132 1390 3019 1585 1758 1227 1879 1895 1682 1552 1293 1635 2150 1009
2076 1803 1275 1377 1458 688 1643 1786 1624 1702 2055 1430 3024 1590 1754 1218 1901 1848 1682 1556 1311 1612 2092 1037
2068 1795 1249 1359 1467 716 1694 1799 1615 1690 2105 1422 2974 1599 1758 1319 1858 1818 1678 1634 1311 1612 2043 1050
2068 1766 1283 1409 1501 736 1715 1786 1646 1638 2104 1454 2987 1607 1798 1354 1853 1797 1695 1595 1315 1555 2074 1150
2080 1782 1311 1427 1544 745 1694 1787 1544 1647 2104 1446 3024 1616 1745 1341 1910 1793 1648 1604 1285 1559 2101 1150
2048 1743 1371 1368 1518 710 1676 1783 1557 1583 2082 1450 3010 1643 1745 1384 1953 1784 1614 1626 1315 1559 2087 1150
2011 1763 1391 1347 1552 698 1659 1834 1598 1605 2042 1450 3015 1701 1758 1432 1966 1853 1601 1591 1311 1577 2012 1123
2011 1767 1414 1308 1585 682 1586 1792 1636 1616 1947 1490 3101 1709 1714 1362 1962 1865 1588 1526 1315 1577 2021 1119
2011 1758 1419 1293 1572 685 1611 1818 1644 1701 1964 1470 3137 1687 1741 1332 1997 1806 1584 1526 1245 1564 2048 1059
2019 1766 1406 1280 1550 685 1593 1817 1687 1709 1950 1490 3119 1709 1802 1358 2001 1853 1584 1574 1293 1564 1981 1059
1999 1779 1373 1319 1612 715 1598 1878 1676 1773 1990 1498 3128 1704 1820 1318 1932 1819 1567 1569 1245 1555 1941 1069
2003 1777 1372 1264 1613 744 1603 1853 1679 1763 1994 1490 3092 1674 1802 1262 1893 1759 1507 1570 1302 1546 2034 1059
2019 1813 1370 1261 1601 730 1637 1911 1662 1747 2031 1506 3001 1696 1851 1292 1867 1789 1459 1604 1337 1524 2078 1059
2036 1870 1385 1253 1573 713 1659 1924 1613 1694 1979 1554 3024 1660 1816 1328 1836 1840 1532 1608 1424 1555 2011 1082
2036 1848 1363 1245 1565 662 1720 1937 1553 1673 2016 1550 3019 1607 1838 1297 1780 1793 1566 1621 1411 1559 2091 1059
2096 1831 1391 1183 1494 696 1733 1874 1562 1591 2029 1554 3074 1625 1798 1354 1875 1840 1596 1617 1420 1546 2060 1055
2084 1787 1341 1185 1481 708 1774 1856 1558 1608 2071 1575 3115 1611 1767 1393 1893 1823 1631 1599 1359 1582 2047 1082
2088 1724 1392 1218 1463 746 1773 1810 1524 1609 2067 1567 3151 1594 1741 1406 1940 1815 1704 1599 1342 1551 2020 1059
2108 1702 1334 1175 1500 706 1699 1828 1565 1589 2066 1542 3147 1656 1718 1366 1897 1866 1674 1561 1298 1612 1976 1028
2108 1793 1302 1276 1539 743 1692 1818 1640 1780 2064 1554 3078 1567 1824 1358 1862 1861 1665 1491 1245 1542 2162 1023
2149 1767 1338 1240 1535 723 1655 1806 1583 1725 2049 1498 3083 1612 1816 1375 1849 1780 1669 1526 1310 1626 2172 1055
2153 1740 1303 1253 1535 769 1633 1810 1565 1617 2055 1474 3097 1643 1820 1332 1862 1763 1674 1556 1359 1630 2105 1055
2125 1712 1310 1253 1561 777 1604 1819 1593 1623 2048 1470 3047 1709 1842 1349 1888 1742 1678 1552 1398 1621 2114 1028
2137 1694 1291 1241 1556 744 1604 1899 1599 1601 2044 1470 3051 1767 1807 1358 1866 1682 1674 1543 1433 1643 2052 1019
2096 1648 1312 1284 1526 742 1609 1831 1561 1594 2039 1482 3115 1705 1789 1371 1831 1656 1644 1586 1477 1621 2061 1000
2108 1685 1342 1273 1530 813 1599 1837 1644 1597 2079 1502 3133 1656 1798 1327 1832 1738 1627 1573 1455 1546 2136 1014
2088 1768 1327 1316 1530 754 1629 1796 1667 1603 2065 1510 3119 1634 1763 1415 1793 1776 1657 1565 1512 1586 2092 1046
2084 1794 1361 1290 1503 728 1629 1784 1702 1571 2029 1502 3124 1620 1776 1384 1775 1797 1691 1573 1512 1582 2061 1055
2100 1796 1392 1328 1533 716 1633 1754 1721 1602 2076 1490 3083 1563 1789 1398 1845 1858 1703 1573 1495 1573 2074 1046
2108 1836 1393 1330 1567 703 1596 1789 1764 1626 2125 1478 3051 1661 1802 1415 1893 1836 1682 1535 1464 1573 2052 1082
2092 1843 1357 1388 1577 644 1603 1837 1733 1645 2100 1482 3019 1669 1820 1446 1866 1810 1691 1569 1473 1551 1955 1064
2088 1781 1402 1328 1552 653 1600 1898 1718 1652 2109 1462 3060 1678 1833 1406 1879 1810 1648 1569 1337 1515 1990 1046
2092 1732 1377 1365 1571 720 1625 1877 1709 1699 2129 1438 3069 1656 1842 1397 1923 1844 1614 1591 1276 1533 1959 1028
2112 1694 1370 1318 1568 707 1675 1874 1707 1703 2059 1422 3092 1638 1829 1389 1892 1857 1610 1578 1232 1524 1937 1050
2133 1644 1348 1261 1559 678 1701 1924 1694 1733 2027 1442 3087 1567 1816 1362 1888 1883 1580 1596 1206 1511 1963 1046
2100 1673 1296 1219 1533 686 1726 1884 1668 1714 1994 1446 3110 1603 1833 1358 1948 1925 1592 1548 1171 1533 2003 1055
2108 1645 1285 1237 1531 724 1771 1864 1606 1743 2002 1510 3051 1581 1833 1336 1966 1900 1605 1509 1219 1529 1972 1046
2092 1680 1275 1276 1603 691 1799 1913 1580 1733 2035 1530 2997 1563 1816 1380 1931 1874 1622 1453 1232 1511 1954 1105
2052 1768 1272 1277 1598 691 1802 1927 1626 1726 2066 1542 2969 1621 1847 1385 1962 1810 1631 1448 1214 1529 2003 1064
2056 1838 1264 1283 1576 745 1817 1894 1660 1685 2022 1538 2956 1648 1833 1385 1983 1831 1687 1470 1275 1555 2047 1041
2088 1805 1283 1290 1576 778 1778 1897 1702 1688 2085 1498 2965 1656 1811 1380 1927 1827 1665 1470 1258 1542 2034 1037
2068 1859 1224 1319 1556 732 1716 1908 1778 1664 2085 1458 2965 1687 1824 1371 1892 1896 1648 1426 1263 1564 2078 1014
2076 1834 1231 1316 1501 723 1691 1896 1848 1651 2068 1474 2974 1718 1838 1406 1945 1934 1618 1439 1263 1590 2122 969
2072 1755 1257 1333 1487 748 1754 1892 1783 1691 2101 1482 2969 1740 1807 1376 1888 1952 1609 1448 1267 1617 2087 959
2060 1713 1295 1345 1481 727 1739 1908 1783 1729 2108 1506 3010 1776 1794 1376 1840 1960 1652 1431 1224 1648 2043 946
2032 1711 1342 1350 1529 685 1826 1888 1763 1725 2061 1567 2974 1771 1811 1319 1836 1952 1622 1474 1250 1661 2047 969
2032 1680 1366 1286 1552 739 1889 1841 1718 1738 2054 1591 3006 1718 1802 1319 1853 1900 1657 1578 1298 1630 2043 1000
2036 1706 1400 1245 1564 709 1869 1807 1676 1768 2062 1579 3083 1731 1776 1271 1814 1875 1652 1621 1289 1599 2061 1023
2023 1749 1358 1231 1535 701 1785 1800 1717 1742 2046 1603 3106 1687 1763 1293 1884 1917 1627 1604 1337 1555 2061 1078
1983 1731 1426 1287 1592 738 1827 1793 1628 1880 2041 1494 3078 1621 1621 1463 1983 1857 1549 1356 1196 1838 2003 1082
1934 1720 1395 1305 1616 750 1778 1815 1657 1812 2078 1470 3097 1603 1688 1472 1971 1900 1477 1361 1108 1780 2011 1073
1959 1736 1367 1343 1592 739 1777 1853 1621 1801 2123 1510 3087 1625 1692 1485 1983 1930 1503 1365 1096 1767 1993 1091
1967 1744 1360 1297 1612 773 1790 1878 1630 1784 2134 1538 3051 1643 1674 1446 1970 1882 1486 1400 1126 1767 1971 1069
2007 1777 1294 1317 1582 755 1757 1905 1599 1696 2085 1534 3042 1674 1701 1468 1992 1895 1451 1395 1223 1710 1954 1073
2044 1807 1297 1328 1547 760 1761 1903 1599 1682 2103 1486 3024 1674 1727 1476 1996 1938 1413 1391 1192 1767 1976 1064
2092 1758 1303 1336 1557 722 1819 1891 1547 1673 2097 1522 3033 1629 1749 1393 2052 1972 1477 1404 1205 1811 2016 1037
2064 1757 1354 1316 1577 772 1752 1874 1543 1722 2096 1522 3042 1642 1798 1406 2031 1993 1485 1374 1205 1807 2034 1028
2064 1756 1289 1327 1596 779 1790 1849 1492 1759 2109 1498 3037 1629 1749 1419 2005 1959 1537 1330 1223 1754 2092 1005
2084 1734 1304 1297 1624 775 1812 1826 1501 1823 2172 1510 3028 1616 1723 1384 1988 1964 1562 1361 1126 1763 2141 987
2060 1693 1299 1335 1692 769 1740 1852 1432 1813 2159 1502 2987 1603 1705 1376 1957 1926 1566 1313 1118 1763 2167 982
2044 1720 1282 1301 1684 777 1707 1894 1462 1846 2133 1502 2965 1639 1723 1428 1888 1896 1506 1317 1170 1780 2225 1023
2072 1721 1239 1340 1657 760 1719 1942 1467 1843 2122 1454 2928 1603 1701 1389 1919 1862 1502 1373 1236 1776 2225 1014
2060 1721 1303 1323 1664 665 1699 1929 1549 1811 2109 1518 2933 1629 1785 1371 1953 1887 1468 1395 1266 1794 2176 1028
2027 1709 1330 1364 1625 665 1688 1930 1555 1781 2091 1502 2983 1660 1838 1376 1966 1870 1438 1408 1314 1754 2145 1050
2003 1683 1292 1342 1591 640 1701 1902 1621 1855 2104 1554 3001 1727 1882 1323 1936 1857 1451 1430 1345 1741 2158 1059
2015 1694 1288 1357 1591 643 1689 1873 1633 1820 2092 1518 3024 1683 1891 1319 1910 1797 1498 1434 1292 1758 2122 1064
2019 1712 1233 1306 1602 667 1710 1875 1642 1772 2072 1542 3024 1674 1895 1349 1897 1831 1519 1382 1248 1758 2105 1032
2036 1734 1237 1315 1589 760 1675 1905 1606 1757 2019 1522 3033 1665 1785 1363 1866 1874 1562 1386 1226 1718 2114 1041
1938 1709 1521 1389 1817 1545 1788 1772 2066 1924 2000 1490 2974 1829 1869 1099 1550 1552 1622 1395 1459 1802 1830 1191
1947 1756 1519 1369 1839 1542 1783 1742 2130 1953 2001 1506 3006 1860 1908 1077 1611 1552 1613 1378 1455 1820 1790 1182
1926 1737 1524 1376 1893 1479 1766 1767 2118 1892 1947 1486 2969 1874 1913 1059 1611 1582 1600 1417 1472 1842 1746 1169
1934 1706 1526 1337 1912 1475 1799 1794 2141 1786 1924 1466 2951 1932 1917 1060 1628 1539 1600 1391 1455 1807 1728 1155
1926 1741 1496 1327 1923 1487 1792 1818 2116 1769 1958 1498 2960 1999 1913 1038 1637 1518 1601 1404 1499 1727 1733 1114
1971 1739 1518 1395 1918 1508 1759 1809 2105 1711 1945 1510 2924 1941 1900 1064 1711 1453 1528 1422 1477 1789 1737 1096
1967 1757 1502 1435 1862 1483 1788 1794 2048 1660 1993 1514 2915 1937 1886 1125 1707 1449 1524 1482 1468 1745 1769 1082
1999 1780 1439 1427 1828 1520 1727 1823 2030 1652 2032 1538 2928 1976 1842 1138 1685 1445 1545 1482 1437 1710 1840 1059
2023 1807 1410 1497 1841 1516 1747 1844 2016 1741 2032 1571 2906 1923 1842 1199 1615 1445 1554 1469 1468 1723 1862 1050
2027 1774 1455 1515 1803 1463 1768 1824 1964 1712 2016 1530 2851 1900 1820 1212 1633 1415 1541 1469 1442 1776 1853 1105
2003 1743 1452 1470 1807 1438 1801 1767 1984 1747 2070 1514 2892 2011 1798 1212 1620 1467 1575 1469 1433 1692 1857 1128
2011 1733 1475 1461 1849 1467 1803 1780 2008 1769 2034 1482 2883 2046 1763 1186 1602 1505 1614 1439 1450 1710 1790 1123
1995 1710 1488 1454 1901 1480 1794 1747 2023 1802 2020 1494 2878 2042 1767 1138 1606 1501 1537 1391 1450 1701 1724 1096
1971 1696 1449 1410 1871 1444 1790 1684 2041 1795 1990 1494 2951 2095 1771 1064 1597 1509 1554 1465 1402 1732 1715 1123
1938 1735 1463 1352 1906 1447 1744 1680 2068 1783 1944 1474 3019 2126 1745 1064 1602 1543 1580 1417 1402 1723 1724 1091
1959 1769 1447 1334 1902 1450 1760 1718 2072 1793 1924 1510 3056 2091 1736 1099 1575 1539 1640 1382 1450 1771 1693 1082
1934 1796 1463 1311 1932 1420 1727 1729 2051 1781 1931 1510 3019 2043 1754 1125 1571 1526 1580 1395 1407 1710 1719 1055
1942 1792 1462 1331 1910 1412 1748 1736 2042 1780 1962 1494 3060 2021 1727 1143 1580 1565 1622 1426 1415 1705 1737 1141
1930 1828 1522 1390 1912 1424 1744 1767 1984 1710 1969 1482 2997 1999 1789 1187 1606 1565 1610 1361 1468 1705 1737 1119
1951 1781 1462 1397 1931 1429 1798 1742 1952 1751 1992 1534 2969 1950 1851 1200 1628 1582 1610 1395 1485 1692 1710 1082
1975 1736 1523 1469 1930 1443 1806 1757 1964 1752 1978 1514 2924 1910 1908 1217 1680 1552 1584 1426 1420 1701 1715 1109
2019 1709 1467 1513 1897 1407 1823 1760 2016 1781 1973 1514 2969 1882 1877 1169 1697 1531 1601 1417 1407 1749 1706 1114
2036 1765 1506 1502 1888 1382 1798 1761 2031 1762 1947 1506 2933 1882 1851 1199 1693 1539 1614 1426 1372 1771 1707 1064
2080 1717 1556 1458 1901 1394 1803 1748 2068 1789 1934 1502 2928 1873 1798 1173 1710 1539 1584 1430 1363 1785 1680 1055
2044 1715 1576 1474 1892 1394 1778 1815 2134 1802 1971 1486 2915 1909 1811 1142 1684 1582 1631 1439 1306 1833 1715 1028
1999 1755 1586 1413 1900 1394 1782 1821 2143 1802 1990 1510 2937 1909 1785 1081 1649 1590 1665 1413 1328 1798 1707 1028
1979 1754 1607 1362 1891 1423 1787 1851 2098 1797 2006 1506 2906 1931 1807 1064 1675 1625 1631 1426 1368 1798 1716 1055
1955 1691 1623 1383 1870 1445 1878 1872 2145 1854 1934 1546 2937 1931 1847 1072 1684 1586 1635 1461 1416 1816 1680 1014
1910 1748 1541 1388 1865 1420 1882 1856 2125 1859 1969 1562 2965 1945 1842 1086 1693 1590 1665 1452 1425 1829 1711 1009
1938 1794 1520 1349 1886 1445 1902 1818 2111 1843 1972 1562 2983 1936 1802 1068 1663 1492 1610 1426 1469 1789 1694 1073
1926 1728 1502 1393 1890 1467 1827 1784 2097 1872 1952 1506 3006 2007 1789 1086 1658 1505 1588 1430 1455 1820 1765 1046
1995 1771 1580 1333 1956 1494 1677 1840 2087 1825 1934 1542 2869 1781 1745 1007 1638 1638 1690 1482 1454 1736 1751 1196
1991 1746 1552 1349 1938 1481 1654 1807 2041 1785 1942 1571 2842 1781 1798 973 1638 1660 1720 1508 1420 1758 1760 1196
2003 1703 1543 1268 1896 1473 1675 1783 2032 1771 1941 1558 2837 1834 1767 1029 1620 1621 1673 1429 1397 1771 1764 1210
2019 1593 1516 1272 1858 1452 1604 1766 2009 1757 1952 1607 2865 1825 1794 1008 1607 1596 1622 1438 1419 1794 1773 1173
2011 1608 1462 1308 1910 1376 1696 1733 2017 1751 1983 1599 2837 1860 1758 1003 1611 1587 1579 1425 1476 1833 1738 1159
1983 1630 1441 1340 1906 1359 1717 1695 2013 1737 1976 1526 2828 1869 1798 1029 1546 1579 1583 1429 1467 1824 1751 1169
1983 1678 1435 1336 1833 1313 1784 1685 2000 1753 1978 1510 2860 1842 1763 1117 1546 1566 1557 1390 1502 1789 1764 1178
1971 1696 1425 1384 1876 1315 1766 1674 2020 1744 1935 1518 2924 1816 1780 1143 1577 1609 1532 1482 1529 1785 1769 1169
1975 1740 1452 1406 1839 1386 1777 1650 1969 1691 1900 1494 2896 1847 1780 1169 1568 1583 1557 1530 1564 1802 1733 1164
1967 1781 1506 1381 1789 1400 1793 1611 1988 1702 1874 1446 2928 1891 1798 1165 1589 1565 1596 1504 1489 1807 1706 1182
1995 1698 1505 1415 1734 1459 1788 1670 2060 1717 1875 1478 2965 1944 1811 1169 1603 1527 1566 1491 1485 1802 1675 1159
1987 1676 1517 1385 1751 1504 1775 1693 2091 1757 1883 1498 3001 1971 1855 1112 1555 1527 1571 1473 1424 1811 1635 1119
1959 1685 1546 1384 1738 1507 1764 1670 2087 1809 1885 1490 2965 1989 1931 1086 1516 1484 1592 1438 1411 1749 1635 1078
1942 1698 1571 1387 1810 1472 1744 1686 2167 1794 1920 1478 2937 1958 1922 1073 1516 1510 1622 1378 1384 1714 1697 1091
1951 1622 1542 1445 1793 1463 1691 1722 2126 1831 1938 1546 2919 1909 1900 1056 1481 1506 1630 1412 1397 1710 1751 1105
1951 1711 1485 1440 1823 1456 1662 1743 2087 1872 1924 1591 2887 1860 1917 1003 1503 1527 1635 1377 1397 1741 1746 1059
1951 1769 1436 1439 1844 1440 1702 1763 2118 1828 1896 1595 2878 1860 1877 1043 1494 1506 1626 1352 1424 1763 1795 1055
1975 1776 1425 1486 1854 1440 1710 1782 2114 1803 1888 1579 2896 1847 1776 1008 1533 1549 1630 1408 1433 1824 1777 1123
1979 1790 1407 1428 1867 1461 1790 1837 2049 1886 1880 1587 2919 1910 1754 1042 1568 1536 1600 1421 1380 1807 1724 1128
1975 1868 1412 1360 1820 1402 1774 1840 2068 1854 1827 1550 2915 1892 1794 1095 1559 1536 1600 1443 1420 1811 1729 1119
1971 1831 1414 1336 1852 1386 1760 1799 2050 1842 1871 1554 2915 1883 1754 1143 1555 1540 1609 1521 1455 1855 1698 1155
1987 1739 1472 1371 1868 1415 1702 1817 2081 1854 1896 1567 2910 1856 1767 1147 1602 1518 1557 1547 1450 1842 1675 1173
1959 1695 1487 1324 1863 1465 1685 1848 2037 1895 1957 1627 2919 1874 1789 1182 1615 1492 1579 1473 1450 1895 1715 1164
1987 1694 1504 1376 1854 1427 1685 1822 2053 1850 1921 1575 2937 1825 1794 1164 1589 1565 1536 1477 1481 1900 1809 1155
1971 1617 1508 1384 1937 1470 1701 1814 2074 1844 1997 1562 2987 1812 1789 1169 1637 1608 1493 1399 1481 1913 1853 1128
1959 1660 1559 1389 1915 1448 1781 1792 2095 1879 1973 1522 2987 1811 1767 1221 1650 1595 1472 1322 1437 1877 1897 1132
1934 1725 1545 1356 1912 1408 1828 1768 2062 1888 1941 1470 2992 1834 1767 1186 1659 1595 1493 1321 1459 1864 1866 1119
1955 1737 1508 1373 1905 1392 1871 1781 2077 1888 1913 1438 2960 1834 1767 1191 1650 1574 1446 1361 1494 1833 1831 1100
1934 1730 1441 1359 1888 1421 1803 1802 2053 1896 1911 1478 2978 1816 1745 1199 1645 1501 1476 1348 1559 1824 1800 1109
1934 1744 1436 1383 1862 1375 1817 1824 2042 1907 1852 1506 2933 1811 1718 1177 1628 1475 1541 1400 1538 1816 1751 1137
1995 1764 1371 1427 1830 1475 1761 1799 2103 1842 1961 1478 2956 2020 1824 1108 1629 1634 1639 1426 1560 1776 1712 1091
2011 1788 1352 1419 1856 1442 1736 1743 2040 1808 1932 1522 2978 1972 1851 1095 1655 1574 1605 1387 1538 1807 1734 1050
1999 1773 1348 1378 1901 1401 1695 1697 2049 1785 1928 1562 3010 1945 1838 1130 1672 1582 1631 1374 1547 1776 1671 1046
1987 1758 1389 1386 1945 1410 1749 1662 2092 1779 2020 1558 3010 1910 1838 1078 1625 1557 1622 1374 1477 1807 1680 1100
1995 1722 1418 1392 1968 1440 1747 1705 2056 1754 1978 1579 2997 1936 1860 1099 1629 1552 1622 1447 1476 1842 1720 1128
1971 1688 1528 1359 1959 1406 1738 1767 2077 1835 1947 1595 3001 1954 1807 1099 1676 1531 1665 1434 1507 1838 1724 1146
1967 1702 1535 1326 1907 1380 1793 1825 2147 1847 1972 1607 3047 1949 1816 1108 1720 1544 1686 1482 1472 1860 1755 1146
1999 1712 1560 1333 1919 1400 1834 1851 2149 1788 1960 1558 3019 1976 1785 1113 1689 1527 1695 1508 1463 1882 1804 1137
1991 1693 1533 1366 1916 1361 1845 1862 2085 1799 1918 1538 3037 1963 1767 1152 1715 1561 1699 1464 1507 1882 1787 1109
1995 1659 1524 1347 1918 1332 1863 1852 2061 1821 1976 1522 3024 1945 1754 1165 1676 1544 1691 1399 1481 1842 1716 1128
2003 1680 1473 1397 1939 1294 1905 1821 2048 1802 1982 1482 3010 1958 1816 1165 1706 1540 1639 1334 1442 1886 1720 1155
2019 1741 1467 1418 1947 1345 1882 1810 1993 1750 2015 1478 2965 1945 1758 1160 1602 1531 1600 1373 1450 1873 1720 1159
2011 1743 1411 1391 1916 1325 1871 1836 2016 1757 1972 1498 2960 1900 1807 1222 1667 1527 1575 1434 1429 1833 1684 1237
2052 1739 1455 1424 1912 1380 1821 1845 2057 1755 2002 1530 2910 1923 1829 1173 1637 1510 1553 1499 1451 1811 1662 1246
2048 1757 1496 1401 1888 1413 1772 1821 2066 1709 1988 1510 2919 1914 1816 1130 1646 1488 1528 1534 1415 1833 1737 1182
2032 1779 1484 1388 1868 1459 1772 1831 2050 1716 1989 1550 2896 1892 1763 1094 1585 1471 1506 1595 1411 1780 1746 1150
1995 1716 1491 1379 1890 1376 1723 1882 2093 1736 1923 1562 2887 1914 1794 1103 1620 1475 1489 1534 1415 1776 1711 1123
1942 1728 1543 1378 1909 1422 1660 1865 2089 1753 1987 1567 2878 1927 1794 1099 1572 1509 1489 1504 1472 1771 1751 1096
1918 1752 1514 1385 1896 1444 1644 1838 2013 1709 1954 1550 2860 1927 1798 1143 1615 1582 1459 1448 1485 1794 1822 1091
1906 1795 1493 1412 1884 1403 1639 1870 2007 1738 1901 1530 2878 1923 1763 1195 1602 1595 1451 1465 1533 1710 1813 1123
1910 1778 1524 1403 1891 1403 1614 1829 2036 1784 1939 1522 2887 1989 1776 1221 1585 1582 1481 1456 1547 1696 1844 1096
1922 1777 1550 1420 1943 1465 1622 1789 2032 1780 1993 1510 2869 1958 1745 1261 1637 1578 1541 1456 1507 1696 1866 1123
1967 1744 1544 1449 1922 1418 1688 1785 1988 1762 1971 1498 2874 1941 1705 1230 1633 1574 1550 1438 1490 1696 1804 1146
1971 1728 1522 1421 1905 1410 1709 1793 2047 1780 1986 1538 2910 1936 1688 1208 1611 1509 1614 1465 1455 1670 1795 1141
1999 1688 1490 1430 1923 1406 1726 1804 2139 1834 2049 1554 2915 1963 1714 1204 1602 1514 1622 1486 1481 1727 1723 1132
1975 1703 1510 1458 1939 1394 1764 1853 2087 1761 2054 1550 2937 1892 1732 1173 1659 1582 1596 1499 1485 1807 1692 1164
1991 1710 1502 1481 1909 1427 1780 1838 2090 1753 2015 1550 2969 1918 1767 1164 1598 1565 1601 1521 1511 1789 1692 1128
1959 1691 1496 1436 1920 1423 1792 1889 2171 1774 2010 1526 2960 1905 1785 1143 1602 1617 1579 1499 1520 1798 1741 1087
1963 1704 1559 1419 1942 1422 1825 1901 2150 1792 1979 1506 2969 1922 1767 1095 1645 1591 1545 1451 1555 1802 1719 1100
1942 1766 1577 1391 1983 1451 1801 1846 2058 1731 1934 1510 2946 1887 1820 1064 1684 1608 1597 1434 1512 1807 1715 1059
2019 1679 1530 1334 1906 1479 1844 1694 2064 1906 1920 1482 2874 1963 1829 1094 1624 1531 1652 1321 1503 1749 1738 1132
2015 1676 1495 1284 1902 1417 1831 1691 2064 1864 1974 1486 2878 1963 1824 1081 1620 1492 1605 1369 1547 1745 1716 1105
2011 1635 1463 1267 1904 1395 1784 1703 2078 1849 1921 1510 2874 1967 1855 1073 1576 1509 1631 1365 1560 1754 1747 1141
2003 1640 1483 1289 1919 1424 1766 1681 2076 1862 1943 1506 2887 1949 1789 1064 1537 1505 1635 1391 1551 1789 1729 1155
2023 1680 1472 1278 1893 1421 1755 1686 2036 1805 1930 1486 2937 1940 1754 1095 1572 1462 1708 1335 1560 1741 1782 1141
2060 1723 1492 1248 1923 1413 1721 1665 2019 1738 1964 1534 2933 1856 1718 1130 1533 1445 1669 1356 1534 1767 1822 1128
2036 1749 1539 1311 1890 1459 1717 1685 2066 1721 1935 1522 2942 1829 1754 1138 1546 1535 1635 1282 1486 1727 1835 1119
2036 1817 1527 1256 1952 1518 1738 1719 2075 1730 1993 1482 2946 1825 1696 1160 1559 1514 1554 1317 1438 1718 1804 1109
2044 1855 1491 1237 1964 1510 1715 1740 2013 1656 1951 1530 2933 1825 1710 1222 1594 1582 1549 1321 1485 1710 1822 1082
2003 1836 1469 1245 1977 1518 1719 1772 2023 1707 1923 1526 2901 1816 1763 1248 1581 1655 1459 1386 1490 1789 1804 1091
1955 1860 1459 1233 1980 1514 1719 1800 2012 1711 1935 1534 2878 1838 1802 1252 1672 1668 1459 1351 1498 1794 1742 1114
1938 1831 1437 1211 1964 1514 1732 1807 1974 1778 1939 1550 2851 1851 1780 1222 1663 1643 1494 1378 1516 1794 1733 1146
1938 1761 1435 1254 1874 1512 1756 1808 1939 1754 1936 1558 2851 1861 1767 1239 1633 1642 1575 1426 1476 1820 1693 1169
1951 1735 1479 1232 1879 1516 1734 1757 1980 1807 1964 1506 2851 1892 1802 1187 1620 1608 1575 1469 1441 1780 1675 1164
1963 1697 1428 1228 1823 1482 1734 1786 1986 1795 1917 1542 2851 1923 1794 1169 1607 1565 1596 1439 1437 1727 1653 1187
1995 1656 1417 1304 1875 1469 1767 1762 2007 1845 1935 1506 2869 1918 1718 1103 1589 1561 1588 1447 1429 1741 1684 1205
2023 1684 1471 1318 1869 1438 1822 1753 2052 1824 1905 1494 2869 1968 1741 1147 1585 1574 1665 1504 1398 1749 1706 1191
2048 1709 1492 1409 1922 1375 1779 1756 2087 1859 1907 1494 2869 1936 1771 1112 1602 1565 1601 1482 1442 1749 1738 1132
2019 1739 1474 1452 1905 1391 1809 1827 2101 1875 1939 1502 2887 1941 1776 1090 1598 1591 1583 1486 1441 1776 1693 1109
2048 1710 1522 1438 1917 1416 1813 1770 2097 1824 1971 1462 2919 1892 1727 1129 1563 1642 1588 1486 1437 1771 1676 1119
2027 1720 1558 1426 1925 1395 1821 1790 2072 1779 1957 1498 2933 1954 1771 1160 1520 1651 1609 1547 1476 1741 1702 1137
2060 1735 1522 1409 1942 1359 1779 1812 2042 1789 1970 1526 2942 1905 1776 1125 1515 1621 1554 1495 1472 1780 1666 1164
2064 1740 1545 1345 1872 1413 1806 1808 2038 1729 1993 1558 2956 1919 1838 1173 1511 1599 1567 1469 1494 1714 1657 1187
2076 1714 1557 1374 1868 1388 1810 1737 2037 1752 1939 1550 2937 1927 1820 1203 1537 1565 1579 1469 1507 1683 1729 1210
2076 1770 1539 1416 1882 1330 1822 1773 2024 1819 1946 1542 2896 1994 1811 1156 1559 1501 1588 1516 1542 1683 1782 1178
2064 1744 1510 1421 1811 1330 1815 1787 1991 1842 1928 1482 2910 1945 1807 1156 1602 1523 1579 1447 1503 1710 1746 1105
2011 1675 1498 1416 1786 1376 1803 1762 2024 1855 2004 1462 2933 1971 1798 1129 1598 1531 1562 1486 1547 1723 1759 1137
1979 1676 1534 1450 1816 1385 1807 1788 2054 1858 1946 1466 2928 1935 1727 1112 1655 1578 1583 1438 1499 1754 1786 1137
1991 1721 1493 1394 1807 1364 1794 1816 2089 1861 1904 1490 2915 1940 1767 1121 1672 1608 1630 1421 1512 1802 1799 1114
1967 1723 1557 1379 1803 1396 1841 1816 2059 1914 1976 1542 2937 1913 1776 1108 1694 1634 1639 1413 1477 1847 1728 1137
1910 1746 1509 1398 1891 1479 1802 1733 2151 1844 1910 1514 3019 2047 1802 1138 1628 1518 1635 1435 1464 1847 1729 1055
1918 1698 1514 1384 1933 1474 1723 1767 2066 1773 1945 1486 3056 2042 1833 1147 1610 1543 1631 1413 1455 1820 1765 1050
1959 1654 1541 1385 1915 1508 1723 1762 2035 1810 1960 1474 3078 2051 1807 1107 1610 1569 1576 1456 1416 1771 1733 1073
1991 1578 1532 1407 1909 1472 1722 1796 2033 1819 1933 1462 3101 1993 1833 1142 1667 1569 1563 1413 1429 1794 1702 1069
2023 1635 1493 1435 1884 1464 1752 1823 2033 1795 1891 1486 3069 1908 1842 1138 1623 1556 1572 1426 1481 1754 1662 1073
2052 1625 1451 1441 1883 1447 1790 1836 2022 1792 1891 1474 3110 1899 1877 1138 1602 1513 1584 1418 1486 1776 1716 1087
2040 1656 1442 1373 1900 1414 1848 1795 2027 1833 1883 1478 3069 1926 1838 1094 1628 1513 1537 1431 1507 1794 1658 1109
2011 1625 1457 1327 1898 1393 1872 1849 2058 1815 1843 1482 3042 1909 1860 1164 1632 1522 1601 1400 1538 1794 1671 1069
2007 1701 1508 1320 1918 1409 1895 1840 2053 1773 1842 1506 3010 1927 1847 1099 1585 1587 1610 1465 1560 1780 1680 1073
2007 1707 1523 1266 1927 1392 1920 1792 2060 1729 1887 1498 3001 1958 1829 1090 1632 1655 1592 1469 1529 1842 1684 1059
1991 1641 1551 1246 1898 1371 1886 1766 2006 1735 1885 1502 2960 1887 1745 1095 1654 1685 1597 1509 1499 1847 1675 1000
1987 1661 1485 1318 1852 1392 1853 1706 2007 1720 1910 1518 2942 1887 1780 1169 1641 1715 1614 1504 1490 1824 1747 996
2003 1723 1453 1364 1868 1341 1833 1645 1995 1704 1899 1502 2906 1887 1789 1139 1572 1750 1618 1491 1437 1811 1738 1028
1979 1714 1422 1378 1822 1299 1791 1624 2007 1735 1924 1498 2915 1931 1794 1169 1554 1741 1669 1443 1407 1842 1751 1032
1975 1686 1441 1350 1839 1323 1762 1741 1981 1757 1901 1506 2919 1917 1780 1178 1528 1694 1665 1448 1424 1794 1707 1005
1930 1734 1445 1360 1868 1285 1744 1757 2025 1754 1965 1518 2919 1953 1829 1121 1546 1685 1661 1343 1394 1723 1685 1019
1942 1781 1489 1350 1915 1281 1735 1773 2063 1792 1964 1482 2915 1967 1847 1025 1533 1608 1707 1330 1398 1718 1667 1037
1930 1746 1507 1356 1936 1327 1714 1735 2055 1870 1974 1478 2928 1998 1758 1007 1555 1557 1673 1347 1437 1745 1702 1082
1955 1712 1500 1355 1944 1336 1693 1761 2080 1903 1942 1454 2937 1967 1718 968 1598 1552 1626 1412 1477 1741 1773 1109
1971 1721 1432 1426 1901 1306 1689 1672 2164 1901 1937 1454 2969 1940 1758 986 1611 1561 1613 1438 1459 1758 1844 1164
1991 1734 1479 1413 1910 1368 1763 1656 2187 1919 1934 1450 2978 1918 1727 1042 1589 1527 1587 1490 1516 1754 1889 1219
1991 1672 1473 1427 1835 1378 1789 1634 2238 1889 1905 1482 2965 1868 1657 1077 1568 1548 1489 1495 1524 1789 1915 1237
2011 1623 1517 1424 1815 1348 1807 1710 2246 1823 1853 1490 3010 1833 1763 1064 1551 1531 1506 1490 1542 1816 1889 1196
2011 1622 1526 1424 1799 1352 1827 1696 2221 1825 1859 1502 2956 1878 1780 1077 1555 1540 1507 1477 1511 1824 1849 1187
1999 1645 1590 1444 1845 1322 1856 1682 2143 1839 1860 1494 2906 1891 1780 1033 1589 1557 1511 1469 1502 1794 1809 1155
2023 1674 1553 1455 1821 1326 1818 1741 2106 1846 1829 1498 2906 1936 1763 1025 1568 1595 1502 1451 1494 1811 1800 1146
2027 1692 1590 1438 1900 1373 1758 1789 2067 1846 1847 1466 2896 1949 1780 998 1624 1587 1575 1469 1511 1789 1773 1159
2036 1792 1557 1435 1918 1385 1733 1791 2090 1844 1926 1482 2833 1905 1754 964 1650 1621 1635 1481 1516 1736 1782 1169
1987 1846 1549 1448 1939 1402 1771 1790 2104 1872 1932 1482 2856 1851 1736 1012 1629 1630 1665 1464 1463 1727 1755 1173
2003 1801 1557 1368 1932 1523 1709 1862 2110 1842 1930 1526 2896 1821 1754 1047 1594 1621 1682 1447 1455 1727 1755 1182
1955 1684 1402 1392 1854 1394 1766 1853 2056 1897 1906 1514 2965 1825 1696 1134 1632 1462 1566 1400 1494 1838 1694 1128
1995 1621 1456 1342 1849 1380 1774 1886 2029 1961 1953 1526 2969 1816 1714 1121 1606 1475 1583 1413 1485 1851 1729 1173
2003 1597 1449 1359 1895 1409 1785 1849 2019 1879 1951 1510 2992 1847 1723 1143 1611 1509 1605 1352 1437 1842 1765 1210
2032 1584 1488 1378 1919 1373 1852 1872 2042 1835 1991 1502 2969 1909 1798 1143 1671 1509 1605 1352 1450 1860 1733 1232
2056 1588 1462 1386 1902 1393 1846 1847 2041 1825 1973 1494 2960 1936 1824 1147 1702 1531 1558 1404 1464 1820 1694 1210
2052 1637 1502 1418 1874 1431 1866 1844 2060 1809 1947 1498 2969 1905 1838 1160 1680 1599 1545 1461 1538 1802 1733 1187
2015 1699 1443 1508 1844 1411 1828 1823 2088 1744 1944 1494 2960 1883 1802 1173 1693 1604 1562 1461 1538 1802 1725 1137
1999 1733 1460 1523 1793 1349 1759 1815 2109 1753 1997 1498 2942 1874 1842 1129 1689 1565 1511 1508 1507 1767 1671 1064
1971 1761 1451 1454 1789 1437 1721 1799 2103 1801 1962 1466 2937 1865 1824 1134 1646 1565 1519 1539 1472 1754 1671 1032
1967 1785 1500 1435 1784 1386 1764 1782 2099 1844 1983 1414 2974 1891 1847 1138 1615 1514 1545 1461 1451 1771 1720 1037
1959 1766 1468 1371 1777 1357 1740 1810 2082 1837 1954 1418 2978 1887 1895 1160 1650 1531 1558 1448 1407 1718 1715 1096
1955 1729 1494 1354 1770 1428 1764 1801 2053 1838 1936 1446 2946 1931 1913 1173 1663 1557 1566 1408 1420 1679 1716 1105
1955 1755 1505 1321 1813 1482 1793 1804 2040 1876 1885 1438 2992 1918 1873 1195 1654 1591 1575 1430 1411 1714 1702 1169
1979 1710 1502 1346 1810 1424 1792 1791 2070 1823 1847 1462 3006 1891 1847 1208 1680 1565 1592 1387 1437 1710 1702 1164
1991 1694 1516 1325 1818 1512 1763 1833 2109 1780 1868 1530 2987 1882 1794 1164 1672 1599 1558 1439 1459 1727 1711 1132
2044 1712 1512 1360 1882 1504 1771 1788 2084 1761 1911 1550 2937 1980 1771 1112 1689 1527 1588 1461 1481 1718 1667 1119
2052 1695 1512 1359 1925 1482 1789 1781 2093 1723 1870 1506 2951 1980 1758 1090 1711 1501 1554 1513 1490 1736 1636 1100
2048 1700 1498 1323 1882 1423 1781 1735 2123 1743 1930 1510 2892 1980 1767 1094 1680 1522 1562 1530 1525 1732 1680 1073
2036 1718 1503 1312 1870 1430 1739 1738 2151 1710 2017 1506 2883 1984 1789 1064 1676 1578 1558 1543 1490 1683 1627 1096
2036 1705 1495 1306 1866 1447 1696 1717 2093 1746 1952 1466 2878 1931 1758 1112 1676 1561 1601 1513 1490 1701 1645 1128
2019 1614 1498 1299 1892 1435 1730 1717 2087 1770 1950 1478 2892 1878 1749 1112 1611 1561 1584 1460 1459 1727 1680 1087
1987 1661 1490 1324 1947 1478 1688 1712 2088 1837 1978 1506 2924 1856 1758 1121 1602 1586 1588 1421 1459 1785 1702 1096
1999 1655 1504 1377 1998 1457 1716 1733 2068 1863 1925 1526 2969 1851 1785 1121 1633 1539 1592 1356 1446 1798 1725 1055
1995 1693 1527 1451 2023 1444 1728 1764 2011 1879 1878 1554 2965 1838 1758 1121 1611 1522 1618 1360 1486 1802 1791 1050
2003 1707 1545 1407 2044 1423 1787 1768 2005 1840 1912 1562 2997 1855 1833 1143 1633 1552 1601 1408 1490 1776 1724 1087
1955 1790 1549 1387 1997 1472 1794 1803 2033 1838 1843 1538 3024 1847 1869 1134 1659 1574 1601 1452 1525 1807 1729 1087
1991 1722 1537 1360 1985 1459 1823 1808 2041 1833 1865 1546 2997 1834 1900 1134 1598 1565 1635 1477 1508 1736 1764 1114
1987 1686 1536 1360 1934 1454 1832 1810 2004 1763 1844 1534 2992 1838 1838 1082 1602 1603 1635 1486 1551 1718 1751 1187
2007 1676 1498 1304 1917 1463 1933 1757 1991 1760 1857 1522 3006 1838 1873 1121 1663 1625 1588 1460 1538 1741 1773 1178
1975 1654 1447 1380 1917 1464 1946 1765 2021 1813 1884 1530 3006 1847 1847 1077 1611 1616 1584 1412 1512 1732 1796 1141
1902 1863 1477 1412 1784 1349 1833 1747 2009 1783 1983 1510 2937 1913 1749 1090 1645 1544 1648 1426 1407 1847 1795 1091
1890 1827 1502 1369 1810 1328 1849 1736 1989 1782 1991 1526 2896 1864 1736 1064 1706 1565 1579 1417 1407 1838 1804 1078
1894 1778 1532 1353 1852 1348 1817 1778 2026 1791 1932 1542 2942 1820 1763 1112 1676 1587 1579 1439 1424 1829 1853 1109
1926 1739 1529 1367 1824 1340 1812 1840 2095 1759 1989 1506 2960 1837 1763 1108 1658 1595 1618 1465 1507 1807 1813 1096
1930 1702 1502 1352 1815 1353 1755 1809 2122 1801 2044 1546 2974 1820 1785 1134 1720 1621 1558 1474 1520 1736 1787 1109
1955 1724 1496 1385 1823 1374 1750 1804 2140 1850 2032 1579 2969 1815 1789 1117 1733 1561 1562 1526 1525 1789 1813 1064
1930 1735 1517 1397 1810 1378 1739 1832 2175 1834 2040 1562 3015 1824 1741 1134 1720 1441 1588 1534 1503 1789 1836 1109
1955 1752 1485 1384 1780 1410 1747 1835 2141 1842 2096 1542 2969 1820 1736 1125 1759 1501 1571 1569 1507 1785 1814 1105
1918 1716 1451 1388 1797 1363 1734 1747 2070 1885 2083 1575 2933 1793 1785 1121 1776 1480 1571 1534 1525 1771 1751 1141
1886 1726 1436 1418 1832 1389 1739 1760 2066 1857 1976 1583 2928 1766 1754 1138 1728 1424 1596 1469 1477 1851 1774 1119
1902 1708 1501 1400 1849 1393 1744 1743 2077 1824 1985 1575 2928 1825 1723 1103 1707 1373 1609 1478 1442 1798 1760 1164
1971 1714 1461 1400 1873 1439 1751 1695 2058 1796 1973 1562 2860 1794 1749 1090 1693 1449 1631 1482 1507 1767 1751 1141
1987 1779 1480 1386 1902 1390 1722 1683 2021 1760 1936 1567 2896 1913 1802 1069 1706 1407 1674 1465 1512 1727 1769 1159
2003 1802 1503 1380 1919 1430 1763 1716 2073 1789 1898 1530 2910 1940 1771 1025 1745 1453 1622 1417 1459 1679 1800 1141
2064 1756 1573 1397 1921 1400 1780 1725 2097 1741 1955 1518 2910 1944 1794 1020 1728 1514 1580 1443 1455 1652 1787 1146
2027 1766 1506 1403 1906 1358 1785 1732 2104 1750 1940 1490 2874 1886 1811 1042 1737 1574 1597 1421 1486 1692 1795 1128
2003 1764 1559 1415 1787 1299 1782 1765 2092 1808 1959 1494 2937 1900 1776 1094 1689 1608 1579 1412 1481 1692 1760 1119
1979 1738 1512 1462 1779 1315 1805 1760 2083 1887 1974 1522 2919 1829 1696 1095 1694 1621 1541 1434 1428 1714 1742 1100
1995 1724 1526 1469 1769 1329 1847 1795 2053 1890 1994 1587 2951 1816 1714 1165 1603 1600 1549 1491 1411 1705 1759 1073
1967 1749 1490 1432 1800 1340 1830 1836 1980 1933 1921 1575 2928 1834 1705 1121 1624 1600 1596 1447 1424 1718 1746 1123
2015 1701 1503 1409 1807 1403 1884 1800 1926 1926 1930 1567 2910 1829 1732 1103 1585 1621 1549 1408 1415 1692 1679 1082
1999 1683 1441 1372 1842 1399 1839 1826 1950 1885 1905 1562 2896 1834 1745 1143 1593 1604 1524 1413 1407 1710 1693 1091
1987 1627 1538 1319 1805 1412 1834 1888 1953 1843 1873 1554 2896 1794 1820 1134 1567 1557 1545 1412 1490 1727 1693 1082
1963 1654 1573 1310 1810 1445 1792 1888 1968 1786 1856 1538 2869 1780 1802 1086 1624 1544 1567 1391 1498 1833 1689 1109
1947 1652 1565 1322 1781 1438 1816 1826 2041 1769 1931 1546 2887 1785 1851 1143 1611 1514 1528 1373 1485 1816 1693 1059
1926 1673 1546 1332 1785 1421 1766 1871 2114 1789 1884 1579 2915 1829 1833 1160 1628 1492 1554 1382 1446 1824 1720 1109
1951 1720 1602 1367 1789 1458 1761 1871 2106 1780 1850 1595 2892 1847 1882 1173 1680 1441 1566 1421 1450 1802 1675 1114
1975 1782 1556 1403 1827 1501 1687 1812 2154 1772 1881 1571 2887 1949 1842 1221 1628 1479 1575 1434 1389 1816 1689 1114
1971 1765 1513 1399 1806 1473 1675 1811 2161 1807 1923 1595 2901 1980 1873 1247 1589 1509 1579 1412 1402 1771 1711 1073
1991 1750 1550 1390 1802 1436 1668 1849 2107 1851 1860 1599 2874 1958 1807 1239 1589 1539 1549 1486 1393 1763 1715 1087
1914 1785 1536 1345 1826 1339 1648 1851 2000 1783 2033 1494 2919 2069 1741 1047 1602 1557 1490 1382 1372 1758 1773 1055
1934 1808 1493 1321 1805 1397 1637 1794 1996 1809 2011 1446 2906 2051 1723 1069 1559 1501 1511 1426 1394 1824 1800 1082
1890 1716 1494 1326 1810 1514 1675 1793 1961 1897 2038 1470 2915 2025 1758 1086 1590 1424 1515 1404 1407 1754 1800 1109
1878 1671 1437 1305 1801 1488 1696 1809 2066 1907 2019 1526 2892 1980 1816 1051 1550 1446 1494 1361 1420 1732 1729 1123
1874 1696 1413 1323 1793 1475 1764 1838 2060 1871 2007 1550 2933 1958 1807 1081 1572 1518 1481 1331 1468 1674 1720 1109
1882 1682 1383 1385 1841 1492 1785 1788 2106 1810 1998 1534 2928 1891 1829 1081 1607 1484 1519 1378 1446 1692 1733 1105
1898 1664 1434 1385 1869 1529 1743 1853 2106 1804 1990 1558 2974 1864 1860 1038 1707 1480 1494 1426 1446 1639 1698 1128
1930 1731 1356 1365 1890 1454 1758 1818 2113 1786 1964 1587 2974 1896 1860 1046 1698 1595 1468 1465 1424 1745 1720 1114
1959 1772 1437 1416 1926 1462 1789 1864 2055 1770 1967 1558 2983 1936 1847 1116 1754 1617 1519 1443 1407 1745 1707 1114
2011 1770 1467 1428 1926 1445 1750 1813 2073 1762 2005 1567 2937 1874 1873 1099 1681 1582 1583 1443 1337 1847 1711 1132
2032 1772 1488 1418 1941 1433 1728 1851 2034 1824 1940 1571 2956 1936 1877 1099 1676 1591 1579 1417 1424 1811 1737 1123
1991 1755 1474 1426 1929 1429 1719 1832 1970 1796 1930 1554 2937 1927 1838 1182 1611 1664 1588 1386 1428 1824 1795 1132
2003 1717 1502 1419 1966 1478 1741 1824 1985 1819 1982 1546 2919 1865 1833 1190 1624 1604 1588 1364 1420 1767 1728 1119
2003 1712 1422 1401 1994 1549 1778 1799 2012 1790 1974 1538 2906 1807 1811 1151 1598 1548 1575 1373 1472 1816 1781 1141
1955 1730 1432 1382 2065 1578 1770 1825 1970 1764 1939 1510 2924 1900 1758 1160 1650 1483 1588 1373 1512 1789 1813 1114
1938 1719 1400 1352 2011 1561 1816 1744 1966 1744 1975 1498 2906 1905 1749 1221 1680 1496 1609 1382 1472 1811 1777 1100
1975 1727 1427 1341 1987 1542 1862 1724 2016 1725 2037 1518 2951 1869 1776 1204 1680 1479 1554 1382 1433 1824 1746 1046
1947 1718 1420 1337 1937 1502 1866 1746 2019 1680 2067 1482 2992 1842 1776 1177 1693 1454 1579 1343 1446 1807 1755 1046
1930 1694 1463 1342 1874 1444 1869 1718 2027 1658 2086 1490 3024 1811 1767 1173 1663 1496 1596 1334 1433 1727 1796 1073
1930 1716 1448 1314 1832 1419 1878 1746 2041 1702 2054 1506 3015 1789 1794 1147 1654 1578 1588 1382 1411 1741 1800 1096
1947 1762 1497 1333 1878 1428 1824 1800 2035 1670 2009 1510 3015 1776 1816 1142 1594 1573 1558 1395 1389 1723 1791 1109
1942 1742 1477 1340 1883 1413 1879 1792 2041 1692 1991 1482 2992 1807 1829 1112 1633 1513 1639 1413 1389 1705 1800 1087
1938 1738 1500 1361 1891 1434 1867 1813 2013 1681 1991 1502 2956 1878 1816 1112 1580 1565 1647 1482 1372 1714 1836 1128
1967 1745 1483 1390 1927 1429 1839 1846 2007 1746 1954 1490 2974 1940 1851 1042 1589 1561 1630 1525 1359 1745 1760 1064
2003 1701 1509 1410 1877 1441 1806 1827 2030 1744 1940 1466 2974 1949 1886 1103 1602 1535 1579 1508 1424 1679 1773 1059
2003 1661 1501 1387 1868 1445 1839 1823 2007 1760 1957 1474 3019 1945 1873 1060 1637 1535 1614 1499 1494 1688 1773 1055
1991 1659 1497 1376 1875 1430 1781 1861 2027 1709 1954 1486 3024 1954 1860 1090 1602 1600 1588 1525 1538 1701 1768 1114
1991 1682 1484 1351 1879 1455 1768 1873 2022 1760 1890 1502 3047 1936 1847 1077 1620 1574 1575 1482 1516 1723 1799 1087
2003 1683 1529 1350 1835 1475 1739 1825 2016 1676 1867 1522 3010 1962 1842 1199 1628 1535 1588 1435 1525 1718 1844 1114
1938 1768 1461 1358 1847 1474 1747 1817 1993 1670 1870 1534 3015 1975 1838 1147 1607 1540 1643 1452 1415 1758 1786 1073
2048 1751 1514 1432 1880 1357 1708 1801 2093 1780 2062 1482 2960 1745 1847 994 1641 1629 1601 1360 1433 1758 1710 1150
2040 1735 1467 1431 1885 1353 1750 1761 2051 1764 1998 1506 2928 1763 1847 1016 1620 1646 1588 1412 1389 1789 1697 1164
2023 1767 1447 1417 1877 1373 1755 1749 1989 1701 1990 1522 2919 1781 1816 1064 1628 1625 1605 1387 1442 1816 1751 1128
1963 1729 1441 1440 1842 1381 1722 1745 1927 1714 2015 1530 2906 1901 1838 1029 1624 1621 1601 1382 1428 1754 1751 1141
1967 1730 1487 1467 1874 1427 1777 1779 1940 1765 2027 1542 2865 1901 1869 985 1632 1587 1601 1378 1424 1785 1742 1078
1963 1757 1479 1448 1862 1389 1747 1767 1950 1729 1985 1538 2865 1901 1824 1029 1641 1574 1622 1374 1433 1798 1742 1078
1955 1748 1506 1448 1903 1380 1729 1769 1930 1707 2007 1558 2901 1937 1847 1077 1624 1595 1618 1361 1428 1749 1738 1028
1942 1687 1494 1418 1940 1347 1749 1787 2016 1792 1958 1546 2933 1932 1895 1073 1645 1565 1626 1417 1424 1789 1747 1100
1995 1716 1493 1386 1984 1360 1816 1816 2014 1805 1920 1550 2933 1901 1842 1156 1580 1544 1648 1382 1429 1776 1738 1096
1975 1732 1444 1381 1956 1368 1808 1751 2002 1819 1912 1542 2951 1914 1833 1199 1589 1543 1665 1387 1424 1776 1777 1119
1951 1741 1424 1404 1974 1381 1813 1750 2005 1815 1945 1530 2987 2003 1873 1156 1572 1569 1652 1395 1385 1749 1777 1128
1971 1731 1418 1387 1920 1360 1760 1746 2071 1829 1932 1518 3006 1976 1873 1107 1620 1569 1657 1426 1403 1749 1791 1146
1971 1760 1431 1402 1874 1373 1730 1718 2033 1847 1934 1474 2978 1976 1882 1107 1607 1608 1644 1413 1346 1688 1742 1132
1959 1736 1435 1391 1868 1381 1780 1686 2073 1874 1972 1406 3010 1958 1886 1029 1628 1604 1610 1395 1381 1741 1755 1141
1947 1733 1432 1346 1889 1417 1845 1717 2054 1789 1991 1394 3006 1954 1904 989 1659 1638 1597 1452 1372 1745 1724 1182
1942 1772 1439 1282 1845 1425 1891 1679 2038 1805 1920 1366 2946 1927 1860 981 1693 1595 1605 1482 1381 1741 1724 1178
1951 1756 1462 1279 1829 1487 1941 1661 2030 1799 1885 1370 2924 1914 1873 994 1723 1574 1609 1465 1385 1741 1719 1187
1955 1776 1428 1310 1896 1516 1916 1679 1982 1744 1923 1426 2901 1940 1829 981 1732 1616 1626 1430 1420 1771 1706 1169
1983 1787 1402 1313 1876 1545 1817 1690 1951 1751 1899 1438 2865 1923 1864 994 1706 1612 1665 1456 1472 1758 1697 1132
2019 1825 1375 1362 1901 1496 1755 1669 2014 1815 1872 1442 2846 1967 1798 1020 1697 1633 1695 1434 1542 1754 1724 1109
2011 1797 1377 1393 1919 1493 1667 1729 2040 1831 1898 1502 2833 1945 1824 1033 1693 1642 1686 1400 1577 1785 1715 1064
1983 1809 1354 1410 1945 1477 1663 1728 2045 1867 1896 1510 2842 1967 1794 1077 1611 1608 1639 1443 1537 1785 1747 1078
1967 1791 1407 1431 1890 1472 1710 1715 2120 1901 1901 1494 2851 2012 1798 1138 1585 1595 1631 1538 1555 1749 1778 1055
1922 1775 1462 1400 1894 1468 1722 1714 2098 1866 1895 1534 2851 2012 1771 1143 1594 1569 1575 1551 1516 1741 1765 1073
1898 1743 1474 1406 1885 1451 1752 1755 2028 1868 1898 1542 2883 1976 1776 1195 1594 1522 1571 1543 1498 1701 1715 1105
1959 1716 1497 1402 1897 1450 1777 1684 2029 1797 1922 1506 2887 2021 1780 1239 1537 1480 1558 1573 1485 1705 1671 1155
1963 1719 1468 1381 1934 1459 1820 1723 2000 1821 1934 1494 2901 2039 1798 1226 1559 1497 1588 1508 1546 1688 1622 1105
1955 1735 1461 1339 1980 1488 1781 1766 1977 1779 1961 1470 2906 1968 1789 1234 1550 1424 1584 1439 1516 1692 1614 1082
1999 1778 1390 1404 2020 1439 1777 1782 2012 1817 1988 1470 2933 1977 1754 1252 1594 1407 1618 1482 1503 1714 1636 1114
2019 1776 1420 1362 1999 1514 1759 1754 2074 1785 2002 1478 2919 1976 1802 1186 1559 1429 1571 1482 1472 1771 1645 1069
1995 1831 1388 1411 1984 1551 1827 1821 2047 1798 1974 1494 2956 1918 1789 1203 1559 1475 1554 1439 1450 1811 1702 1050
2027 1857 1395 1399 1937 1492 1764 1822 2075 1805 1989 1474 2965 1869 1816 1186 1581 1536 1528 1443 1424 1816 1724 1064
2072 1807 1434 1385 1904 1447 1785 1789 2135 1854 1985 1502 3001 1847 1829 1138 1615 1579 1520 1460 1446 1785 1737 1105
2027 1790 1504 1316 1877 1529 1776 1773 2128 1836 1951 1506 2946 1833 1864 1142 1546 1595 1528 1412 1472 1758 1760 1082
1999 1760 1522 1346 1844 1512 1768 1778 2055 1874 1880 1470 2946 1806 1838 1160 1528 1582 1558 1408 1472 1741 1742 1128
1999 1690 1559 1335 1879 1509 1697 1727 2062 1908 1857 1498 2937 1775 1829 1085 1537 1565 1588 1417 1490 1688 1733 1123
1995 1709 1536 1328 1883 1568 1730 1659 2081 1863 1863 1490 2919 1784 1785 1094 1550 1501 1652 1460 1494 1643 1765 1155
1995 1766 1502 1353 1913 1596 1683 1679 2056 1842 1884 1502 2924 1802 1794 1099 1537 1462 1652 1473 1512 1692 1773 1169
2007 1750 1515 1407 1875 1556 1672 1668 2044 1842 1911 1486 2992 1847 1780 1151 1559 1471 1669 1452 1459 1710 1787 1155
1999 1773 1423 1401 1899 1522 1647 1648 2080 1821 1945 1482 2965 1852 1780 1125 1589 1488 1669 1460 1446 1714 1813 1114
1983 1813 1377 1395 1869 1496 1652 1753 2074 1805 1986 1454 2992 1927 1749 1177 1619 1510 1597 1439 1464 1723 1800 1137
1975 1838 1402 1414 1894 1505 1636 1761 2071 1801 2001 1510 2997 1963 1807 1169 1615 1527 1558 1430 1507 1785 1773 1123
1967 1810 1375 1366 1895 1476 1630 1820 2064 1813 1966 1498 2978 1986 1816 1230 1589 1608 1571 1386 1472 1763 1738 1105
1967 1799 1322 1289 1913 1460 1609 1786 2001 1772 1991 1482 2946 1941 1829 1186 1602 1668 1528 1395 1490 1780 1689 1114
1983 1808 1383 1284 1953 1468 1633 1798 1991 1804 1982 1526 2978 1977 1816 1195 1576 1642 1562 1369 1499 1776 1684 1137
2003 1775 1431 1290 1973 1473 1654 1736 2001 1844 2003 1567 2978 1945 1869 1160 1576 1630 1592 1378 1468 1723 1733 1150
2003 1747 1412 1268 1910 1446 1687 1748 1986 1895 1976 1567 2942 1932 1802 1082 1550 1655 1622 1412 1415 1745 1751 1123
2003 1767 1455 1321 1922 1422 1693 1673 1970 1881 1970 1575 2928 1940 1749 1051 1563 1595 1647 1404 1455 1745 1773 1164
2044 1738 1461 1389 1870 1400 1719 1701 2061 1911 1995 1591 2906 1954 1741 1029 1576 1600 1647 1399 1446 1723 1791 1169
2036 1728 1444 1390 1801 1375 1701 1731 2102 1862 2027 1611 2924 1878 1780 1016 1585 1596 1639 1391 1432 1732 1782 1128
2040 1717 1432 1387 1729 1383 1726 1683 2102 1817 1991 1579 2896 1865 1780 1051 1559 1608 1673 1439 1441 1789 1707 1091
2023 1705 1477 1444 1819 1399 1696 1669 2123 1794 1987 1538 2933 1838 1798 1125 1550 1561 1635 1435 1406 1741 1720 1164
2023 1711 1469 1453 1807 1436 1743 1719 2135 1787 1972 1522 2924 1816 1820 1081 1580 1535 1609 1456 1345 1749 1747 1146
1995 1740 1457 1440 1892 1494 1716 1752 2077 1813 1945 1562 2937 1812 1741 1098 1606 1514 1592 1469 1354 1754 1755 1132
1991 1756 1445 1432 1906 1502 1700 1718 2084 1795 1936 1510 2892 1870 1723 1107 1646 1505 1562 1443 1376 1736 1751 1132
1967 1819 1483 1420 2001 1510 1701 1745 2070 1802 1961 1502 2883 1865 1718 1103 1667 1479 1553 1395 1367 1714 1769 1159
1963 1778 1505 1432 1978 1515 1698 1780 2047 1759 1982 1470 2865 1874 1696 1121 1637 1505 1575 1434 1446 1763 1751 1132
1979 1737 1521 1415 1982 1483 1690 1769 2081 1769 1995 1482 2869 1905 1696 1138 1628 1514 1541 1417 1503 1763 1711 1100
1979 1770 1580 1412 1973 1417 1728 1729 2093 1777 1967 1434 2856 1923 1754 1099 1585 1505 1584 1404 1533 1780 1689 1137
1983 1721 1613 1402 1981 1413 1733 1729 2033 1834 1947 1486 2865 1918 1749 1116 1576 1539 1626 1460 1595 1807 1693 1155
1999 1603 1439 1366 1916 1464 1937 1714 2013 1803 1950 1542 2969 1861 1816 1108 1641 1634 1571 1382 1429 1683 1783 1123
1991 1646 1459 1375 1894 1422 1887 1695 2012 1795 1931 1542 2983 1865 1833 1151 1698 1664 1507 1308 1429 1749 1787 1128
1991 1604 1451 1346 1897 1427 1896 1671 2053 1801 1953 1534 2974 1869 1838 1235 1715 1634 1558 1360 1407 1789 1796 1109
1963 1576 1463 1364 1882 1451 1787 1670 2109 1807 1980 1546 2956 1909 1838 1174 1659 1557 1596 1378 1446 1816 1800 1096
1975 1600 1463 1285 1865 1426 1749 1654 2130 1755 1994 1546 2946 1927 1807 1134 1654 1544 1583 1334 1477 1811 1778 1096
1999 1626 1457 1306 1861 1405 1705 1675 2130 1785 1984 1530 2946 1936 1811 1108 1602 1535 1613 1347 1555 1855 1795 1123
2040 1630 1445 1304 1832 1406 1781 1710 2126 1792 1985 1506 2969 1936 1736 1064 1554 1540 1690 1400 1568 1807 1782 1128
2044 1678 1414 1286 1867 1434 1735 1727 2106 1834 1973 1482 2919 1918 1763 981 1550 1553 1652 1361 1555 1807 1782 1105
2044 1721 1428 1244 1883 1397 1782 1693 2070 1893 1928 1462 2960 1900 1745 1003 1559 1600 1601 1334 1520 1816 1756 1119
2072 1767 1432 1285 1883 1409 1770 1713 2057 1916 1908 1462 2965 1909 1776 1011 1624 1591 1639 1412 1463 1816 1791 1128
2084 1792 1448 1313 1862 1435 1819 1728 2018 1891 1912 1446 2951 1922 1767 1007 1637 1587 1605 1460 1450 1771 1795 1137
2056 1779 1463 1335 1887 1455 1781 1739 1981 1868 1897 1450 2942 1909 1794 994 1698 1535 1618 1464 1450 1771 1800 1128
2027 1804 1435 1350 1875 1485 1836 1767 1976 1818 1940 1490 2969 1904 1780 1029 1663 1544 1644 1473 1485 1749 1787 1109
2032 1758 1430 1409 1908 1469 1822 1828 1970 1796 1949 1502 2937 1926 1785 1024 1650 1574 1678 1504 1490 1763 1751 1128
1995 1736 1407 1456 1879 1498 1822 1828 1984 1827 1937 1482 2924 1926 1745 1046 1620 1570 1686 1421 1516 1780 1742 1141
1983 1717 1427 1413 1913 1440 1810 1851 2012 1827 1894 1482 2969 1913 1776 1064 1650 1578 1643 1413 1516 1829 1800 1100
1971 1754 1409 1405 1890 1420 1823 1854 2028 1798 1898 1466 2933 1940 1736 1107 1624 1621 1609 1426 1499 1877 1769 1078
1959 1742 1444 1446 1896 1357 1769 1863 2039 1839 1933 1482 2969 1962 1741 1116 1646 1591 1597 1460 1429 1869 1737 1073
1955 1770 1407 1388 1878 1418 1797 1829 2063 1803 1925 1478 2960 1967 1741 1125 1629 1569 1618 1456 1372 1847 1751 1050
1963 1792 1407 1358 1960 1414 1839 1830 2046 1752 1935 1490 2974 1976 1732 1138 1620 1565 1644 1508 1354 1833 1760 1041
1942 1794 1395 1391 1922 1446 1788 1791 2049 1738 1934 1490 2960 1922 1741 1117 1633 1518 1708 1430 1398 1816 1738 1064
1934 1737 1385 1388 1920 1480 1754 1782 2026 1779 1940 1506 2987 1905 1789 1077 1650 1514 1699 1400 1415 1758 1755 1082
1971 1727 1371 1393 1917 1488 1774 1742 2021 1737 1889 1506 2969 1914 1780 1060 1598 1488 1721 1300 1485 1732 1769 1132
1983 1707 1486 1426 1858 1431 1829 1730 1968 1787 1924 1530 2969 1940 1820 1064 1585 1493 1661 1300 1525 1763 1791 1123
1995 1653 1532 1427 1776 1419 1798 1683 1970 1797 1871 1506 2919 1940 1869 1099 1650 1527 1618 1313 1559 1723 1751 1114
1987 1649 1545 1409 1784 1407 1811 1683 1969 1803 1892 1510 2915 1998 1873 1143 1637 1565 1622 1330 1577 1710 1702 1141
1987 1714 1562 1421 1788 1364 1849 1694 1999 1811 1886 1534 2933 2047 1891 1147 1598 1578 1661 1374 1555 1754 1702 1123
1975 1724 1608 1413 1743 1352 1895 1666 2042 1837 1902 1510 2896 2020 1869 1125 1654 1595 1626 1387 1520 1802 1680 1064
1959 1775 1531 1395 1788 1365 1829 1667 2034 1802 1858 1494 2892 1931 1802 1121 1702 1565 1635 1413 1455 1802 1716 1082
1934 1828 1503 1416 1792 1358 1828 1726 2015 1798 1949 1506 2915 1958 1780 1064 1650 1509 1682 1435 1455 1847 1769 1082
2011 1758 1552 1403 1820 1478 1677 1814 2021 1836 1886 1558 2874 1936 1776 1221 1602 1578 1562 1512 1476 1780 1702 1064
1995 1737 1484 1366 1880 1460 1689 1757 2002 1866 1937 1542 2883 1932 1780 1147 1624 1621 1558 1486 1455 1807 1702 1078
1959 1686 1456 1288 1877 1434 1694 1762 1975 1776 1941 1550 2860 1887 1771 1121 1698 1642 1656 1404 1459 1771 1711 1141
1995 1697 1467 1337 1894 1438 1644 1783 1992 1727 1886 1514 2874 1816 1780 1117 1676 1694 1622 1412 1424 1780 1720 1155
1995 1728 1429 1307 1928 1479 1610 1734 2032 1701 1924 1490 2928 1829 1820 1099 1672 1646 1686 1391 1407 1833 1738 1178
1995 1714 1414 1299 1920 1449 1602 1776 2061 1694 1936 1510 2937 1829 1877 1055 1637 1677 1613 1386 1337 1842 1777 1150
1999 1702 1428 1343 1932 1442 1632 1776 2066 1655 1931 1538 2928 1838 1838 1086 1607 1685 1648 1382 1333 1816 1826 1105
1979 1732 1440 1441 1990 1438 1618 1759 2055 1709 1970 1538 2951 1820 1873 1103 1607 1642 1562 1430 1311 1864 1809 1069
1967 1699 1486 1417 2066 1507 1702 1764 2096 1679 1974 1542 2942 1918 1829 1134 1650 1625 1609 1369 1341 1851 1795 1096
1963 1695 1502 1437 1996 1499 1756 1789 2087 1727 1943 1546 2915 1944 1816 1112 1620 1651 1588 1352 1407 1860 1786 1096
1955 1709 1527 1437 1986 1465 1792 1745 2076 1716 1938 1542 2906 1949 1811 1156 1641 1612 1631 1361 1472 1833 1755 1164
1963 1714 1549 1419 1944 1493 1808 1759 2069 1754 1920 1558 2906 1989 1895 1156 1615 1595 1584 1330 1446 1842 1742 1187
1999 1671 1492 1381 1901 1547 1858 1864 2074 1758 1898 1554 2906 2011 1851 1130 1598 1612 1558 1326 1463 1807 1675 1187
2019 1664 1408 1361 1821 1516 1837 1867 2031 1831 1877 1571 2906 2029 1838 1160 1546 1565 1515 1360 1376 1785 1662 1132
2015 1645 1440 1279 1818 1509 1787 1863 2058 1791 1922 1571 2919 2034 1776 1173 1585 1634 1519 1347 1341 1754 1604 1109
2044 1644 1422 1284 1793 1513 1713 1888 2051 1785 1912 1603 2906 2060 1749 1143 1580 1617 1545 1339 1302 1732 1600 1069
2036 1640 1431 1320 1720 1497 1689 1845 2095 1765 1939 1546 2942 1998 1683 1178 1572 1647 1579 1339 1354 1749 1599 1078
2027 1706 1475 1302 1745 1422 1686 1757 2106 1845 1932 1575 2987 1998 1714 1134 1516 1621 1579 1360 1341 1736 1662 1119
1999 1766 1548 1309 1710 1380 1656 1759 2152 1816 1976 1522 2987 1968 1749 1077 1559 1647 1584 1464 1481 1771 1689 1123
2007 1791 1518 1343 1757 1350 1664 1761 2144 1804 1945 1522 2946 1976 1860 1112 1546 1552 1588 1538 1476 1718 1764 1078
1971 1796 1539 1310 1800 1359 1693 1728 2142 1801 1929 1518 2983 1959 1864 1143 1576 1539 1579 1551 1459 1736 1742 1105
1983 1741 1532 1281 1831 1392 1661 1766 2207 1822 1938 1546 2974 1981 1860 1104 1581 1488 1541 1529 1433 1741 1742 1069
1979 1717 1533 1295 1806 1409 1619 1771 2222 1754 1942 1518 2901 1959 1855 1095 1650 1497 1571 1512 1481 1785 1733 1009
2015 1685 1526 1266 1814 1401 1661 1760 2166 1816 1943 1575 2878 1963 1842 1103 1680 1509 1601 1438 1520 1771 1720 1046
2023 1630 1512 1276 1804 1421 1652 1758 2148 1853 1947 1554 2878 1892 1798 1103 1702 1548 1613 1421 1568 1767 1716 1073
2015 1616 1463 1318 1809 1446 1694 1807 2169 1844 1939 1530 2865 1856 1789 1090 1719 1522 1618 1421 1573 1767 1764 1082
1983 1651 1466 1331 1854 1360 1751 1825 2097 1845 1943 1562 2833 1892 1811 1064 1724 1574 1648 1382 1547 1718 1764 1069
1995 1710 1510 1368 1850 1305 1742 1856 2087 1785 1897 1530 2865 1949 1798 1112 1702 1578 1614 1386 1542 1723 1782 1078
1942 1746 1499 1367 1876 1335 1652 1806 2020 1765 1903 1482 2896 1985 1767 1095 1663 1544 1588 1456 1433 1718 1813 1050
1926 1759 1497 1381 1882 1360 1661 1815 2029 1755 1936 1486 2906 2016 1754 1038 1659 1514 1554 1434 1385 1758 1795 1064
1951 1752 1430 1376 1863 1462 1742 1830 2018 1658 1882 1558 2956 1971 1816 1121 1594 1544 1626 1456 1389 1745 1804 1032
1955 1775 1406 1416 1879 1524 1763 1809 2035 1731 1858 1571 2919 1962 1794 1134 1585 1484 1605 1417 1385 1785 1795 1032
1995 1774 1375 1416 1838 1516 1754 1751 2061 1708 1930 1579 2924 1980 1833 1186 1554 1492 1643 1430 1394 1811 1715 1014
1963 1762 1348 1449 1861 1483 1805 1807 2078 1746 1972 1558 2915 1962 1842 1164 1576 1518 1626 1426 1350 1829 1667 1005
2023 1711 1466 1426 1887 1488 1830 1801 2032 1800 2006 1558 2906 1980 1877 1230 1615 1488 1609 1382 1429 1855 1720 1028
1979 1689 1478 1470 1864 1533 1860 1765 2054 1840 1978 1522 2896 1962 1855 1273 1589 1471 1588 1426 1442 1851 1738 1055
1959 1703 1530 1442 1852 1462 1826 1770 2032 1799 1986 1510 2919 1989 1891 1238 1589 1488 1553 1434 1402 1842 1764 1046
1955 1714 1557 1462 1839 1428 1839 1740 2044 1786 1967 1526 2883 1967 1891 1204 1624 1488 1524 1439 1420 1824 1884 1046
1951 1722 1575 1418 1845 1413 1839 1732 2023 1734 2016 1542 2883 1962 1882 1235 1624 1467 1502 1439 1446 1811 1942 1050
1930 1733 1498 1454 1833 1371 1847 1726 2101 1697 2000 1546 2937 1927 1838 1200 1611 1458 1502 1491 1416 1794 1933 1069
1979 1748 1542 1441 1857 1321 1800 1765 2090 1663 2011 1575 2987 1976 1851 1147 1585 1492 1536 1482 1385 1842 1907 1114
2007 1739 1555 1463 1826 1354 1791 1715 2114 1675 1996 1562 2983 1980 1820 1160 1615 1509 1588 1469 1464 1816 1858 1141
1979 1732 1533 1431 1853 1380 1783 1783 2118 1678 1968 1546 3015 1936 1820 1165 1606 1466 1635 1512 1451 1838 1774 1146
1975 1736 1507 1406 1853 1458 1757 1791 2164 1732 1941 1542 3006 1927 1842 1125 1554 1479 1643 1547 1486 1829 1720 1159
1979 1692 1502 1382 1832 1493 1717 1793 2150 1733 1951 1558 2960 1905 1864 1147 1533 1471 1660 1491 1521 1789 1725 1132
1942 1708 1454 1329 1799 1514 1717 1764 2143 1797 1959 1567 2906 1887 1900 1173 1550 1492 1635 1525 1521 1727 1720 1087
1894 1698 1373 1266 1829 1519 1734 1797 2128 1789 1993 1571 2869 1887 1935 1116 1550 1539 1609 1534 1468 1696 1742 1059
1914 1711 1392 1303 1827 1485 1769 1776 2074 1815 1998 1518 2883 1905 1944 1073 1555 1569 1541 1508 1433 1643 1756 1055
1934 1757 1420 1303 1882 1430 1811 1756 2040 1826 1948 1482 2901 1883 1860 1082 1606 1578 1588 1438 1425 1679 1800 1023
1922 1801 1434 1294 1925 1425 1856 1755 2015 1862 1942 1450 2942 1865 1855 1047 1615 1591 1553 1417 1398 1727 1751 1028
1967 1789 1442 1310 1920 1420 1881 1826 2020 1848 1978 1446 2951 1909 1855 1029 1650 1573 1575 1365 1381 1727 1756 1046
1999 1789 1506 1335 1924 1417 1877 1856 2005 1874 1948 1446 3015 1887 1847 1042 1655 1539 1605 1356 1411 1745 1765 1032
1991 1768 1518 1289 1933 1409 1793 1817 2080 1859 1961 1494 3006 1932 1811 1116 1663 1556 1600 1334 1468 1741 1791 1041
1983 1759 1462 1319 1873 1413 1751 1781 2105 1851 1976 1554 3028 1954 1895 1099 1646 1535 1575 1334 1446 1674 1729 1073
1975 1728 1467 1300 1863 1367 1688 1789 2160 1831 1991 1575 3015 1949 1833 1134 1663 1569 1618 1408 1415 1674 1720 1082
1938 1766 1474 1313 1845 1348 1672 1765 2164 1801 1977 1530 3019 1887 1802 1107 1646 1578 1635 1378 1433 1688 1724 1087
1947 1811 1483 1347 1857 1331 1651 1787 2176 1808 2043 1502 2983 1865 1758 1099 1645 1586 1639 1312 1446 1718 1724 1114
1975 1814 1481 1376 1832 1353 1701 1816 2130 1797 2034 1486 2974 1829 1780 1007 1624 1582 1647 1308 1398 1705 1648 1105
2003 1825 1498 1379 1850 1307 1729 1842 2154 1787 2027 1470 2942 1750 1758 990 1667 1642 1652 1382 1389 1794 1666 1091
2032 1826 1503 1437 1838 1315 1700 1831 2107 1723 2041 1470 2960 1781 1785 994 1619 1642 1605 1343 1428 1754 1710 1141
1995 1617 1567 1366 1972 1372 1727 1750 2038 1790 1935 1514 2887 1918 1705 1116 1576 1526 1643 1456 1616 1802 1724 1123
1991 1655 1559 1333 1955 1339 1747 1762 2045 1873 1961 1567 2883 1931 1714 1094 1585 1484 1635 1360 1590 1771 1711 1132
1983 1668 1533 1333 1891 1322 1743 1754 2003 1841 1966 1562 2896 1927 1710 1059 1576 1505 1639 1369 1551 1776 1746 1137
1975 1639 1510 1317 1883 1351 1764 1762 1982 1806 2027 1583 2942 1962 1763 1129 1593 1484 1635 1347 1485 1741 1751 1105
1967 1677 1527 1332 1876 1350 1831 1763 2013 1757 2048 1550 2919 1976 1771 1103 1637 1462 1605 1330 1454 1714 1787 1105
1983 1689 1528 1334 1840 1386 1832 1730 2020 1808 2067 1526 2915 2034 1802 1108 1606 1505 1609 1364 1432 1749 1800 1132
1991 1641 1523 1362 1811 1419 1840 1689 2020 1746 2063 1522 2942 1994 1802 1099 1611 1509 1609 1391 1437 1732 1831 1073
1979 1613 1524 1349 1810 1469 1850 1679 1995 1815 2089 1522 2946 1998 1855 1147 1611 1522 1643 1386 1441 1754 1813 1100
1987 1580 1555 1318 1823 1498 1829 1720 2070 1815 2048 1522 2919 1931 1816 1099 1585 1582 1643 1464 1503 1785 1857 1064
1987 1611 1530 1291 1840 1473 1829 1736 2065 1832 2016 1518 2933 1932 1802 1095 1524 1608 1665 1495 1464 1824 1804 1114
1995 1686 1532 1308 1844 1470 1820 1762 2041 1809 1993 1522 2956 1838 1833 1077 1572 1583 1652 1499 1468 1802 1804 1091
2011 1726 1547 1268 1879 1463 1791 1815 2037 1850 1980 1522 2910 1865 1855 1081 1546 1626 1618 1499 1468 1789 1786 1123
2040 1779 1585 1303 1883 1446 1761 1794 2108 1771 1939 1550 2892 1869 1807 1068 1515 1604 1605 1525 1525 1758 1790 1078
2027 1743 1556 1328 1845 1437 1758 1770 2125 1767 1935 1562 2887 1900 1798 1047 1563 1501 1579 1452 1507 1736 1764 1114
2023 1765 1508 1408 1844 1429 1716 1763 2143 1759 1896 1550 2915 1874 1802 1055 1572 1497 1532 1426 1533 1736 1813 1096
2007 1714 1482 1475 1828 1417 1636 1792 2226 1788 1904 1587 2878 1936 1816 1077 1503 1488 1498 1391 1538 1741 1786 1123
1991 1698 1450 1477 1802 1391 1665 1820 2225 1739 1868 1546 2883 1941 1855 1082 1537 1484 1545 1399 1538 1794 1782 1105
1967 1662 1430 1491 1819 1404 1724 1870 2166 1790 1871 1474 2910 1883 1882 1025 1624 1501 1579 1347 1507 1824 1777 1137
1975 1687 1349 1523 1833 1386 1699 1879 2167 1801 1889 1502 2933 1936 1869 1055 1615 1519 1570 1317 1494 1864 1769 1109
1926 1644 1397 1458 1816 1427 1670 1869 2162 1842 1940 1554 2892 1967 1864 1073 1615 1476 1609 1295 1481 1855 1751 1078
1947 1660 1429 1409 1815 1460 1770 1826 2100 1831 1929 1510 2896 1941 1794 1077 1585 1484 1592 1321 1446 1877 1782 1100
1955 1706 1417 1427 1823 1439 1741 1770 2114 1809 1919 1530 2910 1918 1732 1069 1611 1441 1553 1295 1437 1886 1786 1146
1975 1743 1395 1425 1826 1422 1702 1732 2073 1819 1911 1558 2896 1971 1714 1121 1563 1411 1528 1299 1433 1811 1773 1159
1967 1741 1480 1418 1821 1403 1706 1689 2029 1806 1880 1518 2874 1865 1736 1143 1567 1480 1558 1369 1455 1749 1755 1150
2023 1730 1492 1456 1840 1375 1760 1718 2058 1767 1918 1502 2887 1856 1767 1103 1537 1539 1571 1364 1407 1745 1777 1191
2019 1751 1501 1481 1876 1326 1726 1717 2074 1759 1918 1530 2892 1878 1754 1051 1576 1535 1609 1373 1450 1758 1755 1164
2036 1709 1529 1485 1919 1339 1743 1717 2070 1840 1967 1550 2901 1900 1763 1064 1563 1544 1631 1434 1441 1789 1746 1146
2019 1740 1553 1472 1954 1339 1739 1721 2122 1796 2022 1538 2906 1896 1767 1129 1585 1587 1648 1451 1402 1807 1728 1150
2044 1784 1508 1454 1933 1343 1727 1736 2111 1768 2049 1522 2919 1932 1780 1107 1581 1561 1639 1430 1402 1869 1776 1159
2027 1792 1470 1393 1942 1384 1719 1679 2029 1765 2002 1486 2928 1967 1758 1134 1637 1591 1618 1439 1441 1842 1746 1123
2011 1703 1499 1370 1802 1430 1827 1833 2029 1709 1985 1510 2937 1851 1886 1143 1624 1497 1605 1399 1446 1763 1768 1200
1971 1707 1536 1339 1867 1410 1815 1827 2042 1764 1986 1530 2974 1909 1860 1130 1619 1522 1596 1356 1428 1754 1733 1173
1959 1683 1521 1361 1879 1426 1828 1840 2070 1798 2057 1490 2992 1865 1820 1090 1628 1578 1600 1317 1411 1758 1751 1146
1963 1661 1524 1392 1854 1392 1803 1771 2086 1809 2054 1486 3001 1878 1820 1095 1646 1608 1605 1343 1428 1794 1795 1141
1979 1657 1539 1338 1877 1426 1795 1776 2093 1793 2015 1514 3024 1852 1771 1090 1659 1595 1575 1373 1433 1736 1755 1132
1995 1647 1500 1366 1891 1463 1828 1761 2072 1775 2015 1486 2983 1856 1688 1099 1655 1582 1592 1365 1424 1714 1759 1073
2036 1695 1476 1372 1852 1446 1852 1724 2038 1739 2003 1506 2965 1869 1674 1156 1659 1544 1566 1373 1420 1701 1728 1082
2007 1770 1461 1349 1827 1397 1831 1753 1969 1717 1963 1498 2951 1874 1692 1112 1650 1514 1575 1439 1446 1732 1799 1087
2023 1800 1443 1309 1856 1472 1810 1758 1967 1717 1974 1486 2969 1878 1674 1108 1628 1514 1584 1404 1494 1718 1786 1091
2015 1791 1445 1337 1891 1454 1789 1778 1983 1768 1981 1466 2951 1856 1723 1103 1572 1492 1643 1382 1485 1741 1813 1119
1967 1826 1457 1329 1887 1404 1744 1812 2048 1824 2033 1470 2965 1838 1794 1103 1533 1458 1635 1382 1542 1780 1795 1146
1971 1807 1436 1293 1861 1424 1731 1812 2078 1820 2072 1442 2965 1807 1776 1090 1533 1471 1600 1365 1555 1763 1844 1123
2007 1755 1455 1310 1868 1465 1723 1825 2063 1854 2029 1478 2983 1767 1798 1103 1537 1475 1592 1365 1520 1758 1746 1123
1975 1782 1447 1342 1873 1419 1714 1853 2110 1859 1992 1498 2969 1749 1820 1103 1581 1484 1592 1365 1468 1771 1764 1169
1938 1814 1421 1375 1847 1440 1714 1820 2067 1828 2028 1522 2960 1842 1776 1069 1603 1514 1588 1374 1463 1771 1786 1141
1963 1851 1433 1379 1902 1482 1721 1762 2057 1798 1953 1506 2951 1860 1785 1033 1607 1557 1558 1395 1428 1754 1764 1123
1951 1828 1445 1405 1906 1478 1696 1775 2107 1770 1935 1534 2965 1834 1816 981 1603 1531 1592 1426 1432 1798 1786 1128
1934 1835 1457 1360 1962 1470 1679 1737 2157 1789 2003 1502 2965 1905 1838 985 1533 1535 1592 1387 1428 1811 1804 1109
1947 1793 1523 1368 1959 1471 1708 1728 2119 1775 2010 1498 2942 1883 1802 1055 1516 1518 1631 1469 1407 1776 1764 1078
1967 1781 1612 1339 1964 1438 1714 1765 2115 1762 1993 1474 2924 1847 1763 1094 1524 1484 1626 1508 1376 1741 1773 1150
1963 1760 1649 1340 1926 1405 1711 1776 2114 1738 2023 1526 2910 1838 1714 1103 1559 1497 1622 1478 1402 1776 1791 1137
1947 1760 1616 1351 1918 1396 1724 1759 2056 1769 2024 1567 2887 1910 1727 1112 1598 1522 1626 1456 1393 1754 1778 1123
1963 1699 1591 1379 1891 1329 1758 1759 2047 1744 1996 1534 2915 1905 1696 1103 1650 1475 1592 1443 1424 1741 1764 1137
1963 1704 1539 1366 1861 1349 1782 1788 2097 1754 2022 1526 2942 1949 1718 1002 1646 1454 1536 1391 1446 1758 1778 1132
1967 1681 1420 1309 1883 1374 1802 1768 2170 1750 2003 1534 2965 1922 1820 1002 1637 1441 1532 1335 1481 1771 1760 1091
1963 1657 1367 1308 1895 1370 1814 1799 2127 1762 1997 1530 2969 1940 1904 1064 1615 1433 1601 1374 1468 1736 1768 1073
1987 1665 1409 1302 1904 1371 1794 1790 2169 1760 1984 1462 2992 1913 1895 1121 1611 1450 1592 1361 1481 1763 1777 1073
1971 1689 1411 1294 1901 1462 1790 1778 2165 1758 1982 1530 2928 1918 1891 1134 1628 1493 1635 1404 1468 1798 1795 1087
1959 1679 1412 1275 1896 1417 1737 1748 2150 1770 1964 1567 2892 1914 1869 1217 1589 1548 1631 1408 1459 1767 1817 1032
1951 1729 1417 1358 1908 1354 1716 1728 2125 1787 2005 1530 2874 1923 1860 1230 1529 1553 1639 1413 1459 1785 1826 1032
1963 1690 1510 1393 1880 1453 1805 1783 1986 1786 1977 1506 2978 1945 1838 1164 1667 1475 1536 1426 1473 1882 1835 1055
1999 1686 1465 1349 1841 1473 1755 1829 1977 1754 1933 1542 2992 1959 1855 1191 1646 1475 1545 1447 1429 1873 1849 1059
1975 1678 1534 1301 1921 1498 1755 1762 1967 1723 1919 1526 2983 1941 1785 1164 1706 1522 1558 1486 1424 1776 1831 1069
1971 1649 1511 1301 1913 1472 1742 1763 2003 1704 1946 1538 2956 1923 1736 1138 1646 1518 1592 1516 1433 1727 1840 1073
1971 1671 1441 1377 1894 1489 1706 1808 2017 1702 1934 1538 2960 1861 1701 1121 1602 1505 1639 1529 1415 1665 1862 1073
1999 1693 1448 1358 1929 1481 1739 1798 2062 1721 1916 1506 2946 1874 1688 1125 1542 1587 1673 1504 1428 1718 1773 1105
1975 1679 1524 1372 1963 1450 1768 1807 2027 1701 1960 1502 2946 1838 1608 1112 1524 1565 1678 1473 1450 1727 1796 1132
1983 1668 1534 1415 1916 1417 1761 1815 2039 1747 2042 1550 2937 1869 1665 1164 1524 1548 1673 1443 1455 1745 1826 1109
2007 1711 1500 1408 1908 1433 1752 1785 2009 1775 2074 1550 2960 1839 1674 1169 1555 1514 1699 1404 1463 1758 1813 1114
1999 1685 1537 1365 1903 1391 1761 1760 1980 1781 2096 1571 2969 1856 1723 1160 1537 1522 1614 1430 1477 1824 1782 1159
2040 1685 1517 1360 1928 1361 1815 1774 1974 1725 2117 1607 2965 1887 1710 1178 1606 1501 1601 1408 1442 1780 1800 1159
2044 1740 1454 1362 1933 1354 1832 1740 1955 1731 2060 1591 2965 1949 1785 1165 1633 1535 1592 1391 1424 1794 1742 1173
1991 1770 1404 1328 1917 1387 1849 1728 1959 1739 2004 1554 2937 1976 1785 1116 1672 1514 1609 1374 1424 1811 1737 1191
1959 1737 1412 1307 1905 1363 1828 1761 2010 1728 1967 1562 2965 2003 1833 1130 1693 1544 1558 1404 1372 1877 1751 1196
1975 1755 1413 1337 1967 1446 1840 1749 2014 1758 1954 1554 2951 1998 1811 1134 1772 1544 1605 1382 1398 1886 1768 1169
1959 1708 1391 1345 1941 1496 1811 1754 2067 1783 1952 1514 2969 2029 1811 1103 1750 1570 1601 1443 1437 1869 1781 1146
1963 1735 1414 1338 1932 1509 1820 1774 2109 1804 1952 1554 2960 1967 1838 1116 1737 1587 1579 1465 1472 1847 1782 1119
1999 1727 1381 1336 1910 1513 1798 1790 2066 1768 1900 1562 3033 1891 1842 1112 1685 1604 1532 1482 1429 1882 1742 1096
2023 1721 1434 1356 1918 1547 1844 1795 2089 1805 1910 1538 3015 1883 1785 1094 1628 1582 1613 1456 1455 1824 1755 1073
2015 1698 1421 1338 1881 1505 1899 1832 2126 1800 1917 1510 3024 1941 1754 1081 1559 1540 1579 1473 1411 1833 1759 1055
2007 1785 1429 1300 1872 1493 1869 1782 2036 1805 1918 1542 3028 1851 1785 1081 1559 1527 1596 1439 1389 1833 1760 1069
2003 1715 1442 1303 1830 1500 1826 1735 2015 1787 1925 1518 2997 1838 1736 1152 1606 1518 1635 1451 1363 1811 1791 1100
2015 1678 1491 1351 1847 1442 1789 1738 2095 1848 2008 1534 2956 1905 1785 1147 1615 1514 1712 1447 1394 1727 1835 1109
1999 1689 1479 1366 1842 1458 1795 1747 2046 1847 2020 1522 2942 1922 1780 1134 1663 1510 1622 1439 1411 1749 1835 1100
1999 1726 1513 1384 1842 1419 1748 1697 1976 1850 2020 1550 2906 1807 1820 1143 1654 1553 1661 1430 1407 1683 1831 1105
1991 1679 1483 1360 1882 1452 1753 1717 2037 1840 2012 1530 2892 1825 1780 1173 1611 1574 1631 1430 1437 1732 1817 1105
1987 1730 1479 1356 1933 1452 1745 1786 2065 1857 2014 1514 2919 1905 1798 1103 1568 1582 1631 1430 1477 1741 1799 1082
2007 1770 1503 1328 1930 1498 1778 1769 1997 1801 1969 1530 2892 1865 1789 1151 1533 1565 1579 1430 1481 1771 1803 1050
2027 1790 1503 1299 1952 1514 1740 1732 1961 1821 1967 1558 2928 1914 1807 1134 1533 1586 1609 1439 1464 1780 1746 1041
2015 1784 1537 1346 1948 1549 1785 1718 2023 1780 1958 1534 2978 1954 1820 1094 1559 1526 1588 1434 1472 1794 1728 1091
1979 1661 1479 1403 1820 1434 1801 1833 2021 1803 2079 1583 2892 1972 1754 1068 1598 1450 1588 1278 1354 1851 1773 1169
1975 1622 1449 1375 1846 1422 1789 1850 2091 1789 2035 1571 2919 1910 1741 1046 1555 1475 1592 1321 1297 1816 1804 1137
2003 1619 1455 1361 1851 1451 1760 1817 2078 1780 2043 1607 2951 1932 1816 1055 1568 1488 1588 1278 1319 1771 1786 1119
2019 1690 1494 1362 1863 1451 1727 1821 2053 1770 2057 1575 2956 1901 1785 1077 1559 1501 1609 1287 1328 1816 1844 1123
1983 1695 1559 1376 1853 1496 1706 1742 2057 1740 2041 1526 2942 1874 1780 1108 1542 1518 1536 1334 1293 1802 1840 1114
1959 1721 1547 1350 1841 1536 1723 1683 2099 1762 2038 1526 2937 1865 1785 1156 1524 1509 1540 1330 1328 1767 1800 1073
1918 1719 1546 1354 1815 1506 1760 1738 2091 1766 2035 1534 2896 1892 1780 1173 1511 1518 1528 1347 1380 1767 1724 1064
1874 1735 1496 1359 1798 1490 1769 1809 2084 1770 2036 1498 2887 1923 1771 1169 1511 1510 1583 1399 1350 1789 1693 1141
1853 1751 1477 1377 1786 1464 1798 1808 2025 1784 2025 1482 2906 2003 1807 1156 1537 1518 1562 1373 1323 1767 1666 1141
1874 1769 1407 1356 1800 1428 1810 1846 2022 1774 2017 1486 2933 2007 1838 1108 1524 1548 1635 1360 1398 1771 1662 1123
1894 1703 1414 1386 1813 1386 1781 1825 2028 1778 1998 1518 2933 2007 1824 1090 1559 1544 1631 1365 1389 1802 1675 1137
1906 1679 1414 1389 1830 1425 1757 1761 2046 1787 2005 1514 2965 2016 1824 1077 1611 1548 1566 1387 1371 1794 1742 1182
1910 1653 1424 1404 1859 1386 1752 1714 2056 1727 1979 1502 2974 1949 1776 1108 1620 1518 1489 1374 1420 1794 1768 1109
1955 1653 1395 1407 1901 1416 1743 1710 2108 1737 1919 1542 2974 1904 1798 1094 1632 1544 1498 1378 1459 1807 1773 1096
1942 1718 1530 1358 1834 1415 1731 1759 2072 1850 2060 1494 2883 1865 1794 1086 1611 1497 1626 1490 1459 1829 1751 1050
1934 1730 1508 1301 1843 1401 1723 1749 2005 1808 2023 1478 2910 1847 1776 1108 1542 1544 1656 1534 1428 1780 1675 1069
1979 1732 1460 1317 1880 1483 1748 1801 2019 1784 2089 1494 2946 1860 1794 1060 1512 1544 1648 1551 1433 1745 1626 1091
1979 1787 1414 1338 1882 1504 1755 1813 2051 1804 2066 1498 2933 1838 1701 1095 1559 1574 1639 1525 1454 1701 1648 1109
1934 1762 1389 1348 1894 1471 1760 1810 2033 1781 2073 1486 2896 1843 1657 1108 1581 1595 1626 1516 1406 1714 1613 1150
1926 1787 1366 1352 1873 1465 1752 1789 2026 1817 2075 1502 2924 1861 1701 1156 1581 1617 1613 1478 1380 1683 1599 1200
1906 1755 1343 1359 1860 1473 1757 1831 2066 1844 2058 1538 2946 1847 1727 1165 1564 1557 1579 1469 1406 1674 1661 1241
1886 1736 1404 1345 1890 1428 1744 1815 2071 1911 2007 1518 2892 1874 1661 1160 1603 1527 1626 1443 1411 1727 1683 1205
1882 1715 1421 1330 1867 1457 1790 1879 2033 1945 1978 1550 2906 1896 1758 1169 1581 1501 1579 1443 1385 1736 1679 1223
1910 1721 1443 1382 1889 1458 1761 1849 1987 1941 1950 1538 2978 1874 1789 1182 1546 1488 1570 1421 1415 1754 1737 1214
1930 1689 1460 1399 1859 1479 1794 1845 2032 1955 1977 1518 2978 1869 1780 1156 1542 1467 1575 1434 1411 1758 1728 1164
1959 1682 1486 1438 1833 1454 1848 1861 2027 1860 2034 1482 2965 1883 1776 1156 1598 1510 1558 1378 1389 1811 1733 1155
1979 1728 1465 1470 1838 1487 1861 1837 2019 1891 2002 1510 2978 1869 1798 1200 1585 1557 1485 1391 1372 1838 1755 1146
1971 1691 1480 1486 1834 1504 1819 1751 2037 1844 2007 1546 2960 1838 1727 1174 1559 1617 1519 1421 1389 1864 1732 1109
1979 1708 1488 1446 1812 1494 1782 1798 2056 1827 2010 1538 2946 1861 1701 1178 1585 1574 1541 1456 1450 1820 1688 1137
1967 1689 1479 1411 1843 1515 1756 1830 2078 1814 1967 1554 2960 1861 1705 1213 1620 1587 1558 1456 1459 1838 1684 1155
1959 1840 1497 1381 1872 1458 1811 1732 2044 1809 2034 1518 2951 1892 1767 1147 1602 1522 1614 1465 1485 1657 1791 1082
1930 1804 1431 1419 1851 1479 1798 1707 2046 1789 2025 1530 2946 1825 1718 1204 1607 1527 1566 1430 1520 1696 1809 1105
1938 1776 1447 1393 1827 1479 1763 1712 2008 1792 2021 1538 2915 1811 1745 1239 1607 1527 1528 1456 1520 1732 1728 1114
1967 1740 1443 1407 1789 1458 1764 1740 2001 1844 1984 1530 2906 1856 1763 1244 1585 1505 1575 1417 1415 1749 1742 1082
1979 1715 1386 1432 1805 1414 1805 1698 2035 1879 1969 1518 2887 1802 1802 1243 1572 1510 1571 1408 1389 1860 1737 1096
2003 1718 1403 1419 1824 1468 1814 1702 2060 1891 1954 1470 2901 1842 1767 1208 1589 1475 1600 1430 1372 1895 1684 1164
2007 1764 1423 1382 1878 1418 1786 1770 2029 1859 1950 1438 2906 1837 1811 1186 1594 1518 1601 1438 1367 1860 1671 1141
1995 1733 1397 1424 1869 1368 1800 1752 2076 1905 1923 1442 2946 1909 1842 1191 1602 1527 1639 1451 1376 1869 1755 1146
1999 1734 1429 1436 1903 1384 1803 1694 2103 1868 1962 1446 2960 1904 1842 1208 1581 1539 1618 1482 1393 1904 1720 1169
2019 1737 1494 1413 1885 1409 1787 1753 2109 1847 1972 1462 2978 1980 1842 1182 1598 1535 1613 1473 1398 1860 1715 1155
2036 1708 1448 1405 1866 1392 1790 1765 2047 1880 1986 1486 2987 1994 1847 1195 1607 1552 1647 1464 1402 1771 1738 1150
2040 1701 1479 1414 1802 1395 1794 1724 2051 1905 2000 1522 3001 2025 1807 1178 1594 1527 1682 1456 1363 1763 1760 1164
2036 1723 1467 1352 1815 1413 1765 1728 2007 1837 1987 1567 2987 2012 1802 1152 1568 1518 1673 1473 1393 1794 1738 1159
2003 1748 1458 1335 1793 1409 1723 1769 1992 1873 2014 1575 2983 1945 1749 1165 1646 1497 1660 1486 1367 1763 1760 1155
1967 1754 1458 1281 1854 1455 1689 1749 2003 1915 2000 1550 2987 1878 1811 1108 1637 1531 1635 1508 1363 1714 1782 1150
1922 1745 1454 1311 1804 1481 1673 1740 2030 1861 2045 1567 2978 1909 1829 1134 1598 1527 1557 1517 1384 1816 1755 1114
1926 1680 1447 1275 1885 1501 1682 1757 2034 1889 2007 1530 2983 1856 1838 1090 1633 1565 1562 1551 1376 1789 1751 1087
1955 1621 1480 1339 1893 1517 1690 1735 2043 1876 1993 1482 2969 1811 1833 1117 1667 1561 1545 1517 1363 1754 1724 1087
1959 1614 1489 1332 1896 1534 1690 1759 2102 1893 1990 1494 2969 1842 1913 1095 1637 1600 1566 1499 1428 1718 1751 1055
1983 1632 1475 1352 1833 1468 1686 1762 2109 1864 2009 1498 2946 1860 1904 1169 1602 1574 1583 1495 1494 1745 1737 1078
2003 1637 1518 1343 1894 1454 1719 1746 2111 1901 1956 1522 2951 1784 1886 1156 1615 1548 1601 1482 1455 1732 1764 1109
1995 1702 1499 1299 1825 1433 1718 1732 2108 1873 2022 1546 2956 1824 1900 1209 1598 1506 1588 1469 1511 1727 1760 1109
1975 1742 1500 1264 1813 1383 1743 1804 2101 1908 2024 1567 2969 1793 1891 1178 1598 1523 1596 1477 1507 1696 1742 1091
1967 1721 1463 1266 1796 1358 1756 1762 2010 1868 2008 1526 2978 1807 1829 1139 1568 1497 1583 1473 1490 1710 1711 1119
1938 1719 1413 1313 1816 1427 1741 1775 1968 1800 1985 1587 3001 1865 1789 1117 1533 1510 1583 1525 1472 1714 1760 1146
1955 1703 1378 1318 1818 1423 1783 1762 1966 1750 1995 1583 3001 1918 1798 1117 1511 1583 1579 1495 1499 1688 1764 1150
1987 1678 1391 1415 1824 1477 1792 1764 1977 1767 1974 1575 2965 1954 1816 1090 1507 1570 1575 1482 1503 1732 1773 1191
1975 1723 1417 1437 1851 1510 1788 1736 2004 1767 1986 1562 2983 2038 1794 1077 1511 1583 1592 1486 1485 1754 1706 1228
1983 1737 1438 1436 1859 1515 1788 1736 2053 1769 1993 1579 2983 2047 1798 1086 1542 1565 1596 1469 1446 1723 1657 1260
1979 1756 1474 1425 1843 1469 1841 1760 2122 1819 2005 1538 2969 1989 1785 1103 1589 1544 1592 1382 1433 1718 1653 1191
2003 1782 1433 1383 1921 1392 1769 1701 2024 1722 2041 1470 2919 1941 1794 1147 1693 1578 1588 1434 1389 1780 1719 1169
1971 1825 1428 1343 1898 1394 1778 1730 2017 1648 2021 1470 2933 1954 1789 1116 1624 1591 1579 1412 1398 1727 1723 1169
1987 1793 1444 1335 1895 1394 1778 1722 2033 1641 1995 1478 2892 1945 1771 1038 1576 1570 1519 1421 1411 1763 1773 1169
1951 1744 1498 1359 1916 1436 1815 1761 1999 1644 1991 1494 2883 1941 1758 1038 1550 1561 1532 1447 1393 1763 1759 1210
1963 1747 1489 1378 1916 1444 1772 1795 2053 1638 1985 1538 2842 1932 1771 1038 1498 1492 1532 1456 1402 1780 1759 1237
1951 1760 1507 1391 1920 1436 1740 1770 2030 1673 1986 1526 2846 1954 1771 1060 1446 1458 1562 1434 1450 1842 1764 1182
1942 1770 1514 1422 1921 1490 1752 1795 2053 1682 2037 1546 2865 1949 1767 1112 1493 1441 1588 1400 1441 1851 1786 1178
1926 1768 1515 1416 1861 1514 1780 1758 2036 1739 2021 1587 2892 1954 1820 1116 1580 1445 1596 1417 1446 1847 1777 1164
1951 1823 1465 1396 1908 1482 1776 1693 2005 1771 2005 1587 2906 1954 1820 1116 1598 1415 1583 1374 1455 1838 1737 1155
1947 1808 1497 1413 1869 1442 1822 1675 2016 1785 2005 1554 2915 2007 1816 1138 1615 1419 1605 1356 1454 1873 1746 1173
1971 1810 1478 1408 1877 1480 1825 1641 2042 1767 1985 1587 2942 2043 1838 1177 1632 1479 1630 1387 1446 1833 1751 1200
1983 1757 1449 1391 1881 1463 1855 1653 2037 1778 1921 1603 2901 2043 1842 1143 1628 1479 1648 1374 1503 1802 1746 1178
1975 1781 1420 1397 1953 1456 1816 1690 2029 1770 1936 1583 2924 1980 1833 1173 1554 1497 1690 1409 1512 1829 1751 1164
1967 1800 1432 1410 1901 1468 1846 1688 2028 1756 1956 1579 2906 1989 1829 1147 1576 1548 1682 1395 1503 1767 1799 1164
1975 1818 1423 1423 1927 1475 1877 1701 1993 1756 2011 1587 2942 1860 1767 1156 1580 1557 1622 1404 1494 1736 1812 1096
1967 1859 1437 1428 1897 1438 1864 1723 1953 1749 1977 1571 2924 1807 1754 1169 1589 1587 1644 1391 1472 1714 1848 1069
1983 1835 1446 1436 1911 1454 1834 1716 1917 1742 2040 1534 2896 1798 1754 1195 1620 1612 1643 1430 1398 1723 1844 1064
1975 1801 1449 1407 1856 1462 1881 1757 1908 1744 2048 1530 2874 1851 1745 1178 1668 1600 1631 1400 1394 1652 1799 1055
1963 1780 1479 1386 1861 1437 1851 1790 1980 1744 2032 1538 2856 1847 1745 1204 1685 1591 1597 1426 1411 1688 1782 1037
1955 1781 1476 1365 1857 1469 1817 1799 1964 1754 1998 1522 2860 1945 1829 1213 1663 1625 1652 1417 1385 1692 1791 1055
1975 1729 1457 1351 1866 1490 1831 1831 1987 1773 2029 1514 2856 1945 1816 1173 1667 1613 1631 1413 1402 1705 1790 1046
1959 1783 1457 1354 1844 1482 1787 1809 2011 1752 2029 1530 2878 1896 1855 1134 1680 1613 1584 1430 1398 1754 1773 1073
1955 1755 1474 1368 1850 1457 1791 1764 2044 1754 2032 1530 2901 1860 1847 1152 1632 1570 1601 1417 1398 1816 1782 1114
1999 1713 1457 1391 1836 1474 1799 1760 2071 1729 2048 1542 2946 1851 1869 1174 1602 1552 1635 1465 1406 1780 1764 1141
2023 1658 1461 1391 1832 1454 1786 1736 2051 1715 2075 1558 2946 1736 1838 1104 1645 1544 1618 1478 1446 1771 1751 1141
2019 1662 1461 1344 1875 1437 1793 1758 2049 1757 2084 1554 2942 1700 1824 1099 1637 1535 1605 1491 1463 1780 1759 1187
2019 1634 1453 1365 1866 1437 1821 1792 2043 1772 2049 1506 2946 1700 1829 1121 1589 1531 1656 1499 1520 1758 1799 1219
2048 1660 1460 1378 1845 1433 1808 1788 2046 1727 2010 1546 2919 1762 1851 1151 1611 1531 1639 1495 1525 1692 1813 1214
2015 1693 1455 1333 1870 1445 1818 1818 1970 1729 2001 1522 2896 1771 1829 1099 1602 1501 1635 1451 1498 1741 1795 1205
1999 1738 1463 1363 1841 1425 1856 1830 2013 1725 2009 1494 2887 1825 1842 1156 1598 1509 1626 1412 1485 1767 1782 1200
1963 1792 1414 1353 1867 1358 1728 1710 2144 1797 2048 1502 2878 1940 1811 1173 1529 1570 1609 1399 1446 1802 1830 1041
1971 1785 1397 1383 1900 1362 1735 1744 2110 1829 2048 1538 2869 1922 1833 1116 1537 1570 1618 1421 1450 1789 1817 1055
1979 1810 1387 1403 1926 1330 1752 1760 2122 1822 2045 1490 2887 1900 1851 1173 1542 1552 1605 1399 1516 1692 1808 1096
2003 1819 1438 1440 1972 1325 1801 1744 2110 1803 2094 1450 2878 1900 1869 1165 1576 1561 1656 1417 1586 1674 1804 1150
2023 1800 1444 1380 1930 1343 1772 1771 2119 1834 2055 1474 2851 1927 1860 1165 1672 1570 1635 1426 1595 1692 1768 1155
2003 1732 1442 1398 1990 1301 1771 1734 2134 1810 2037 1534 2819 1882 1860 1174 1685 1548 1605 1426 1590 1652 1790 1141
2032 1747 1456 1318 1939 1292 1784 1743 2115 1758 1997 1514 2828 1874 1833 1160 1654 1540 1592 1408 1559 1617 1768 1137
2019 1689 1526 1286 1929 1338 1780 1764 2093 1740 2019 1518 2833 1878 1794 1090 1594 1553 1592 1451 1485 1670 1786 1096
1983 1709 1491 1276 1891 1396 1746 1791 2096 1758 1976 1526 2833 1878 1816 1086 1594 1522 1558 1395 1450 1705 1808 1069
1991 1699 1504 1305 1894 1421 1780 1771 2076 1713 1983 1538 2896 1878 1838 1073 1563 1557 1545 1425 1433 1688 1813 1050
1995 1708 1520 1293 1816 1487 1809 1780 2048 1721 1990 1518 2878 1878 1807 1055 1546 1544 1596 1434 1411 1696 1773 1091
1959 1685 1516 1368 1850 1499 1810 1759 2046 1699 2031 1522 2892 1909 1816 1033 1546 1471 1609 1430 1385 1727 1765 1078
1987 1697 1492 1347 1830 1461 1798 1750 2029 1666 2023 1510 2878 1936 1833 1055 1528 1484 1592 1382 1376 1732 1760 1091
2032 1639 1498 1346 1848 1415 1816 1750 2042 1662 2010 1518 2892 1927 1824 1038 1515 1484 1588 1382 1385 1714 1733 1123
2003 1572 1503 1323 1849 1428 1816 1728 2023 1659 2043 1526 2883 1923 1798 1064 1498 1467 1592 1382 1420 1718 1715 1114
2019 1585 1498 1336 1918 1412 1791 1748 2026 1713 2028 1482 2933 1976 1794 1020 1485 1428 1524 1361 1442 1758 1737 1087
2052 1590 1425 1336 1892 1391 1800 1752 2042 1766 2057 1494 2915 1985 1758 1086 1502 1531 1489 1374 1494 1789 1733 1109
2007 1632 1432 1403 1908 1391 1798 1760 2066 1787 2048 1486 2919 1994 1780 1090 1594 1509 1442 1395 1507 1824 1724 1114
1959 1616 1418 1405 1904 1400 1803 1760 2060 1768 2047 1498 2933 1972 1749 1112 1598 1484 1438 1447 1494 1900 1684 1128
1951 1652 1420 1427 1842 1380 1803 1782 2069 1754 2019 1466 2919 1931 1776 1112 1611 1454 1442 1456 1485 1877 1707 1128
1955 1636 1421 1459 1836 1451 1831 1748 2049 1740 1986 1514 2928 1927 1789 1195 1620 1505 1480 1490 1472 1860 1689 1164
1902 1662 1487 1462 1833 1473 1847 1741 2054 1721 1986 1514 2924 1945 1829 1222 1598 1475 1498 1507 1463 1873 1707 1159
1922 1663 1458 1431 1795 1478 1831 1673 2045 1744 1991 1518 2969 1891 1838 1169 1555 1437 1592 1481 1446 1820 1711 1164
1975 1689 1454 1497 1759 1485 1804 1640 2037 1781 1978 1526 2987 1918 1882 1160 1607 1471 1613 1455 1455 1802 1715 1109
2011 1726 1463 1497 1819 1489 1826 1652 2024 1847 1977 1534 2997 1936 1864 1121 1594 1497 1609 1412 1415 1824 1693 1119
1991 1710 1471 1503 1776 1456 1809 1682 2091 1811 1950 1546 2946 1887 1891 1081 1555 1518 1579 1352 1485 1851 1693 1100
2007 1667 1482 1511 1805 1460 1822 1648 2107 1846 1971 1518 2960 1878 1855 1016 1581 1510 1579 1334 1503 1838 1697 1069
2040 1668 1449 1524 1810 1456 1855 1750 2104 1847 1940 1534 2956 1892 1842 1086 1559 1535 1532 1335 1525 1948 1702 1055
2019 1703 1470 1474 1874 1470 1881 1795 2058 1825 1939 1526 2933 1901 1873 1108 1541 1552 1506 1348 1494 1922 1742 1069
2003 1683 1496 1399 1889 1486 1859 1783 2074 1775 1928 1518 2946 1945 1864 1156 1602 1565 1519 1365 1534 1944 1773 1069
2040 1731 1559 1344 1880 1556 1781 1719 2001 1736 1923 1562 2983 1967 1842 1073 1546 1475 1622 1417 1503 1780 1737 1096
2044 1707 1532 1348 1858 1532 1793 1722 1994 1780 1921 1583 2951 1896 1838 1116 1572 1475 1613 1425 1494 1785 1764 1100
2019 1712 1428 1347 1844 1533 1764 1697 2047 1793 1946 1575 2965 1927 1802 1073 1576 1484 1600 1382 1516 1745 1746 1100
2015 1656 1445 1341 1819 1475 1810 1676 2087 1704 1920 1542 2942 1838 1794 1116 1537 1480 1609 1343 1516 1758 1786 1150
2048 1652 1390 1313 1831 1468 1732 1691 2082 1758 1934 1510 2946 1820 1705 1165 1533 1544 1583 1313 1529 1771 1790 1119
2032 1686 1449 1354 1848 1447 1740 1699 2082 1801 1926 1450 2915 1816 1749 1208 1615 1565 1588 1360 1485 1785 1794 1073
2040 1676 1488 1333 1827 1513 1720 1682 2116 1757 1952 1426 2937 1842 1732 1213 1624 1552 1596 1356 1459 1776 1768 1073
2076 1685 1545 1333 1849 1491 1795 1735 2134 1774 1926 1414 2942 1767 1714 1217 1611 1578 1613 1386 1424 1736 1768 1082
2068 1739 1475 1344 1836 1527 1795 1780 2182 1830 1933 1426 2937 1816 1692 1213 1642 1587 1592 1408 1433 1732 1786 1069
2044 1724 1512 1347 1791 1489 1807 1788 2162 1780 1986 1466 2915 1842 1763 1230 1650 1583 1579 1504 1476 1736 1777 1100
2044 1728 1453 1345 1719 1455 1802 1814 2185 1748 2096 1510 2983 1891 1723 1186 1654 1608 1549 1473 1455 1718 1760 1132
2032 1752 1420 1378 1733 1393 1772 1798 2176 1780 2080 1514 2969 1824 1807 1151 1624 1626 1558 1447 1472 1723 1773 1119
2003 1747 1422 1391 1720 1406 1738 1786 2163 1788 2087 1498 2969 1891 1811 1125 1667 1587 1562 1473 1455 1807 1799 1128
1999 1749 1475 1429 1734 1320 1722 1765 2119 1789 2091 1502 2974 1918 1807 1125 1663 1604 1588 1512 1490 1785 1750 1146
1999 1744 1453 1417 1765 1269 1743 1731 2085 1831 2050 1522 2987 1944 1780 1112 1620 1574 1600 1430 1446 1816 1763 1091
1971 1759 1417 1452 1836 1283 1761 1684 2039 1827 1944 1498 2960 1851 1776 1134 1594 1553 1613 1430 1454 1802 1746 1109
1934 1754 1399 1401 1878 1271 1823 1680 1962 1812 1936 1446 2974 1909 1705 1104 1624 1553 1626 1456 1468 1802 1733 1123
1934 1800 1386 1418 1887 1266 1787 1671 1930 1776 1960 1478 2978 1900 1763 1134 1624 1587 1609 1456 1454 1838 1684 1137
1922 1786 1377 1391 1932 1321 1836 1702 1900 1793 1963 1454 2992 1851 1811 1116 1624 1565 1541 1456 1419 1816 1702 1128
1918 1819 1365 1388 1913 1376 1816 1764 1967 1772 1943 1446 3015 1829 1842 1082 1620 1621 1541 1477 1415 1794 1742 1137
1975 1789 1410 1319 1896 1391 1787 1802 1917 1784 1974 1490 3033 1882 1900 1077 1628 1599 1515 1460 1398 1785 1790 1123
1995 1821 1461 1391 1883 1404 1753 1820 1962 1760 1962 1550 3010 1873 1873 1169 1637 1569 1506 1469 1398 1771 1799 1114
2007 1774 1445 1365 1883 1437 1791 1805 1992 1804 1907 1522 2992 1878 1816 1178 1593 1531 1515 1426 1433 1727 1808 1096
2007 1737 1441 1370 1897 1434 1732 1821 2050 1747 1914 1538 2969 1861 1780 1165 1550 1522 1626 1360 1393 1754 1808 1128
2003 1703 1463 1386 1893 1483 1724 1805 1979 1755 1952 1522 2924 1883 1767 1200 1567 1531 1614 1317 1380 1723 1799 1141
1979 1706 1501 1417 1910 1475 1760 1811 2023 1754 1951 1498 2901 1869 1723 1208 1519 1540 1656 1304 1441 1727 1831 1141
1983 1693 1499 1389 1888 1504 1785 1775 1965 1760 2000 1498 2910 1923 1771 1169 1533 1527 1665 1239 1432 1780 1831 1173
1975 1663 1553 1407 1888 1471 1779 1787 1954 1727 2039 1510 2910 1928 1732 1130 1546 1531 1656 1278 1406 1794 1848 1182
1959 1627 1547 1394 1806 1483 1805 1767 1975 1760 2064 1534 2887 1954 1745 1130 1567 1514 1588 1291 1441 1767 1813 1155
1975 1661 1500 1391 1815 1441 1826 1800 2017 1795 2084 1591 2887 1946 1745 1104 1598 1441 1622 1278 1411 1807 1795 1155
1959 1666 1502 1369 1850 1501 1718 1817 2125 1840 1977 1562 2987 1874 1745 1200 1637 1540 1571 1499 1446 1798 1706 1141
1975 1611 1522 1354 1825 1476 1705 1838 2156 1778 2007 1526 2969 1887 1763 1139 1646 1518 1579 1512 1468 1741 1738 1164
2003 1630 1506 1329 1863 1422 1723 1901 2149 1770 2015 1530 2983 1887 1789 1139 1685 1540 1626 1508 1472 1745 1769 1159
2011 1630 1494 1341 1849 1413 1742 1872 2103 1771 1975 1554 2978 1905 1824 1125 1685 1600 1626 1495 1424 1754 1809 1141
2003 1664 1491 1342 1790 1400 1760 1857 2048 1724 1929 1542 2946 1896 1816 1068 1650 1625 1626 1490 1428 1741 1822 1119
1999 1725 1441 1395 1837 1397 1718 1824 2021 1737 1904 1534 2960 1891 1785 1068 1650 1600 1626 1456 1442 1758 1778 1091
1975 1733 1433 1396 1820 1398 1728 1832 1987 1731 1906 1498 2965 1878 1798 1090 1641 1621 1613 1434 1403 1776 1769 1100
1963 1770 1424 1417 1789 1377 1715 1808 2001 1760 1906 1466 2997 1860 1794 1086 1641 1643 1600 1378 1376 1776 1791 1087
1934 1740 1440 1399 1808 1395 1716 1745 2021 1780 1939 1474 2969 1851 1789 1077 1598 1600 1588 1382 1385 1794 1755 1059
1951 1716 1419 1470 1894 1398 1691 1694 2037 1786 1997 1474 2965 1869 1824 1095 1650 1604 1575 1369 1433 1749 1808 1050
1975 1694 1423 1425 1880 1431 1737 1703 2024 1807 2036 1490 2928 1869 1891 1121 1620 1634 1592 1421 1437 1789 1826 1032
1971 1686 1366 1412 1913 1473 1745 1698 2021 1831 2040 1554 2910 1851 1877 1134 1594 1651 1600 1451 1520 1732 1768 1046
1963 1619 1374 1396 1940 1528 1749 1731 2021 1834 2024 1546 2869 1873 1900 1156 1585 1608 1592 1495 1546 1749 1737 1078
1959 1615 1359 1379 1896 1522 1787 1798 2046 1824 2082 1538 2910 1856 1855 1160 1633 1582 1605 1486 1573 1736 1729 1064
1963 1683 1349 1297 1886 1548 1808 1798 2012 1841 2080 1554 2874 1852 1833 1165 1637 1552 1528 1525 1533 1763 1684 1082
1934 1687 1357 1318 1887 1568 1836 1802 2021 1825 2037 1542 2874 1847 1794 1112 1619 1561 1528 1517 1564 1718 1693 1109
1951 1733 1385 1297 1891 1489 1831 1841 2037 1791 2064 1530 2901 1878 1754 1134 1641 1492 1549 1452 1516 1736 1724 1105
1967 1754 1389 1301 1848 1513 1848 1872 2034 1756 2021 1530 2915 1883 1758 1116 1672 1480 1592 1417 1494 1710 1742 1059
1975 1796 1398 1305 1849 1573 1851 1872 2089 1718 1970 1522 2906 1856 1789 1138 1646 1505 1579 1413 1476 1736 1698 1119
1959 1736 1443 1334 1832 1505 1835 1892 2140 1734 1970 1530 2919 1856 1820 1073 1611 1488 1639 1426 1450 1763 1640 1155
1979 1709 1466 1336 1848 1443 1815 1922 2170 1742 1991 1530 2933 1830 1811 1095 1585 1480 1648 1447 1433 1758 1587 1155
1975 1703 1446 1358 1880 1464 1897 1941 2174 1779 1968 1514 2978 1825 1802 1077 1633 1531 1665 1443 1420 1758 1582 1132
1922 1757 1477 1269 1921 1460 1842 1857 2155 1850 1996 1518 2960 1807 1785 1081 1602 1531 1618 1473 1477 1741 1547 1132
1898 1752 1418 1294 1967 1472 1814 1852 2103 1876 2014 1550 2951 1829 1785 1099 1633 1540 1639 1499 1520 1780 1614 1078
1894 1775 1409 1289 1967 1523 1821 1827 2074 1877 2012 1546 2987 1794 1767 1173 1628 1535 1678 1443 1538 1758 1689 1046
1853 1796 1408 1274 1954 1547 1797 1812 2027 1909 2015 1538 3010 1825 1732 1160 1637 1518 1665 1408 1503 1785 1724 1064
1878 1775 1490 1282 1916 1557 1744 1718 2030 1894 2013 1550 2965 1887 1802 1143 1602 1492 1678 1486 1490 1820 1716 1069
1926 1792 1438 1353 1929 1549 1783 1744 2056 1868 2064 1526 2987 1878 1789 1139 1594 1501 1690 1465 1433 1780 1756 1087
1938 1805 1467 1357 1908 1496 1804 1731 2032 1857 2070 1518 3001 1883 1807 1117 1594 1492 1648 1465 1437 1714 1760 1123
1938 1806 1481 1372 1888 1486 1800 1756 2002 1863 2079 1514 2997 1936 1727 1125 1598 1488 1618 1469 1442 1674 1742 1141
1967 1764 1497 1408 1827 1407 1765 1744 2099 1835 1973 1522 2960 2012 1798 1112 1620 1535 1592 1408 1433 1683 1639 1146
1942 1785 1504 1357 1814 1366 1753 1765 2075 1831 1931 1526 2969 1936 1798 1138 1602 1544 1583 1387 1437 1679 1622 1082
1930 1744 1439 1320 1771 1420 1737 1755 2065 1828 2001 1530 2937 1905 1771 1147 1615 1518 1562 1356 1450 1665 1706 1114
1926 1742 1442 1350 1797 1453 1720 1755 2056 1789 1995 1526 2910 1905 1780 1134 1594 1514 1596 1356 1432 1736 1728 1055
1942 1705 1465 1331 1855 1495 1713 1735 2011 1834 1998 1502 2928 1914 1789 1116 1594 1523 1566 1404 1476 1732 1697 1087
1930 1697 1444 1371 1837 1607 1734 1755 2000 1863 2074 1482 2933 1887 1798 1116 1654 1497 1575 1430 1424 1714 1720 1155
1918 1678 1389 1382 1878 1578 1771 1759 2004 1851 2118 1446 2960 1923 1780 1130 1641 1471 1588 1426 1398 1714 1702 1173
1938 1657 1367 1393 1913 1553 1803 1771 2009 1821 2066 1430 2978 1905 1811 1077 1580 1467 1609 1461 1385 1767 1697 1109
1947 1622 1338 1366 1908 1532 1781 1802 2029 1827 2093 1442 3056 1900 1780 1108 1546 1458 1570 1465 1433 1741 1639 1146
1942 1617 1329 1356 1912 1490 1736 1773 2042 1737 2081 1418 3028 1909 1776 1104 1576 1488 1583 1461 1398 1745 1653 1128
1955 1612 1364 1297 1941 1453 1765 1790 2026 1725 2003 1462 3015 1904 1741 1090 1568 1488 1596 1404 1441 1802 1639 1096
1955 1592 1418 1261 1926 1477 1691 1777 2081 1741 1968 1494 3010 1900 1710 1077 1581 1475 1596 1447 1455 1794 1653 1114
1955 1618 1462 1286 1918 1513 1665 1769 2077 1745 1981 1486 3047 1936 1732 1143 1589 1454 1579 1468 1450 1789 1662 1096
1967 1642 1483 1313 1927 1477 1708 1776 2096 1784 1951 1454 2974 1918 1727 1134 1646 1514 1630 1455 1472 1767 1764 1078
1951 1675 1470 1302 1905 1458 1727 1755 2099 1830 1984 1498 2983 1913 1741 1152 1624 1505 1652 1447 1468 1767 1737 1082
1955 1707 1470 1317 1860 1437 1673 1759 2151 1818 2045 1474 3015 1913 1763 1204 1563 1475 1652 1499 1455 1789 1764 1109
1967 1722 1441 1317 1856 1437 1718 1747 2095 1803 2091 1426 3010 1905 1802 1200 1528 1484 1630 1469 1398 1798 1799 1069
1979 1723 1483 1262 1839 1417 1722 1752 2074 1830 2080 1390 2937 1865 1736 1160 1529 1514 1643 1430 1450 1758 1817 1069
1975 1766 1477 1216 1856 1440 1755 1697 2001 1793 2058 1410 2937 1869 1758 1182 1511 1527 1600 1451 1472 1802 1804 1055
1991 1710 1477 1220 1881 1443 1780 1706 1947 1778 2021 1410 2937 1900 1758 1208 1498 1536 1570 1460 1446 1798 1840 1032
1983 1696 1447 1213 1901 1481 1788 1703 1932 1828 2034 1430 2928 1878 1732 1125 1533 1574 1558 1417 1441 1749 1800 978
1951 1697 1473 1276 1906 1494 1797 1748 1931 1833 1996 1486 2933 1874 1692 1116 1550 1600 1592 1430 1551 1741 1738 1000
1930 1693 1423 1256 1915 1485 1853 1769 1913 1819 1925 1486 2951 1901 1736 1125 1593 1621 1553 1434 1547 1771 1711 1046
1926 1694 1470 1259 1864 1486 1798 1786 1959 1903 1930 1494 2974 1887 1736 1103 1602 1608 1545 1473 1459 1741 1684 1050
1934 1739 1440 1285 1810 1499 1827 1879 1943 1868 1937 1490 2987 1905 1705 1069 1624 1600 1575 1439 1512 1710 1635 1078
1930 1768 1434 1313 1819 1469 1877 1861 1967 1818 1898 1458 3006 1909 1749 1121 1663 1561 1618 1430 1512 1749 1680 1100
1987 1785 1421 1329 1872 1465 1844 1829 1961 1806 1875 1470 2997 1900 1802 1121 1672 1557 1579 1404 1468 1767 1720 1078
1979 1700 1475 1407 1881 1449 1802 1783 1996 1854 1944 1530 2974 1922 1824 1138 1637 1527 1575 1430 1450 1758 1764 1082
1967 1658 1458 1420 1931 1499 1793 1762 2021 1786 1975 1522 2965 1932 1824 1138 1624 1501 1613 1382 1516 1758 1782 1091
1963 1646 1496 1454 1952 1494 1765 1678 2075 1815 1945 1522 3001 1860 1895 1160 1620 1510 1605 1395 1468 1802 1844 1082
1938 1771 1538 1362 1804 1455 1785 1729 1990 1829 2015 1510 2983 1824 1771 1134 1633 1535 1622 1430 1437 1780 1729 1091
1934 1740 1527 1405 1850 1476 1760 1730 1982 1818 1966 1458 2951 1873 1789 1139 1594 1570 1605 1356 1433 1776 1720 1141
1967 1748 1521 1378 1855 1491 1706 1801 1982 1833 1923 1402 2969 1922 1802 1117 1633 1548 1613 1391 1367 1758 1711 1073
2011 1733 1516 1370 1842 1487 1714 1800 2060 1835 1895 1430 2992 1954 1820 1108 1585 1548 1592 1421 1376 1736 1720 1055
2044 1729 1503 1368 1893 1499 1727 1837 2085 1826 1939 1462 3006 1994 1851 1121 1490 1557 1587 1438 1415 1688 1729 1078
2052 1713 1496 1364 1899 1481 1785 1866 2058 1817 1977 1510 3037 1963 1869 1094 1542 1566 1630 1438 1463 1718 1756 1119
2084 1693 1463 1337 1933 1485 1803 1840 2123 1851 2025 1522 3024 1927 1877 1095 1538 1553 1639 1473 1477 1679 1795 1069
2023 1704 1417 1317 1922 1477 1823 1807 2109 1862 2028 1526 3024 1923 1886 1068 1472 1514 1605 1473 1507 1612 1826 1059
2003 1698 1381 1283 1935 1432 1849 1775 2087 1876 2032 1546 2997 1883 1838 1086 1442 1497 1554 1408 1516 1670 1817 1082
1963 1762 1375 1329 1922 1415 1853 1758 2058 1902 1970 1526 3028 1869 1820 1099 1450 1467 1579 1404 1537 1741 1835 1055
1938 1737 1405 1320 1890 1404 1815 1757 2066 1911 1977 1510 3001 1847 1829 1147 1455 1480 1558 1438 1520 1745 1808 1023
1866 1774 1410 1314 1855 1391 1835 1788 2031 1877 1988 1514 3019 1882 1802 1169 1481 1475 1562 1425 1481 1820 1795 1037
1874 1761 1412 1326 1826 1375 1848 1779 2025 1893 1984 1567 2978 1904 1829 1155 1494 1527 1575 1412 1494 1935 1781 1078
1866 1793 1400 1338 1822 1371 1864 1782 2008 1829 1975 1538 2969 1931 1816 1138 1546 1557 1622 1434 1459 1913 1795 1078
1829 1723 1376 1330 1804 1367 1908 1823 2037 1773 1960 1530 2933 1940 1855 1182 1602 1608 1592 1438 1398 1895 1773 1046
1849 1733 1379 1313 1790 1403 1925 1856 2085 1769 1975 1506 2933 2007 1833 1143 1602 1621 1596 1382 1363 1926 1764 1073
1890 1744 1379 1304 1789 1391 1894 1872 2074 1772 1950 1510 2942 1989 1789 1165 1572 1604 1596 1408 1420 1873 1769 1082
1910 1689 1391 1343 1807 1399 1870 1823 2079 1744 1981 1482 2969 1958 1754 1222 1576 1600 1592 1404 1398 1802 1782 1096
1914 1683 1453 1376 1811 1415 1859 1831 2101 1757 2008 1510 3024 1967 1811 1195 1620 1630 1553 1413 1420 1842 1756 1050
1963 1728 1473 1354 1845 1398 1797 1757 2110 1766 1999 1514 3028 1923 1767 1147 1594 1595 1549 1426 1459 1824 1742 1055
1922 1771 1425 1363 1863 1349 1772 1709 2079 1715 1952 1567 3042 1878 1785 1138 1615 1570 1553 1456 1507 1776 1778 1064
1930 1764 1471 1353 1862 1369 1733 1639 2118 1731 1951 1534 3037 1878 1838 1029 1676 1570 1493 1430 1481 1749 1729 1050
1902 1779 1498 1331 1858 1391 1745 1681 2126 1778 1940 1534 3074 1882 1842 1016 1711 1574 1523 1486 1494 1741 1720 1041
1930 1818 1537 1322 1827 1400 1712 1702 2125 1847 1930 1518 3047 1869 1811 1068 1680 1540 1557 1451 1533 1652 1706 1055
1951 1772 1539 1347 1828 1457 1690 1752 2118 1823 1923 1530 3056 1931 1794 1081 1667 1604 1515 1456 1555 1648 1773 1091
1995 1765 1602 1368 1856 1456 1681 1778 2171 1868 1973 1526 3051 1931 1771 1081 1620 1570 1506 1434 1568 1639 1786 1091
1991 1800 1588 1374 1840 1448 1656 1819 2146 1893 2003 1534 3037 1909 1785 1173 1615 1561 1588 1512 1546 1683 1773 1087
2015 1776 1526 1370 1853 1476 1660 1801 2129 1835 2022 1575 3024 1851 1794 1182 1628 1595 1540 1486 1490 1745 1715 1087
1963 1702 1482 1365 1846 1468 1660 1797 2122 1838 2000 1579 3024 1855 1807 1151 1598 1583 1540 1525 1455 1864 1751 1087
1942 1758 1475 1317 1833 1440 1669 1822 2088 1867 1997 1583 3019 1842 1816 1116 1633 1531 1570 1521 1489 1842 1702 1055
2023 1713 1484 1299 1864 1422 1706 1783 2051 1856 2026 1538 2965 2051 1785 1086 1650 1586 1656 1525 1586 1683 1720 1069
1999 1760 1480 1294 1904 1397 1742 1713 2052 1823 1993 1514 2951 2016 1771 1059 1659 1586 1678 1503 1542 1802 1689 1078
2019 1775 1475 1283 1901 1441 1772 1726 2050 1815 2008 1510 2924 1931 1736 1112 1663 1569 1669 1477 1498 1802 1662 1105
2007 1762 1496 1290 1884 1390 1739 1756 2038 1799 1950 1542 2865 1914 1718 1147 1681 1565 1665 1508 1406 1838 1671 1091
2023 1743 1520 1290 1867 1402 1785 1794 2072 1785 1935 1558 2856 1879 1780 1182 1737 1488 1695 1551 1367 1811 1715 1119
2003 1735 1513 1325 1919 1469 1789 1778 2102 1752 1921 1502 2806 1847 1851 1186 1715 1462 1682 1573 1358 1824 1728 1123
1991 1708 1528 1391 1883 1440 1782 1827 2036 1756 1883 1494 2806 1794 1908 1160 1693 1458 1664 1625 1385 1789 1768 1105
1983 1688 1538 1402 1903 1444 1767 1795 1996 1790 1875 1530 2837 1816 1877 1103 1663 1475 1656 1607 1328 1798 1790 1041
1947 1734 1566 1399 1902 1491 1778 1765 1972 1815 1943 1498 2878 1829 1900 1116 1659 1492 1626 1560 1372 1780 1759 1078
1926 1746 1502 1407 1878 1527 1745 1706 2013 1837 1955 1514 2906 1829 1798 1116 1606 1510 1617 1547 1424 1780 1782 1096
1922 1718 1479 1389 1805 1410 1786 1693 1997 1894 1954 1558 2960 1856 1802 1134 1589 1501 1600 1534 1403 1763 1759 1109
1959 1724 1459 1328 1789 1447 1791 1688 2059 1915 2000 1554 2997 1887 1736 1169 1650 1527 1557 1495 1403 1741 1760 1114
1959 1743 1443 1352 1820 1440 1776 1733 2051 1882 1953 1494 2997 1874 1745 1190 1659 1514 1527 1499 1468 1727 1760 1105
1987 1679 1425 1352 1828 1465 1772 1754 2077 1853 1927 1474 3001 1878 1714 1147 1676 1565 1549 1542 1507 1727 1742 1082
1983 1664 1441 1341 1892 1382 1764 1805 2084 1859 1938 1414 3019 1874 1763 1121 1659 1604 1545 1521 1454 1754 1702 1091
1987 1694 1485 1338 1897 1454 1726 1801 2073 1831 1937 1398 3015 1856 1763 1130 1667 1612 1536 1495 1454 1736 1711 1069
1959 1675 1514 1337 1921 1462 1722 1802 2012 1820 1913 1394 2969 1896 1741 1116 1663 1591 1558 1477 1472 1741 1719 1046
1926 1660 1460 1362 1881 1479 1673 1778 2028 1846 1965 1434 2992 1914 1763 1121 1654 1625 1588 1456 1446 1749 1715 1087
1902 1686 1438 1382 1907 1430 1702 1774 2028 1851 1955 1494 2974 1927 1780 1165 1615 1574 1583 1378 1446 1785 1729 1078
1906 1719 1413 1385 1875 1480 1719 1794 1931 1801 1938 1514 2960 1936 1767 1191 1637 1587 1579 1369 1494 1785 1804 1064
1926 1762 1404 1356 1862 1417 1712 1800 1995 1780 1925 1506 2951 1927 1798 1169 1624 1583 1575 1343 1551 1802 1835 1105
1930 1748 1415 1379 1847 1413 1701 1829 2012 1758 1932 1550 2969 1838 1820 1182 1563 1596 1596 1352 1525 1758 1813 1137
1955 1757 1466 1346 1835 1338 1775 1806 2008 1730 1916 1546 2951 1838 1816 1190 1572 1544 1596 1352 1581 1767 1822 1141
1971 1792 1461 1327 1822 1354 1758 1819 2012 1713 1933 1526 2951 1789 1776 1160 1572 1536 1618 1387 1573 1767 1827 1150
1987 1784 1490 1383 1789 1345 1750 1802 2053 1753 1929 1502 2983 1820 1820 1112 1576 1480 1635 1395 1551 1696 1844 1109
1967 1742 1502 1392 1853 1404 1750 1822 1989 1745 1960 1498 3028 1855 1816 1112 1585 1518 1665 1491 1481 1696 1809 1069
1959 1759 1469 1366 1908 1403 1770 1806 2013 1746 1995 1474 3006 1914 1820 1103 1619 1488 1682 1491 1520 1736 1827 1037
1971 1813 1503 1392 1963 1429 1729 1786 2046 1748 1996 1474 2992 1913 1842 1086 1619 1557 1656 1529 1477 1705 1822 1037
1967 1795 1502 1415 1954 1409 1700 1808 2097 1773 1982 1446 2992 1958 1860 1138 1637 1557 1648 1512 1451 1630 1800 1046
1947 1777 1485 1309 2001 1458 1750 1779 2123 1757 1960 1442 2969 1918 1824 1125 1624 1617 1665 1495 1490 1710 1742 1073
1882 1602 1466 1322 1864 1403 1788 1950 2032 1707 2032 1494 2919 1936 1873 1068 1667 1612 1631 1321 1472 1864 1769 1132
1878 1573 1486 1314 1847 1431 1739 1966 2014 1686 2055 1526 2933 1935 1794 1077 1611 1570 1665 1365 1450 1877 1782 1137
1882 1588 1492 1353 1881 1427 1678 1931 2033 1714 2057 1571 2956 1926 1771 1055 1589 1574 1596 1430 1407 1785 1737 1150
1898 1560 1514 1367 1901 1418 1654 1888 2029 1714 2045 1534 2946 1980 1696 1055 1567 1578 1562 1434 1451 1776 1680 1159
1922 1565 1488 1346 1959 1409 1637 1859 2004 1739 2002 1530 2928 1945 1718 1160 1607 1574 1549 1443 1464 1714 1706 1169
1938 1595 1526 1381 1963 1488 1617 1844 1983 1787 1993 1530 2910 1940 1723 1147 1533 1553 1562 1486 1459 1727 1764 1159
1951 1611 1518 1368 1943 1434 1671 1856 1984 1850 1961 1482 2874 1971 1749 1134 1585 1583 1562 1439 1455 1714 1742 1128
1967 1630 1551 1338 1914 1445 1713 1831 2024 1864 1959 1470 2896 1958 1745 1151 1611 1566 1601 1434 1476 1723 1782 1159
1971 1674 1495 1275 1901 1438 1696 1871 2065 1868 1986 1490 2915 1958 1727 1191 1568 1523 1635 1465 1433 1652 1808 1132
1971 1661 1510 1302 1841 1449 1736 1828 2075 1863 2006 1518 2928 2006 1701 1125 1572 1527 1678 1482 1459 1710 1831 1105
1987 1668 1460 1315 1824 1384 1756 1819 2107 1853 1960 1534 2956 2020 1696 1121 1585 1561 1674 1473 1542 1688 1782 1105
1987 1715 1465 1334 1824 1431 1726 1783 2128 1808 1952 1558 2983 2020 1727 1147 1572 1535 1665 1508 1489 1696 1831 1141
1975 1732 1457 1363 1861 1373 1729 1808 2113 1796 1967 1542 2956 2002 1798 1099 1589 1492 1665 1465 1494 1701 1773 1109
1979 1721 1459 1460 1852 1412 1796 1817 2094 1778 1946 1550 2983 1984 1855 1064 1603 1570 1635 1465 1481 1727 1773 1087
1983 1671 1474 1476 1895 1411 1743 1842 2076 1746 2015 1522 2987 1984 1886 1112 1568 1569 1614 1456 1455 1692 1719 1087
1947 1661 1464 1440 1923 1382 1768 1799 2070 1743 2017 1526 3015 1984 1900 1086 1615 1535 1597 1422 1416 1705 1750 1105
1947 1624 1471 1412 1976 1403 1761 1783 2044 1725 1989 1538 2997 1993 1877 1108 1598 1518 1639 1383 1512 1732 1706 1073
1942 1603 1482 1399 1968 1458 1723 1775 1977 1706 1962 1534 3028 1984 1855 1151 1602 1561 1669 1396 1507 1780 1759 1037
1926 1600 1461 1342 1959 1399 1697 1742 1972 1700 1930 1522 2992 2047 1886 1173 1650 1492 1665 1391 1542 1842 1737 1050
1934 1683 1408 1300 1905 1373 1714 1757 1952 1704 1909 1538 2992 2007 1820 1134 1658 1449 1687 1400 1538 1807 1773 1091
1926 1756 1474 1319 1926 1415 1697 1785 1940 1701 1879 1530 2965 2016 1816 1168 1659 1445 1695 1425 1520 1798 1760 1073
1934 1756 1479 1345 1857 1368 1743 1835 1958 1722 1879 1522 2978 2002 1824 1129 1633 1492 1631 1391 1468 1789 1768 1132
1947 1721 1436 1329 1844 1338 1756 1792 2037 1715 1864 1518 2956 2046 1785 1099 1568 1471 1618 1399 1472 1763 1751 1200
1947 1702 1463 1373 1850 1313 1785 1795 2027 1736 1892 1530 2974 1993 1745 1068 1585 1569 1627 1334 1459 1749 1777 1191
1963 1711 1500 1416 1912 1335 1831 1742 2035 1748 1888 1518 2969 2006 1811 1125 1628 1586 1626 1334 1468 1802 1768 1173
1947 1663 1497 1384 1912 1301 1836 1769 2041 1735 1921 1546 2969 1958 1851 1120 1598 1599 1622 1300 1481 1860 1746 1173
1967 1680 1455 1376 1925 1297 1844 1757 2041 1744 1917 1526 2924 1963 1842 1103 1633 1591 1618 1313 1498 1877 1853 1141
1951 1744 1506 1346 1950 1317 1878 1808 2025 1727 1895 1534 2924 1941 1873 1064 1711 1578 1613 1334 1490 1882 1862 1091
1963 1803 1484 1304 1916 1343 1844 1804 2036 1744 1931 1546 2915 1994 1882 1121 1680 1492 1622 1378 1485 1816 1888 1105
1963 1802 1494 1316 1853 1355 1840 1834 2062 1766 1921 1542 2942 2069 1802 1125 1628 1509 1536 1313 1499 1785 1911 1087
1942 1575 1482 1458 2028 1464 1748 1673 2102 1815 1921 1522 2942 1851 1895 1112 1607 1480 1596 1426 1477 1780 1826 1078
1910 1540 1443 1405 1969 1473 1761 1651 2162 1823 2001 1502 2937 1865 1900 1121 1641 1527 1618 1452 1503 1820 1839 1087
1922 1600 1373 1374 1976 1443 1782 1639 2167 1780 2007 1438 2946 1838 1886 1129 1646 1501 1656 1408 1529 1794 1799 1032
1947 1584 1357 1354 1969 1394 1791 1658 2159 1784 1983 1458 2978 1838 1895 1094 1663 1518 1549 1404 1512 1811 1768 1046
1942 1581 1362 1344 1952 1449 1774 1701 2159 1805 1959 1478 2919 1873 1869 1051 1667 1505 1592 1369 1525 1789 1737 1037
1963 1663 1427 1336 1846 1454 1749 1708 2144 1805 1971 1462 2997 1913 1855 1046 1619 1578 1609 1434 1499 1780 1764 1009
1951 1721 1438 1337 1851 1462 1708 1746 2126 1786 1956 1422 3006 1931 1798 1046 1593 1548 1601 1425 1446 1723 1725 1028
1963 1737 1479 1386 1843 1483 1684 1757 2146 1797 1933 1462 3024 1927 1816 1046 1593 1561 1588 1456 1403 1741 1747 1064
1955 1810 1489 1393 1809 1503 1734 1776 2139 1807 1953 1426 3015 1918 1785 1073 1576 1557 1631 1443 1468 1718 1831 1059
1959 1793 1457 1324 1843 1416 1709 1803 2115 1811 2007 1406 3024 1909 1723 1108 1589 1527 1592 1486 1472 1736 1889 1046
1951 1774 1391 1316 1885 1409 1713 1766 2091 1832 1995 1418 2978 1874 1741 1116 1585 1484 1558 1456 1485 1776 1898 1096
1991 1757 1400 1314 1901 1377 1717 1775 2087 1903 1924 1442 2965 1829 1776 1077 1541 1462 1554 1451 1464 1785 1946 1109
1975 1774 1413 1325 1858 1376 1761 1801 2100 1875 1900 1442 2969 1811 1736 1086 1533 1540 1588 1438 1463 1776 1938 1091
1975 1762 1428 1353 1895 1355 1753 1792 2081 1901 1865 1422 2933 1820 1771 1077 1476 1557 1557 1434 1402 1780 1875 1087
1942 1794 1429 1376 1860 1425 1803 1761 2089 1893 1858 1410 2906 1789 1789 1073 1476 1604 1575 1395 1394 1789 1831 1087
1963 1752 1491 1421 1792 1442 1774 1792 2087 1840 1910 1430 2937 1793 1824 1038 1511 1574 1587 1408 1398 1785 1791 1046
1922 1746 1472 1404 1777 1404 1840 1741 2065 1741 1948 1438 2924 1811 1789 1064 1559 1600 1545 1404 1446 1776 1800 1050
1930 1712 1496 1352 1814 1433 1853 1753 2030 1786 1988 1418 2924 1833 1824 1068 1550 1570 1511 1412 1455 1807 1795 1064
1938 1662 1476 1336 1785 1425 1833 1724 2054 1778 2050 1426 2960 1820 1807 1064 1598 1574 1575 1373 1481 1807 1786 1064
1922 1704 1492 1344 1777 1392 1815 1694 2088 1750 1995 1442 3006 1811 1842 1016 1607 1570 1562 1395 1463 1794 1751 1119
1914 1683 1478 1294 1853 1369 1869 1731 2083 1779 2033 1402 2978 1829 1789 1038 1593 1583 1579 1395 1481 1794 1728 1114
1926 1684 1501 1333 1841 1398 1823 1772 2118 1811 2042 1442 3006 1834 1807 1077 1632 1595 1631 1412 1472 1789 1671 1087
1918 1703 1458 1399 1833 1315 1772 1717 2145 1773 2114 1462 3015 1820 1820 1060 1632 1587 1648 1373 1463 1767 1684 1087
1914 1749 1462 1406 1868 1360 1755 1730 2111 1785 2079 1494 2969 1874 1842 1064 1628 1505 1665 1408 1472 1780 1689 1137
1942 1715 1446 1379 1880 1390 1761 1722 2095 1795 2152 1502 2969 1865 1824 1108 1637 1518 1677 1425 1542 1807 1729 1123
1971 1745 1413 1363 1846 1437 1724 1706 2083 1786 2105 1490 2987 1883 1811 1174 1667 1574 1609 1369 1516 1785 1724 1146
1971 1776 1441 1333 1824 1420 1774 1724 2044 1817 2097 1498 3010 1883 1824 1147 1641 1553 1630 1399 1538 1802 1755 1137
1971 1804 1486 1316 1841 1476 1808 1741 2030 1815 2063 1534 3006 1851 1763 1165 1637 1566 1630 1399 1595 1824 1746 1169
1947 1787 1485 1317 1816 1459 1803 1758 2012 1783 2066 1510 3019 1798 1758 1191 1676 1617 1639 1438 1542 1816 1746 1132
1967 1748 1520 1320 1775 1442 1790 1759 1993 1823 2050 1490 2992 1811 1758 1182 1702 1566 1626 1399 1459 1798 1733 1119
1963 1698 1453 1358 1855 1470 1624 1855 2037 1854 1948 1567 3010 1815 1811 1147 1650 1561 1592 1543 1441 1864 1689 1050
1963 1637 1451 1362 1846 1515 1705 1868 2006 1863 1972 1599 2992 1829 1820 1125 1620 1582 1579 1434 1406 1838 1680 1119
1938 1685 1485 1397 1843 1506 1688 1886 2035 1945 1907 1562 2960 1864 1811 1077 1611 1544 1600 1469 1420 1838 1706 1123
1963 1748 1490 1401 1855 1511 1684 1870 2003 1954 1944 1530 2915 1887 1780 1082 1642 1561 1622 1434 1459 1718 1648 1141
1942 1750 1497 1414 1866 1545 1734 1851 2047 1989 1977 1502 2910 1878 1838 1099 1655 1591 1622 1425 1411 1798 1693 1132
1894 1791 1484 1366 1855 1536 1816 1836 2087 1966 2021 1518 2924 1909 1838 1103 1637 1553 1613 1412 1406 1771 1688 1146
1898 1793 1487 1371 1859 1496 1803 1768 2102 1888 1943 1478 2896 1838 1829 1164 1628 1549 1617 1468 1459 1776 1728 1069
1910 1769 1474 1334 1888 1466 1832 1729 2093 1838 2002 1494 2901 1847 1838 1226 1654 1557 1639 1425 1507 1701 1728 1028
1926 1733 1458 1319 1943 1454 1840 1763 2113 1809 1978 1522 2896 1834 1939 1239 1624 1557 1622 1460 1463 1758 1768 1009
1926 1709 1452 1320 1922 1428 1773 1768 2122 1785 1961 1546 2887 1852 1908 1243 1615 1535 1622 1477 1459 1674 1746 1059
1963 1660 1479 1283 1883 1365 1765 1727 2095 1843 1946 1518 2842 1901 1904 1278 1645 1625 1622 1482 1520 1701 1742 1073
1987 1694 1478 1249 1892 1333 1736 1765 2132 1847 1960 1579 2887 1950 1886 1291 1667 1608 1588 1412 1516 1727 1768 1100
1987 1716 1481 1251 1900 1314 1731 1751 2130 1823 1945 1571 2896 1977 1873 1217 1606 1573 1583 1408 1468 1741 1804 1132
1967 1728 1517 1266 1879 1315 1752 1703 2157 1846 1972 1538 2960 1958 1771 1239 1606 1556 1571 1387 1516 1727 1809 1155
1942 1705 1523 1293 1905 1310 1764 1679 2098 1862 2005 1482 2928 1945 1767 1252 1593 1587 1583 1361 1525 1714 1830 1159
1930 1804 1491 1327 1908 1377 1730 1688 2129 1862 2054 1470 2974 1882 1794 1208 1585 1561 1600 1365 1490 1718 1822 1109
1886 1787 1492 1327 1900 1442 1719 1699 2103 1858 2049 1414 2946 1918 1811 1169 1541 1544 1617 1443 1468 1723 1808 1137
1922 1816 1491 1311 1853 1445 1720 1766 2099 1883 2002 1418 2956 1909 1824 1226 1533 1565 1575 1421 1512 1749 1808 1119
1942 1796 1460 1345 1806 1445 1744 1749 2056 1862 2016 1434 2956 1949 1855 1143 1559 1608 1558 1413 1503 1727 1830 1123
1959 1794 1414 1370 1742 1437 1753 1749 2065 1826 2024 1510 3001 1993 1847 1090 1528 1570 1575 1430 1485 1785 1777 1109
1967 1678 1470 1368 1743 1478 1749 1770 2061 1849 2026 1530 2956 2025 1855 1108 1533 1561 1523 1464 1503 1771 1791 1123
1983 1689 1462 1408 1710 1433 1782 1766 2056 1879 2031 1575 2992 1958 1869 1099 1563 1587 1523 1382 1555 1767 1759 1087
1991 1642 1424 1437 1729 1463 1801 1745 2101 1845 2060 1587 2946 1936 1873 1095 1589 1595 1592 1391 1547 1776 1804 1096
1971 1670 1363 1396 1756 1483 1764 1815 2153 1850 2083 1587 2919 1950 1922 1134 1580 1578 1558 1412 1542 1816 1773 1096
1999 1675 1369 1375 1836 1449 1777 1769 2145 1840 2072 1546 2887 1896 1944 1130 1650 1621 1553 1413 1564 1820 1782 1096
1995 1735 1322 1358 1865 1439 1802 1763 2154 1779 2008 1534 2892 1901 1900 1099 1680 1617 1592 1369 1555 1824 1755 1119
2023 1697 1334 1333 1908 1468 1781 1796 2187 1823 2051 1542 2887 1989 1891 1116 1676 1608 1588 1443 1507 1758 1782 1137
1995 1697 1380 1320 1879 1430 1753 1796 2172 1846 2081 1502 2924 2069 1917 1090 1715 1604 1571 1508 1538 1732 1733 1155
2023 1698 1415 1317 1903 1447 1761 1742 2135 1816 2020 1506 2951 2029 1873 1064 1715 1565 1639 1512 1568 1696 1750 1137
2015 1708 1484 1313 1887 1464 1744 1764 2097 1839 2016 1502 2946 2065 1842 1077 1650 1591 1618 1495 1555 1692 1724 1109
1942 1761 1423 1343 1984 1470 1762 1770 2178 1777 1990 1442 2946 1926 1811 1138 1637 1570 1639 1421 1516 1736 1764 1091
1967 1740 1428 1340 1949 1504 1733 1766 2167 1744 1960 1462 2924 1940 1798 1156 1589 1600 1631 1430 1521 1763 1729 1109
1934 1709 1436 1345 1897 1504 1729 1798 2124 1768 1991 1462 2919 1935 1833 1108 1529 1531 1661 1430 1538 1789 1689 1119
1951 1704 1390 1311 1890 1541 1746 1764 2090 1779 1995 1494 2956 1931 1824 1082 1507 1514 1665 1447 1494 1820 1702 1159
1967 1678 1408 1413 1873 1492 1696 1798 2073 1733 2035 1546 2942 1926 1807 1117 1524 1458 1643 1469 1481 1816 1675 1155
1983 1677 1438 1391 1883 1496 1697 1837 2044 1778 1999 1567 2915 1931 1842 1086 1524 1480 1600 1495 1459 1780 1671 1200
1942 1714 1451 1402 1887 1483 1729 1791 2062 1834 2005 1534 2965 1908 1864 1042 1602 1476 1562 1469 1459 1824 1711 1210
1959 1720 1445 1372 1930 1496 1740 1797 2073 1795 1954 1550 3001 1913 1842 1068 1654 1493 1536 1456 1451 1833 1773 1214
1955 1738 1474 1358 1899 1467 1748 1746 2048 1824 1914 1510 2969 1913 1917 1064 1694 1540 1536 1442 1507 1847 1773 1155
1926 1814 1475 1332 1852 1488 1727 1717 2026 1931 1938 1474 2978 1904 1917 1073 1676 1518 1519 1429 1490 1824 1800 1146
1918 1787 1525 1354 1848 1459 1692 1662 2006 1918 1922 1442 2987 1873 1917 1046 1698 1497 1558 1429 1533 1838 1862 1132
1951 1734 1515 1360 1836 1422 1660 1704 2003 1891 1895 1454 2946 1913 1935 1064 1672 1458 1562 1451 1520 1767 1875 1105
1963 1711 1470 1361 1810 1375 1616 1703 1983 1947 1923 1430 2942 1896 1922 1055 1654 1505 1575 1434 1511 1780 1862 1100
1963 1680 1462 1365 1793 1363 1620 1737 1962 1865 2004 1466 2915 1873 1895 1038 1641 1450 1558 1503 1494 1802 1876 1159
1959 1606 1432 1346 1816 1392 1629 1751 1965 1799 1988 1478 2951 1887 1935 1081 1632 1484 1575 1521 1498 1824 1889 1182
1955 1677 1382 1316 1832 1433 1709 1806 1979 1741 2033 1502 2969 1918 1900 1121 1541 1522 1583 1495 1450 1820 1826 1105
1922 1721 1359 1330 1845 1483 1755 1788 1993 1756 2029 1478 2974 1824 1891 1142 1507 1574 1609 1521 1446 1877 1805 1128
1894 1694 1434 1336 1867 1537 1805 1810 2045 1700 2043 1510 2946 1873 1829 1195 1563 1535 1596 1482 1450 1860 1844 1087
1886 1645 1436 1390 1918 1562 1827 1819 2086 1762 2023 1506 2960 1936 1771 1217 1550 1565 1605 1404 1481 1807 1791 1046
1894 1650 1491 1370 1925 1479 1814 1821 2133 1844 2003 1494 2956 1922 1754 1143 1533 1553 1643 1360 1498 1807 1817 1009
1930 1676 1494 1378 1901 1462 1784 1790 2156 1860 1937 1510 2983 1869 1723 1165 1611 1527 1609 1356 1555 1838 1835 1041
1959 1651 1553 1361 1930 1405 1725 1784 2147 1841 1955 1554 3015 1953 1714 1187 1602 1493 1618 1334 1586 1794 1849 1055
1971 1663 1518 1374 1935 1418 1709 1772 2113 1863 1980 1518 3047 1980 1745 1130 1542 1518 1601 1330 1568 1811 1782 1059
1963 1734 1537 1406 1909 1360 1734 1767 2093 1813 1944 1546 3074 1940 1794 1090 1529 1497 1626 1360 1534 1789 1857 1087
1979 1807 1535 1418 1951 1381 1697 1751 2056 1754 1987 1571 3037 2025 1816 1099 1589 1467 1588 1404 1503 1767 1809 1119
1942 1770 1565 1428 1934 1373 1662 1748 2032 1743 2030 1562 3001 2060 1873 1116 1628 1450 1596 1412 1503 1727 1777 1128
1926 1764 1529 1468 1913 1386 1699 1776 2021 1756 2049 1534 2997 2029 1908 1090 1698 1493 1549 1395 1499 1701 1729 1100
1930 1749 1500 1438 1870 1364 1727 1819 1992 1719 2008 1542 2956 1998 1926 1147 1732 1493 1626 1404 1547 1741 1773 1119
1918 1721 1521 1374 1909 1413 1696 1844 1992 1730 2034 1518 2906 1980 1948 1178 1750 1523 1605 1373 1529 1794 1773 1123
1882 1661 1513 1366 1868 1435 1746 1917 2028 1732 1999 1510 2919 1913 1926 1095 1685 1583 1605 1330 1542 1869 1760 1128
1995 1811 1496 1367 1834 1385 1865 1762 2066 1800 1925 1510 2906 2127 1794 1112 1637 1484 1575 1287 1450 1723 1924 1096
1971 1855 1529 1368 1859 1384 1819 1718 2049 1756 1941 1562 2942 2095 1754 1108 1659 1505 1613 1321 1380 1758 1835 1105
1959 1848 1487 1407 1854 1364 1831 1704 2020 1813 1933 1579 2937 2086 1736 1116 1641 1471 1596 1287 1411 1776 1853 1109
1971 1784 1518 1424 1888 1401 1794 1738 2019 1793 1861 1530 2946 1993 1745 1038 1654 1523 1596 1339 1429 1864 1822 1105
1959 1763 1518 1352 1914 1426 1767 1737 2045 1803 1815 1498 2928 1935 1763 1033 1667 1510 1661 1412 1415 1900 1791 1119
1971 1786 1490 1331 1896 1420 1717 1784 2070 1799 1884 1506 2974 1945 1718 1037 1646 1480 1596 1417 1494 1948 1800 1141
1967 1737 1512 1311 1910 1444 1705 1802 2109 1836 1899 1446 2997 1931 1763 1055 1611 1467 1626 1438 1551 1926 1826 1141
1975 1683 1502 1290 1882 1461 1651 1822 2108 1788 1906 1426 2969 1936 1776 1090 1598 1497 1601 1438 1525 1891 1786 1137
1934 1751 1443 1269 1895 1457 1679 1813 2093 1820 1952 1450 2960 1980 1785 1112 1628 1458 1579 1408 1503 1864 1840 1141
1963 1752 1413 1323 1916 1402 1697 1798 2057 1791 2001 1518 2928 1958 1847 1086 1663 1471 1609 1360 1494 1851 1840 1132
1947 1711 1379 1283 1954 1411 1676 1765 2031 1790 1918 1498 2924 1927 1864 1060 1676 1501 1635 1404 1468 1811 1831 1114
1926 1743 1354 1270 1974 1433 1759 1757 2045 1774 1894 1510 2942 1994 1855 1038 1641 1484 1618 1373 1485 1811 1787 1100
1910 1808 1337 1307 1985 1441 1793 1702 2073 1762 1918 1530 2997 2003 1886 1003 1567 1510 1682 1369 1472 1820 1777 1128
1951 1785 1400 1314 1948 1471 1819 1697 2101 1771 1939 1538 2983 1984 1855 1029 1537 1492 1699 1343 1485 1798 1715 1132
1934 1761 1403 1352 1917 1493 1811 1696 2134 1759 1952 1534 3001 1927 1842 1020 1507 1441 1661 1352 1454 1745 1733 1146
1934 1748 1446 1413 1916 1489 1852 1720 2098 1782 2001 1534 3015 1856 1838 1086 1520 1479 1648 1326 1446 1714 1759 1119
1963 1742 1466 1405 1901 1492 1770 1727 2044 1781 2006 1579 2969 1829 1820 1152 1555 1544 1639 1317 1446 1727 1737 1119
1999 1681 1459 1401 1891 1538 1749 1760 1995 1785 2032 1567 2946 1793 1802 1235 1650 1480 1605 1343 1433 1727 1769 1082
1983 1654 1445 1391 1900 1484 1726 1771 2011 1739 2046 1558 2992 1829 1780 1235 1659 1493 1588 1365 1424 1705 1777 1091
1979 1715 1441 1324 1874 1489 1706 1761 1956 1770 2064 1562 3001 1878 1758 1274 1702 1570 1592 1399 1472 1763 1711 1073
1987 1726 1403 1276 1872 1453 1665 1770 2001 1706 2019 1603 2983 1890 1758 1256 1706 1514 1571 1382 1481 1780 1720 1096
1991 1736 1379 1291 1824 1440 1732 1816 2030 1720 2052 1562 2978 1864 1776 1212 1693 1484 1545 1430 1464 1701 1759 1119
2011 1763 1404 1299 1813 1374 1736 1786 2064 1752 2036 1514 2969 1878 1767 1182 1602 1557 1528 1400 1499 1723 1768 1150
2019 1757 1412 1323 1842 1377 1782 1802 2050 1735 2030 1518 2924 1834 1798 1212 1615 1608 1553 1395 1512 1780 1764 1100
1983 1748 1389 1340 1863 1333 1797 1816 2102 1735 2021 1494 2960 1896 1776 1208 1576 1561 1532 1378 1516 1749 1822 1087
1983 1764 1409 1396 1858 1374 1796 1821 2101 1821 2028 1462 3006 1936 1789 1165 1576 1655 1540 1417 1507 1745 1755 1069
1987 1766 1392 1427 1857 1349 1738 1779 2086 1845 2008 1466 3019 1945 1851 1191 1550 1677 1596 1361 1503 1789 1742 1028
1942 1764 1358 1405 1849 1361 1767 1767 2074 1834 1967 1514 3028 1945 1860 1182 1567 1685 1588 1382 1512 1802 1720 1019
1922 1765 1401 1370 1793 1378 1771 1767 2029 1879 1952 1506 3037 1958 1873 1169 1524 1642 1605 1374 1468 1749 1734 1059
1979 1693 1432 1384 1775 1403 1734 1809 2021 1880 1892 1490 3001 1900 1917 1178 1559 1630 1686 1335 1429 1736 1702 1078
1886 1668 1381 1387 1851 1373 1797 1738 2005 1750 2043 1526 3024 1962 1829 1147 1650 1591 1605 1339 1328 1674 1759 1028
1918 1727 1390 1439 1928 1397 1759 1700 1993 1796 2027 1546 3019 1909 1820 1117 1728 1535 1631 1343 1368 1696 1759 1073
1959 1761 1420 1403 1870 1370 1668 1724 2030 1742 2061 1530 3024 1851 1824 1139 1724 1467 1699 1369 1403 1710 1800 1119
1999 1777 1472 1433 1815 1372 1661 1758 2069 1745 2020 1534 3006 1864 1816 1138 1663 1480 1686 1430 1416 1749 1786 1100
1975 1777 1473 1387 1841 1451 1671 1773 2063 1788 2025 1550 2978 1807 1824 1169 1637 1467 1729 1477 1446 1860 1822 1109
1938 1748 1504 1351 1845 1388 1688 1758 2099 1852 2042 1567 2978 1834 1749 1147 1628 1475 1750 1469 1476 1847 1813 1114
1938 1722 1479 1332 1867 1377 1667 1771 2127 1817 2105 1575 2965 1843 1749 1151 1524 1506 1733 1408 1450 1873 1777 1123
1934 1709 1438 1324 1907 1332 1697 1784 2134 1857 2079 1550 2969 1856 1754 1151 1529 1501 1687 1416 1468 1895 1769 1082
1922 1656 1393 1305 1877 1345 1666 1708 2083 1824 2092 1583 2983 1847 1723 1173 1568 1510 1687 1416 1459 1908 1751 1114
1914 1660 1383 1278 1876 1375 1632 1721 2091 1837 2114 1534 2974 1869 1727 1182 1633 1510 1631 1325 1468 1824 1716 1132
1930 1628 1435 1286 1880 1401 1615 1781 2109 1768 2103 1526 2951 1838 1710 1160 1654 1514 1627 1321 1495 1904 1737 1137
1938 1656 1442 1285 1815 1424 1628 1797 2118 1799 2085 1506 2956 1869 1763 1147 1711 1518 1614 1352 1534 1851 1747 1100
1963 1645 1431 1323 1810 1457 1657 1784 2073 1767 2079 1510 2983 1856 1754 1152 1711 1574 1609 1369 1529 1829 1711 1137
1938 1716 1454 1307 1852 1435 1653 1843 2083 1690 2006 1482 2956 1825 1798 1117 1685 1569 1579 1356 1547 1824 1760 1123
1967 1721 1460 1317 1862 1405 1679 1821 2056 1719 2019 1534 2915 1860 1780 1117 1742 1595 1592 1438 1507 1877 1773 1109
1967 1756 1368 1336 1858 1409 1679 1810 2066 1763 1978 1502 2910 1873 1842 1147 1777 1578 1600 1438 1485 1802 1742 1128
1963 1739 1382 1407 1867 1364 1675 1831 2013 1694 1956 1514 2910 1882 1824 1138 1690 1604 1600 1508 1490 1855 1733 1119
1922 1761 1393 1399 1887 1371 1622 1839 2022 1748 1947 1522 2856 1909 1869 1129 1668 1583 1613 1490 1507 1891 1755 1114
1934 1732 1384 1416 1863 1376 1622 1855 2019 1792 2044 1518 2824 1887 1811 1134 1702 1536 1605 1468 1529 1953 1729 1105
1910 1732 1406 1418 1823 1343 1621 1885 2097 1773 2023 1478 2887 1829 1776 1164 1598 1527 1583 1416 1529 1904 1742 1114
1874 1719 1462 1415 1789 1418 1641 1889 2032 1801 2018 1478 2933 1780 1780 1103 1554 1544 1588 1447 1520 1891 1773 1119
1874 1742 1461 1383 1813 1452 1693 1826 2042 1798 2003 1478 2946 1767 1732 1121 1611 1514 1588 1395 1520 1864 1782 1123
1922 1709 1474 1410 1819 1449 1734 1818 2055 1784 2031 1474 2983 1772 1705 1160 1658 1471 1545 1365 1433 1847 1728 1123
1963 1744 1467 1386 1876 1429 1800 1799 2084 1768 2002 1474 2992 1825 1763 1195 1654 1501 1605 1361 1411 1785 1729 1159
1991 1789 1481 1406 1903 1445 1830 1812 2029 1738 1992 1510 2960 1848 1785 1234 1676 1492 1601 1360 1420 1754 1711 1150
2040 1806 1467 1408 1925 1396 1798 1813 2038 1710 1976 1542 2933 1910 1816 1300 1655 1420 1575 1278 1424 1741 1702 1137
2007 1804 1488 1360 1883 1400 1816 1809 2077 1760 1963 1571 2915 1963 1855 1283 1650 1467 1604 1295 1398 1732 1707 1159
1967 1810 1518 1350 1899 1405 1833 1833 2124 1775 1926 1546 2887 1950 1851 1265 1598 1501 1626 1360 1428 1688 1729 1178
1951 1823 1522 1348 1884 1438 1778 1815 2160 1809 1935 1546 2915 1901 1820 1213 1633 1514 1566 1408 1437 1696 1747 1146
1947 1812 1482 1297 1960 1497 1686 1746 2157 1781 1942 1542 2919 1918 1789 1139 1577 1523 1540 1486 1406 1732 1755 1196
1934 1786 1495 1303 1974 1563 1716 1719 2178 1823 1970 1562 2924 1910 1771 1091 1602 1536 1558 1508 1437 1824 1742 1164
1951 1727 1489 1303 1980 1481 1599 1709 2190 1838 1948 1534 2951 1874 1789 1108 1585 1493 1519 1534 1428 1869 1733 1146
1918 1722 1456 1289 1951 1492 1575 1765 2114 1859 1928 1583 2928 1860 1780 1060 1603 1519 1570 1525 1459 1873 1755 1159
1914 1701 1437 1286 1934 1433 1598 1791 2070 1879 1939 1583 2928 1936 1838 1129 1524 1527 1622 1481 1459 1891 1777 1159
1906 1676 1395 1331 1828 1382 1661 1815 2058 1932 1915 1558 2919 1909 1860 1147 1511 1570 1695 1455 1481 1877 1737 1146
1870 1710 1386 1297 1795 1315 1698 1846 2049 1932 1925 1526 2937 1847 1842 1165 1516 1613 1656 1486 1489 1789 1777 1173
1890 1748 1345 1329 1832 1355 1744 1863 2012 1869 1934 1526 2919 1914 1785 1143 1477 1604 1660 1451 1498 1732 1760 1173
1926 1723 1365 1298 1830 1359 1739 1749 2027 1839 1964 1506 2942 1945 1833 1230 1459 1561 1652 1438 1507 1771 1738 1119
1947 1694 1407 1337 1919 1402 1734 1775 2032 1830 1956 1538 2942 1883 1767 1178 1516 1540 1566 1460 1520 1811 1765 1109
1942 1703 1466 1351 2016 1414 1750 1823 2020 1765 1963 1550 2987 1928 1816 1121 1585 1476 1540 1455 1524 1789 1818 1128
1963 1662 1490 1369 2007 1411 1732 1802 2033 1723 1976 1542 2960 1963 1816 1121 1568 1544 1553 1460 1511 1833 1822 1119
1947 1688 1496 1333 2019 1466 1744 1802 2045 1760 2003 1550 2969 1936 1838 1143 1689 1544 1579 1412 1520 1873 1853 1100
1942 1718 1518 1375 2037 1445 1756 1853 2032 1762 2018 1550 2987 1976 1807 1113 1715 1570 1596 1434 1498 1860 1906 1128
1918 1741 1473 1375 1960 1454 1735 1844 2022 1733 1960 1534 3019 1985 1829 1130 1698 1587 1639 1430 1476 1794 1844 1141
1918 1748 1416 1374 1904 1409 1706 1841 2051 1772 1980 1542 2983 1976 1847 1226 1642 1634 1660 1425 1446 1847 1862 1087
1934 1802 1401 1387 1884 1425 1658 1849 2070 1793 1991 1554 2997 2007 1864 1231 1668 1579 1686 1429 1450 1873 1830 1087
1910 1783 1423 1364 1889 1419 1667 1866 2067 1812 1978 1538 2987 1958 1922 1240 1615 1570 1651 1473 1494 1864 1844 1128
1890 1791 1350 1299 1869 1441 1667 1878 2137 1807 1974 1587 3001 1896 1842 1191 1593 1574 1617 1421 1551 1833 1795 1109
1878 1753 1325 1261 1906 1461 1701 1835 2191 1868 2044 1587 2965 1856 1838 1178 1555 1519 1630 1416 1529 1869 1849 1128
1878 1774 1325 1260 1906 1500 1735 1809 2205 1877 2029 1579 2969 1843 1785 1125 1620 1489 1566 1443 1546 1855 1822 1128
1866 1730 1314 1239 1940 1501 1742 1814 2186 1878 1991 1558 2987 1776 1776 1099 1620 1489 1570 1460 1590 1776 1857 1132
1910 1698 1297 1307 1898 1401 1746 1781 2202 1865 1992 1579 2992 1785 1701 1082 1602 1514 1536 1434 1555 1771 1857 1119
1938 1724 1328 1363 1907 1402 1747 1780 2118 1851 1998 1510 2946 1825 1789 1104 1594 1480 1515 1451 1555 1789 1853 1150
1930 1791 1356 1407 1878 1364 1710 1800 2118 1841 1958 1474 2946 1860 1851 1078 1677 1557 1472 1438 1577 1718 1853 1164
1938 1795 1369 1430 1856 1346 1692 1790 2084 1818 1991 1478 2942 1860 1855 1069 1637 1565 1476 1408 1599 1705 1813 1159
1979 1825 1403 1476 1872 1367 1700 1726 2090 1801 1982 1482 2901 1870 1895 1117 1655 1578 1451 1378 1529 1732 1755 1169
1983 1887 1390 1485 1930 1376 1704 1696 2056 1776 2028 1458 2878 1799 1926 1095 1685 1578 1493 1382 1524 1727 1764 1169
1955 1852 1397 1461 1973 1391 1719 1618 2085 1789 2042 1478 2878 1790 1922 1082 1732 1634 1511 1456 1507 1736 1755 1105
1999 1795 1392 1472 1939 1387 1761 1663 2064 1772 2045 1494 2869 1807 1895 1134 1689 1612 1588 1504 1455 1754 1719 1091
2023 1762 1420 1433 1931 1374 1761 1680 2087 1762 2011 1494 2878 1807 1886 1165 1702 1608 1596 1521 1454 1758 1733 1073
1999 1679 1389 1329 1869 1386 1709 1772 1980 1827 1934 1510 3033 1958 1802 1130 1659 1531 1613 1382 1524 1741 1720 1205
2003 1656 1425 1286 1878 1436 1751 1775 2042 1818 1989 1514 3015 1936 1776 1069 1702 1527 1622 1377 1481 1692 1746 1200
1971 1633 1455 1297 1938 1453 1793 1730 2024 1776 2019 1542 2969 1922 1785 1034 1694 1574 1639 1403 1468 1692 1786 1173
1967 1611 1422 1283 1908 1427 1809 1708 2119 1783 2019 1558 2924 1958 1763 1064 1750 1493 1634 1421 1463 1736 1791 1114
1955 1636 1468 1302 1900 1469 1780 1756 2167 1749 2002 1546 2887 1914 1763 1108 1628 1484 1652 1473 1442 1745 1835 1109
1959 1685 1392 1373 1913 1391 1771 1739 2174 1778 1972 1558 2856 1896 1749 1139 1646 1497 1583 1473 1507 1754 1875 1105
1951 1667 1368 1390 1883 1386 1775 1749 2154 1782 1974 1591 2856 1909 1807 1243 1620 1536 1515 1464 1555 1798 1759 1096
1938 1723 1358 1383 1861 1394 1744 1822 2187 1802 1959 1603 2878 1954 1824 1222 1624 1420 1476 1447 1520 1811 1755 1137
1922 1751 1374 1414 1831 1440 1682 1792 2154 1714 2012 1554 2878 1967 1847 1143 1590 1506 1498 1421 1560 1851 1750 1141
1930 1775 1361 1362 1877 1435 1690 1809 2119 1737 2040 1542 2892 1958 1855 1169 1629 1544 1472 1382 1581 1824 1719 1100
1938 1711 1453 1322 1856 1493 1703 1792 2094 1709 2111 1538 2901 1985 1869 1121 1542 1493 1502 1469 1547 1847 1675 1123
1951 1719 1498 1298 1924 1476 1699 1778 2081 1693 2104 1486 2933 2012 1811 1090 1537 1510 1506 1456 1486 1838 1755 1105
1975 1653 1520 1349 1897 1484 1674 1779 2087 1662 2076 1450 2906 1985 1802 1152 1542 1591 1519 1482 1476 1847 1750 1064
1983 1638 1487 1277 1949 1476 1717 1809 2041 1690 2025 1482 2910 1981 1816 1195 1520 1557 1536 1486 1455 1776 1724 1050
1971 1622 1467 1335 1860 1477 1762 1797 2037 1685 2009 1538 2924 1945 1869 1217 1498 1557 1532 1546 1477 1767 1759 1055
1975 1645 1416 1359 1914 1485 1734 1841 1991 1664 1954 1542 2946 1896 1873 1222 1568 1634 1549 1447 1459 1718 1790 1037
1979 1650 1440 1416 1863 1444 1742 1843 2041 1643 2017 1558 2896 1891 1895 1235 1568 1634 1579 1369 1507 1732 1799 1028
1959 1689 1418 1400 1918 1427 1778 1830 1992 1666 2081 1567 2919 1900 1864 1165 1568 1630 1566 1360 1555 1714 1790 1041
1930 1695 1418 1435 1888 1406 1821 1809 1982 1658 2112 1579 2919 1847 1842 1200 1564 1651 1579 1381 1524 1723 1826 1059
1947 1658 1425 1403 1906 1392 1842 1766 1994 1668 2125 1558 2924 1883 1789 1156 1620 1604 1605 1356 1467 1776 1794 1050
1955 1607 1417 1380 1857 1351 1842 1773 2000 1679 2138 1575 2919 1918 1763 1182 1629 1540 1583 1412 1450 1785 1795 1073
1918 1637 1393 1367 1861 1377 1808 1789 1916 1739 2086 1579 2951 1883 1732 1178 1637 1565 1600 1508 1441 1749 1817 1069
1975 1613 1389 1348 1837 1393 1816 1802 1923 1710 2051 1595 2906 1892 1732 1239 1650 1574 1609 1495 1437 1705 1817 1059
1983 1619 1428 1339 1845 1402 1803 1823 2002 1760 2078 1567 2892 1896 1727 1208 1633 1604 1592 1464 1450 1745 1808 1059
1971 1649 1409 1358 1894 1412 1770 1819 1948 1751 2080 1571 2856 1821 1741 1230 1589 1617 1540 1425 1481 1701 1804 1069
1963 1682 1433 1333 1924 1403 1799 1768 1992 1732 2072 1542 2837 1808 1780 1217 1585 1664 1549 1455 1503 1696 1768 1046
1979 1633 1397 1302 1942 1386 1828 1801 2001 1702 2084 1542 2856 1821 1727 1165 1568 1642 1545 1403 1507 1732 1741 1096
1963 1687 1412 1311 1916 1411 1779 1766 2015 1697 2047 1518 2924 1812 1710 1134 1568 1587 1575 1421 1525 1714 1759 1119
1963 1670 1424 1358 1921 1387 1708 1741 1993 1643 2003 1538 2933 1848 1741 1121 1572 1544 1566 1430 1538 1705 1751 1078
1947 1654 1418 1334 1909 1387 1686 1741 2023 1701 1964 1538 2956 1905 1771 1046 1576 1587 1605 1460 1533 1718 1724 1091
1934 1645 1444 1298 1870 1347 1834 1715 2081 1739 1999 1567 2997 1914 1851 1121 1637 1519 1575 1416 1494 1794 1804 1087
1914 1657 1444 1333 1854 1381 1808 1742 2105 1771 1971 1571 2983 1949 1869 1147 1629 1536 1579 1399 1454 1780 1848 1119
1922 1723 1387 1316 1933 1361 1805 1783 2136 1796 2023 1607 2997 1932 1860 1152 1563 1583 1592 1425 1415 1807 1870 1105
1930 1697 1357 1308 1964 1386 1734 1783 2076 1828 1974 1567 2933 1989 1873 1174 1576 1591 1566 1425 1428 1802 1822 1091
1938 1654 1329 1299 1968 1389 1692 1707 2062 1865 1952 1542 2915 1909 1860 1182 1585 1643 1579 1408 1398 1758 1808 1150
1951 1721 1341 1260 1967 1393 1684 1779 2077 1888 1973 1550 2869 1923 1829 1091 1598 1647 1639 1451 1437 1736 1808 1141
1967 1705 1369 1243 1987 1414 1663 1749 2060 1861 1974 1542 2860 1936 1842 1078 1594 1703 1618 1455 1476 1718 1768 1096
1926 1705 1405 1243 1932 1434 1662 1724 2057 1854 2006 1567 2815 1909 1873 1073 1646 1719 1600 1386 1437 1714 1715 1087
1914 1693 1410 1239 1872 1442 1762 1729 2112 1871 2032 1579 2837 1918 1802 1104 1655 1711 1617 1399 1437 1754 1781 1073
1910 1755 1516 1257 1859 1435 1762 1763 2161 1805 2020 1567 2828 1989 1785 1095 1668 1647 1639 1455 1411 1833 1782 1041
1910 1763 1485 1297 1850 1456 1787 1703 2159 1842 2030 1558 2846 1949 1789 1169 1698 1647 1651 1434 1393 1833 1724 1050
1898 1764 1471 1322 1841 1473 1788 1720 2146 1830 2009 1595 2915 1967 1820 1173 1733 1599 1711 1430 1380 1811 1742 1041
1906 1692 1475 1298 1866 1477 1780 1741 2176 1830 1950 1591 2910 1946 1780 1169 1651 1510 1776 1477 1428 1780 1791 1055
1922 1704 1471 1319 1952 1448 1796 1741 2166 1826 1905 1615 2906 1981 1794 1164 1663 1561 1759 1460 1511 1776 1844 1064
1922 1667 1386 1329 2015 1477 1809 1733 2153 1843 1933 1619 2919 1941 1833 1186 1655 1574 1772 1438 1454 1749 1826 1000
1926 1666 1397 1342 1961 1465 1822 1797 2156 1895 1967 1611 2946 1927 1860 1208 1633 1510 1742 1417 1463 1754 1844 1014
1938 1657 1400 1347 1913 1494 1771 1786 2141 1873 2009 1571 2883 1896 1811 1173 1598 1540 1690 1469 1476 1798 1844 1046
1983 1681 1397 1341 1888 1444 1751 1862 2056 1910 2010 1558 2928 1945 1847 1165 1620 1583 1617 1473 1494 1780 1799 1041
1987 1693 1376 1355 1811 1464 1677 1928 1999 1928 2070 1534 2933 1891 1833 1182 1511 1489 1634 1486 1393 1811 1728 1041
1971 1696 1436 1369 1752 1490 1685 1975 1972 1931 2099 1514 2951 1910 1811 1169 1529 1493 1587 1525 1446 1811 1737 1123
1955 1637 1447 1371 1813 1448 1625 1942 1951 1878 2042 1510 2942 1927 1838 1191 1581 1527 1592 1569 1446 1842 1697 1109
1955 1648 1433 1390 1854 1406 1648 1941 1969 1872 2012 1522 2992 1972 1860 1244 1611 1488 1656 1495 1437 1829 1662 1091
1951 1619 1412 1437 1866 1448 1651 1897 1988 1829 1999 1498 2965 1945 1877 1151 1663 1505 1626 1543 1415 1824 1675 1119
1942 1630 1402 1413 1871 1419 1710 1872 2067 1793 1973 1502 2946 1967 1917 1068 1746 1552 1600 1530 1415 1794 1693 1137
1967 1626 1347 1413 1897 1371 1718 1859 2071 1818 1955 1514 2887 1949 1886 1060 1694 1557 1639 1491 1437 1811 1715 1119
1983 1656 1358 1378 1878 1406 1812 1811 2091 1789 1978 1490 2878 1949 1816 924 1628 1578 1583 1434 1424 1780 1724 1132
1951 1655 1397 1369 1874 1389 1827 1803 2089 1799 2011 1494 2851 1861 1771 937 1607 1600 1519 1456 1407 1802 1781 1137
1934 1666 1422 1399 1847 1331 1847 1722 2065 1763 2018 1498 2883 1901 1780 1025 1555 1634 1583 1447 1381 1807 1786 1146
1947 1655 1416 1426 1868 1328 1833 1689 2015 1800 2024 1486 2869 1901 1763 1046 1529 1629 1566 1508 1398 1811 1778 1132
1942 1656 1433 1448 1828 1367 1824 1647 2006 1748 2005 1462 2919 1954 1833 1064 1581 1647 1592 1504 1442 1763 1742 1109
1987 1724 1394 1357 1736 1364 1713 1773 2026 1838 1938 1522 2969 1945 1913 1247 1572 1608 1703 1343 1459 1789 1684 1132
1991 1673 1440 1313 1758 1435 1739 1755 2018 1832 1955 1510 2987 1945 1877 1217 1593 1561 1652 1400 1437 1838 1693 1150
2007 1638 1478 1298 1795 1506 1700 1791 2054 1839 2025 1526 3001 1958 1851 1186 1628 1527 1618 1382 1424 1820 1737 1146
2015 1664 1389 1297 1851 1524 1664 1752 2090 1881 2035 1534 3010 1972 1820 1182 1676 1561 1601 1369 1451 1886 1728 1150
1991 1682 1380 1294 1888 1588 1730 1701 2086 1884 2099 1534 3033 1989 1811 1143 1581 1604 1549 1404 1512 1908 1742 1159
1979 1665 1393 1302 1952 1618 1798 1726 2069 1889 2024 1522 3010 1967 1829 1099 1528 1531 1597 1421 1477 1855 1791 1119
1955 1697 1378 1345 1927 1552 1786 1756 2103 1840 2012 1558 2983 1962 1842 1077 1598 1535 1584 1421 1490 1780 1849 1159
1942 1711 1293 1335 1938 1514 1829 1766 2114 1830 2004 1518 3010 1931 1838 1134 1598 1548 1669 1460 1538 1723 1782 1187
1910 1676 1336 1363 1959 1514 1812 1757 2123 1797 1998 1542 2997 1940 1851 1099 1537 1480 1682 1486 1560 1749 1835 1178
1898 1697 1378 1359 1937 1484 1787 1779 2100 1748 1993 1542 2992 1953 1838 1082 1602 1433 1690 1538 1525 1727 1862 1146
1898 1698 1420 1289 1860 1493 1828 1792 2111 1685 2044 1526 3010 1877 1771 1086 1606 1484 1699 1481 1533 1727 1884 1169
1866 1750 1439 1285 1843 1508 1819 1776 2078 1741 2049 1522 3019 1882 1754 1116 1589 1535 1703 1477 1507 1701 1853 1164
1874 1734 1568 1290 1833 1496 1761 1752 2042 1753 2037 1546 3010 1846 1824 1112 1555 1471 1639 1456 1494 1710 1862 1109
1898 1741 1587 1262 1753 1517 1774 1752 2027 1702 2052 1522 3047 1820 1847 1138 1585 1557 1639 1468 1472 1657 1759 1109
1918 1751 1592 1261 1731 1468 1773 1746 2083 1706 2003 1530 3060 1785 1847 1138 1594 1552 1613 1434 1459 1701 1764 1155
1922 1689 1572 1340 1779 1446 1698 1738 2082 1746 2024 1530 3065 1833 1900 1116 1624 1523 1549 1451 1481 1705 1746 1123
1934 1668 1521 1312 1821 1438 1676 1732 2106 1750 2025 1530 3069 1785 1926 1112 1611 1497 1561 1452 1534 1679 1711 1091
1926 1682 1482 1327 1771 1429 1714 1765 2132 1715 2084 1518 3060 1838 1873 1082 1611 1523 1583 1473 1538 1727 1729 1150
1947 1710 1483 1329 1822 1411 1718 1766 2143 1713 2062 1522 3065 1838 1816 1034 1642 1488 1570 1473 1547 1705 1795 1146
1934 1730 1435 1347 1863 1427 1756 1814 2102 1734 2083 1490 3001 1874 1829 1042 1663 1471 1596 1430 1529 1705 1764 1123
1942 1793 1409 1325 1879 1406 1794 1835 2073 1729 2061 1498 2960 1820 1816 1095 1655 1424 1635 1452 1503 1732 1746 1109
1967 1758 1449 1359 1861 1417 1825 1865 2112 1705 2050 1490 2946 1869 1763 1086 1620 1424 1613 1478 1485 1794 1813 1114
1963 1773 1415 1324 1917 1414 1811 1852 2119 1770 1966 1490 2901 1847 1745 1108 1668 1463 1609 1491 1454 1701 1755 1082
1951 1762 1427 1324 1907 1382 1807 1874 2112 1838 1968 1454 2869 1887 1794 1173 1637 1369 1605 1482 1459 1723 1733 1087
1918 1675 1409 1377 1899 1412 1728 1866 2135 1831 1963 1474 2915 1883 1767 1200 1603 1437 1566 1482 1476 1745 1778 1109
1926 1675 1422 1384 1869 1451 1652 1849 2140 1841 1933 1458 2969 1954 1780 1152 1603 1493 1489 1529 1441 1789 1747 1141
1890 1636 1400 1317 1814 1431 1673 1862 2097 1826 1950 1434 2969 1940 1785 1195 1624 1519 1515 1495 1389 1794 1725 1128
1866 1646 1410 1375 1837 1453 1707 1812 2053 1821 1971 1470 2997 1994 1794 1169 1594 1540 1498 1430 1345 1851 1769 1091
1841 1606 1376 1389 1872 1458 1739 1803 2048 1837 2010 1490 3024 1958 1785 1143 1642 1622 1519 1382 1315 1789 1773 1087
1874 1652 1404 1369 1834 1365 1777 1745 2027 1798 1995 1514 3051 1976 1802 1086 1659 1596 1575 1395 1315 1736 1724 1046
2011 1714 1396 1406 1957 1336 1778 1729 2091 1791 1989 1494 2896 1856 1860 1152 1676 1591 1604 1569 1468 1798 1737 1059
1987 1685 1400 1365 1918 1394 1778 1789 2117 1842 1982 1482 2933 1905 1855 1134 1676 1578 1574 1582 1507 1833 1724 1055
2023 1692 1418 1356 1875 1335 1824 1852 2107 1820 1917 1470 2956 1945 1820 1160 1685 1505 1583 1521 1529 1789 1751 1064
2019 1692 1459 1306 1884 1339 1784 1796 2138 1796 1942 1490 2974 1963 1811 1156 1646 1536 1549 1486 1616 1820 1720 1055
1979 1659 1423 1325 1894 1377 1758 1826 2153 1822 1914 1526 2992 1994 1842 1090 1672 1557 1540 1473 1590 1798 1698 1064
1979 1662 1408 1370 1880 1395 1734 1813 2101 1774 1972 1530 2974 1949 1833 1047 1650 1599 1571 1421 1590 1802 1702 1037
2011 1680 1391 1335 1842 1399 1734 1809 2096 1710 1930 1575 2928 1936 1798 1095 1637 1557 1605 1373 1538 1771 1702 1037
2003 1694 1353 1374 1816 1413 1693 1818 2133 1710 1956 1575 2915 1865 1816 1051 1585 1548 1613 1386 1507 1785 1644 1078
1983 1738 1348 1352 1837 1413 1715 1839 2073 1696 1932 1567 2924 1900 1763 1038 1589 1518 1609 1430 1503 1785 1711 1050
1995 1757 1362 1348 1853 1384 1757 1807 2024 1684 1951 1522 2856 1882 1758 1095 1520 1514 1660 1400 1534 1794 1710 1055
1991 1718 1366 1302 1878 1407 1760 1787 2000 1724 1951 1550 2910 1900 1754 1186 1532 1403 1635 1400 1516 1802 1688 1069
1991 1713 1422 1360 1916 1394 1793 1706 2046 1733 1903 1518 2951 1932 1758 1160 1506 1471 1614 1417 1503 1829 1671 1064
1995 1678 1443 1285 1942 1407 1788 1693 1992 1777 1917 1514 2956 1967 1745 1143 1472 1454 1609 1404 1485 1882 1742 1069
1979 1637 1418 1288 1937 1408 1756 1712 2026 1775 1970 1514 2965 1914 1785 1116 1493 1437 1644 1330 1468 1891 1684 1096
1963 1641 1377 1325 1959 1458 1765 1719 2058 1787 2007 1518 3010 1905 1771 1112 1524 1437 1652 1339 1433 1935 1738 1105
1987 1656 1406 1331 1917 1438 1804 1706 2109 1731 1957 1466 2956 1923 1745 1064 1485 1514 1609 1382 1415 1882 1751 1119
1971 1647 1380 1322 1917 1458 1745 1753 2030 1773 2001 1482 2919 1967 1758 1104 1533 1506 1639 1421 1398 1900 1773 1123
1926 1659 1354 1389 1963 1470 1684 1752 2064 1719 2016 1490 2937 1958 1816 1187 1585 1596 1652 1417 1380 1904 1751 1114
1942 1705 1389 1444 1956 1457 1700 1706 2037 1762 1976 1486 2887 1940 1785 1235 1555 1613 1613 1478 1332 1895 1738 1128
1947 1732 1434 1380 1931 1385 1695 1660 2009 1767 1958 1490 2860 1949 1776 1200 1572 1609 1553 1486 1367 1842 1751 1155
1922 1766 1391 1357 1889 1393 1713 1687 2001 1783 1970 1518 2883 1980 1855 1182 1633 1621 1647 1460 1411 1838 1738 1155
1910 1721 1378 1318 1856 1340 1747 1724 2027 1737 2011 1546 2919 1984 1873 1156 1633 1621 1682 1460 1450 1780 1751 1169
1942 1698 1416 1289 1822 1310 1762 1734 1993 1732 2011 1530 2878 1980 1824 1095 1668 1630 1686 1451 1455 1732 1756 1159
1971 1648 1443 1215 1774 1329 1769 1735 2008 1734 1978 1530 2910 1998 1877 1121 1702 1625 1729 1421 1481 1736 1800 1150
1975 1630 1410 1287 1752 1367 1744 1752 1952 1713 1941 1522 2933 2011 1908 1125 1693 1643 1746 1360 1468 1758 1805 1141
1971 1644 1471 1324 1764 1313 1734 1765 1958 1686 1953 1518 2928 1989 1882 1108 1676 1608 1682 1421 1441 1780 1849 1141
1983 1700 1453 1372 1785 1333 1650 1752 1924 1712 1864 1506 2906 1940 1895 1108 1659 1561 1652 1447 1476 1807 1845 1146
1995 1705 1396 1371 1739 1333 1698 1730 1930 1766 1860 1502 2965 1954 1908 1160 1602 1531 1622 1425 1524 1829 1814 1155
1979 1736 1373 1425 1813 1345 1712 1776 1882 1773 1882 1514 3006 1941 1873 1130 1598 1540 1553 1447 1529 1785 1800 1200
1987 1701 1412 1380 1848 1335 1716 1771 1945 1787 1925 1522 3028 1972 1824 1099 1659 1523 1562 1464 1537 1780 1747 1210
1918 1636 1426 1351 1900 1412 1694 1784 2027 1730 1973 1522 2951 1954 1776 1060 1542 1578 1617 1399 1568 1771 1777 1150
1947 1686 1462 1399 1892 1425 1690 1746 2057 1717 1905 1490 2896 2012 1877 1068 1555 1583 1587 1399 1568 1785 1760 1119
1906 1663 1455 1416 1860 1354 1701 1747 2070 1749 1944 1530 2865 2003 1913 1077 1555 1613 1536 1408 1542 1869 1746 1091
1926 1707 1462 1412 1863 1365 1752 1724 2016 1778 1935 1514 2846 2012 1895 1060 1568 1570 1514 1425 1485 1842 1773 1146
1947 1720 1459 1426 1896 1360 1686 1736 2025 1750 1991 1506 2869 2025 1847 1147 1633 1536 1476 1351 1507 1851 1795 1141
1934 1742 1433 1476 1853 1435 1646 1721 1994 1741 1995 1542 2887 2038 1811 1139 1655 1506 1437 1395 1459 1811 1777 1073
1870 1690 1420 1428 1844 1454 1655 1705 2040 1738 2077 1595 2937 2012 1802 1156 1629 1480 1459 1447 1468 1847 1804 1100
1878 1636 1438 1405 1880 1501 1664 1680 2082 1762 2040 1579 2883 2007 1842 1161 1650 1488 1485 1456 1433 1820 1835 1109
1886 1585 1410 1408 1868 1492 1630 1727 2093 1742 2041 1591 2874 2007 1829 1174 1677 1523 1523 1442 1450 1807 1809 1087
1874 1577 1448 1417 1813 1535 1721 1733 2113 1742 2021 1615 2856 1981 1860 1091 1642 1557 1549 1482 1428 1802 1853 1091
1894 1622 1446 1402 1908 1478 1741 1722 2106 1752 1979 1619 2869 1932 1816 1091 1646 1518 1540 1482 1455 1807 1911 1109
1963 1615 1457 1397 1919 1457 1719 1723 2050 1753 1988 1595 2860 1892 1780 1130 1668 1493 1566 1464 1420 1758 1911 1073
1983 1632 1499 1385 1962 1456 1719 1749 1959 1765 2008 1603 2910 1914 1758 1108 1628 1454 1600 1477 1420 1723 1915 1069
1955 1683 1481 1369 2013 1499 1736 1787 2023 1790 1993 1567 2978 1874 1829 1108 1580 1437 1600 1469 1433 1745 1920 1082
1959 1697 1481 1400 1985 1456 1710 1838 2004 1764 1968 1526 2974 1879 1807 1169 1507 1424 1575 1460 1402 1718 1888 1100
1951 1622 1489 1370 1934 1485 1711 1807 2005 1762 2032 1518 2956 1888 1864 1230 1542 1510 1617 1425 1389 1723 1870 1132
1951 1684 1439 1384 1906 1518 1759 1827 2018 1795 2022 1494 2978 1914 1855 1200 1516 1514 1609 1425 1358 1767 1870 1164
1942 1687 1435 1407 1877 1530 1725 1817 2102 1772 2014 1502 2956 1857 1864 1213 1546 1514 1592 1438 1411 1780 1866 1169
1971 1665 1487 1407 1795 1539 1725 1775 2083 1766 2003 1518 2937 1874 1855 1231 1568 1566 1592 1456 1424 1763 1870 1169
1979 1675 1473 1348 1838 1513 1736 1744 2067 1827 1994 1530 2896 1901 1824 1239 1676 1600 1635 1490 1424 1811 1843 1173
2003 1712 1472 1388 1857 1487 1761 1808 2109 1893 1941 1530 2901 1906 1798 1231 1633 1604 1677 1520 1402 1811 1852 1137
1938 1698 1471 1416 1884 1438 1715 1808 2103 1898 1934 1567 2887 1892 1855 1265 1689 1690 1665 1481 1428 1710 1848 1132
1930 1682 1385 1427 1859 1430 1752 1816 2136 1886 1983 1554 2942 1914 1869 1244 1667 1729 1677 1429 1402 1696 1813 1150
1914 1723 1354 1427 1862 1392 1798 1770 2082 1896 2016 1550 2919 1972 1829 1235 1672 1673 1651 1451 1380 1705 1844 1164
1914 1705 1353 1448 1854 1410 1787 1721 2083 1875 2032 1579 2951 1981 1855 1244 1650 1634 1651 1473 1406 1741 1862 1150
1890 1726 1330 1428 1828 1444 1770 1688 2053 1794 2072 1571 2919 1976 1873 1174 1659 1600 1562 1390 1454 1745 1809 1141
1938 1721 1330 1368 1832 1422 1813 1660 2070 1803 2082 1550 2906 1963 1816 1130 1637 1510 1557 1417 1485 1816 1764 1132
1951 1746 1390 1338 1822 1430 1817 1649 2001 1806 2005 1522 2874 1989 1789 1165 1676 1510 1545 1438 1520 1851 1778 1105
1955 1709 1409 1304 1850 1397 1788 1683 2070 1765 2027 1550 2937 1901 1802 1126 1689 1527 1588 1412 1503 1820 1737 1096
1947 1719 1395 1293 1833 1384 1830 1744 2083 1760 2044 1571 2960 1914 1829 1086 1676 1514 1562 1360 1564 1780 1746 1073
1934 1690 1421 1476 1815 1354 1727 1722 2043 1774 1962 1498 2942 1985 1851 1116 1576 1578 1643 1517 1446 1780 1751 1078
1955 1671 1379 1407 1828 1362 1760 1749 2062 1773 1913 1494 2937 2025 1922 1086 1602 1574 1677 1508 1503 1780 1764 1091
1971 1688 1367 1402 1843 1419 1785 1785 2100 1791 1941 1490 2887 2025 1895 1090 1650 1510 1656 1464 1577 1758 1768 1087
1971 1668 1439 1420 1859 1452 1752 1780 2112 1777 1974 1498 2946 1998 1891 1130 1654 1502 1677 1425 1621 1767 1786 1091
1947 1672 1496 1367 1929 1405 1716 1814 2139 1772 2038 1542 2951 2025 1847 1130 1611 1497 1621 1438 1564 1820 1795 1132
1947 1667 1515 1333 1946 1430 1674 1750 2095 1758 2096 1534 2956 2029 1882 1174 1624 1561 1587 1455 1625 1785 1808 1141
1971 1714 1514 1359 1967 1476 1616 1756 2083 1768 2134 1514 2965 1985 1838 1130 1624 1583 1566 1464 1617 1780 1782 1123
1914 1661 1507 1326 1968 1463 1600 1765 2155 1814 2129 1506 3006 1985 1838 1156 1616 1596 1562 1447 1529 1794 1813 1069
1890 1694 1475 1304 1957 1437 1609 1799 2145 1822 2126 1514 2978 1980 1842 1178 1655 1630 1596 1446 1512 1794 1790 1082
1934 1688 1425 1304 1926 1454 1629 1833 2122 1835 2073 1522 2956 1918 1851 1217 1663 1626 1626 1507 1511 1776 1844 1078
1951 1669 1379 1296 1948 1442 1726 1844 2117 1836 2067 1538 2937 1870 1847 1257 1654 1621 1678 1468 1450 1794 1813 1069
1938 1702 1396 1346 1931 1375 1742 1754 2132 1852 2040 1550 2951 1879 1833 1270 1598 1591 1630 1442 1389 1802 1853 1087
1963 1769 1400 1356 1965 1362 1716 1759 2026 1797 2009 1558 2915 1870 1842 1288 1563 1566 1618 1451 1467 1802 1871 1164
1951 1768 1414 1374 1953 1368 1703 1741 2050 1747 1996 1550 2915 1919 1847 1274 1550 1553 1622 1455 1445 1776 1866 1187
1934 1833 1371 1433 1892 1377 1752 1695 2086 1772 1982 1518 2910 1919 1891 1261 1606 1531 1601 1381 1454 1811 1839 1178
1906 1816 1414 1425 1880 1447 1744 1753 2076 1761 1970 1522 2896 1967 1877 1226 1598 1535 1549 1377 1498 1802 1835 1210
1914 1746 1435 1376 1858 1440 1765 1784 2022 1692 1958 1518 2874 1972 1891 1257 1641 1565 1596 1408 1542 1802 1777 1228
1918 1706 1451 1339 1815 1452 1791 1740 2083 1700 1992 1526 2901 2020 1900 1209 1663 1557 1622 1408 1485 1829 1719 1178
1963 1702 1461 1308 1815 1459 1819 1773 2109 1769 2041 1534 2842 1998 1931 1174 1672 1566 1613 1390 1507 1802 1675 1164
1942 1668 1445 1324 1858 1472 1785 1778 2083 1779 1995 1550 2851 1989 1864 1143 1620 1548 1630 1421 1476 1785 1666 1164
1942 1688 1388 1337 1821 1388 1811 1725 2086 1790 2016 1530 2842 1963 1869 1152 1694 1570 1673 1512 1485 1776 1715 1141
1902 1708 1421 1351 1815 1438 1795 1750 2113 1868 2048 1550 2878 1967 1891 1139 1711 1548 1643 1534 1455 1776 1720 1128
1882 1740 1418 1355 1801 1497 1783 1777 2121 1902 2035 1526 2846 1896 1869 1160 1702 1579 1673 1564 1455 1771 1764 1150
1894 1724 1425 1304 1784 1540 1775 1718 2074 1861 2003 1518 2896 1914 1855 1208 1702 1557 1639 1595 1446 1780 1790 1096
1886 1700 1461 1244 1772 1527 1762 1717 2060 1782 2088 1502 2892 1963 1886 1200 1715 1604 1617 1603 1481 1727 1768 1114
1878 1651 1517 1245 1806 1548 1703 1767 2066 1787 2054 1514 2951 1963 1851 1204 1620 1561 1592 1499 1446 1754 1719 1123
1898 1643 1501 1286 1806 1523 1769 1794 2069 1750 2029 1514 2937 2025 1798 1239 1633 1532 1596 1469 1468 1732 1706 1091
1922 1675 1493 1300 1810 1418 1807 1793 2012 1745 2013 1538 3001 2047 1789 1226 1598 1514 1583 1438 1446 1718 1693 1100
1878 1720 1506 1343 1819 1372 1817 1823 2064 1767 2019 1534 3042 2060 1723 1199 1585 1527 1553 1395 1490 1776 1711 1150
1890 1749 1518 1364 1850 1432 1821 1848 2044 1775 1997 1542 3033 2025 1714 1212 1550 1510 1532 1408 1437 1851 1742 1119
1991 1700 1463 1392 1845 1521 1732 1776 1979 1807 1996 1494 3051 1923 1798 1125 1702 1578 1626 1364 1371 1811 1884 1119
1983 1740 1427 1368 1853 1454 1723 1856 1961 1851 2079 1478 3051 1959 1833 1152 1659 1548 1596 1455 1450 1820 1884 1109
1947 1709 1437 1356 1855 1408 1781 1819 1934 1832 2061 1482 2992 1897 1851 1152 1603 1553 1669 1525 1432 1855 1875 1123
1914 1689 1469 1371 1881 1440 1815 1811 1951 1872 2044 1502 2992 1887 1851 1200 1633 1591 1669 1525 1432 1763 1844 1105
1910 1687 1502 1377 1894 1485 1777 1876 2006 1848 2100 1518 2978 1874 1816 1169 1568 1625 1707 1542 1450 1776 1848 1146
1914 1722 1503 1347 1865 1443 1720 1879 1995 1837 2135 1534 2978 1865 1824 1147 1511 1621 1784 1573 1467 1754 1835 1132
1918 1743 1452 1319 1835 1485 1704 1858 1990 1789 2050 1583 2942 1914 1833 1151 1554 1634 1780 1547 1428 1736 1786 1114
1914 1737 1418 1279 1814 1506 1696 1844 2026 1794 2090 1583 3006 1949 1864 1143 1576 1643 1759 1525 1424 1679 1750 1132
1894 1679 1402 1242 1810 1485 1683 1844 2065 1791 2085 1583 2997 1963 1820 1082 1563 1609 1647 1486 1463 1776 1848 1119
1886 1734 1395 1296 1789 1423 1725 1799 2060 1810 1996 1567 2965 2012 1833 1117 1541 1561 1613 1438 1494 1794 1812 1100
1886 1696 1383 1318 1753 1465 1779 1783 2014 1806 1963 1554 2956 2034 1855 1165 1615 1510 1562 1438 1463 1767 1777 1100
1874 1660 1404 1313 1787 1482 1808 1778 2067 1811 2035 1546 2983 2016 1882 1160 1594 1527 1562 1416 1437 1802 1786 1123
1942 1678 1442 1348 1830 1495 1821 1804 2029 1796 1952 1567 2937 2034 1855 1130 1602 1484 1502 1408 1411 1873 1831 1100
1967 1705 1467 1368 1846 1520 1837 1817 2007 1801 1986 1558 2933 1985 1873 1200 1576 1454 1596 1421 1437 1820 1773 1119
1995 1660 1434 1327 1883 1570 1804 1835 1999 1825 2036 1575 2946 1928 1904 1213 1624 1462 1579 1495 1437 1816 1760 1096
1995 1702 1399 1327 1990 1550 1778 1870 2052 1829 2025 1554 2946 1896 1873 1200 1646 1501 1545 1430 1454 1794 1764 1123
2003 1675 1387 1355 2003 1549 1720 1821 2001 1755 1935 1518 2933 1856 1798 1182 1646 1501 1557 1465 1450 1842 1862 1100
1975 1675 1320 1275 1994 1548 1674 1801 2044 1779 1978 1478 2919 1847 1802 1222 1659 1604 1617 1495 1494 1758 1773 1105
1963 1694 1298 1260 1966 1519 1645 1756 2044 1719 1985 1478 2933 1892 1798 1160 1633 1625 1609 1530 1411 1710 1738 1132
1934 1708 1288 1268 1876 1536 1695 1782 2058 1732 1955 1474 2928 1905 1780 1104 1598 1655 1617 1482 1372 1665 1755 1155
1938 1690 1355 1247 1835 1644 1750 1799 2046 1726 1956 1450 2910 1914 1776 1100 1607 1638 1613 1526 1363 1674 1720 1178
1930 1692 1371 1233 1814 1623 1800 1793 2062 1799 2003 1494 2956 1945 1829 1139 1642 1673 1613 1521 1394 1621 1671 1178
1922 1638 1382 1258 1770 1585 1796 1809 2085 1769 1991 1502 3006 1967 1811 1130 1668 1553 1575 1534 1385 1670 1715 1182
1971 1631 1421 1261 1762 1531 1813 1774 2140 1818 1953 1506 3033 1927 1833 1156 1694 1532 1545 1477 1446 1754 1768 1150
1991 1626 1431 1254 1817 1459 1762 1696 2129 1761 1942 1526 3028 1980 1855 1169 1716 1536 1549 1525 1463 1785 1755 1141
2019 1595 1375 1282 1838 1360 1663 1675 2154 1776 1914 1558 3010 1998 1833 1169 1664 1562 1523 1486 1428 1829 1755 1100
2027 1642 1365 1283 1851 1368 1668 1708 2167 1801 1954 1522 2946 2025 1833 1187 1625 1506 1596 1473 1407 1829 1746 1123
2044 1709 1373 1316 1921 1394 1685 1717 2139 1848 1966 1550 2924 1937 1860 1165 1577 1527 1639 1412 1407 1794 1724 1105
1979 1756 1352 1361 1920 1406 1694 1773 2066 1856 2000 1558 2878 1932 1838 1161 1533 1557 1664 1495 1402 1745 1724 1096
1959 1713 1354 1363 1921 1448 1658 1825 2048 1893 2007 1567 2915 1923 1824 1134 1559 1532 1660 1468 1442 1758 1724 1091
1951 1641 1378 1372 1871 1425 1712 1850 1997 1803 1895 1482 2919 1835 1886 1243 1629 1558 1605 1408 1481 1705 1746 1109
1942 1575 1399 1381 1866 1372 1752 1840 1963 1770 1969 1490 2915 1808 1864 1226 1625 1540 1596 1412 1485 1718 1737 1096
1951 1570 1400 1344 1890 1381 1790 1827 1970 1785 1977 1534 2915 1852 1794 1187 1594 1639 1557 1413 1476 1723 1751 1141
1951 1562 1427 1305 1856 1422 1809 1851 2029 1836 2024 1546 2919 1901 1785 1117 1555 1634 1549 1421 1537 1767 1760 1146
1918 1603 1369 1343 1853 1380 1765 1804 2054 1803 2022 1575 2915 1981 1741 1051 1577 1643 1544 1408 1559 1736 1866 1146
1910 1587 1381 1355 1826 1489 1722 1791 2107 1869 2019 1579 2942 2030 1736 1038 1581 1617 1450 1390 1515 1798 1835 1100
1898 1716 1397 1293 1775 1570 1769 1815 2125 1848 1933 1583 2928 2012 1741 1073 1572 1578 1476 1408 1485 1802 1822 1109
1862 1778 1419 1322 1751 1557 1807 1834 2136 1889 1926 1571 2924 2034 1780 1112 1559 1527 1472 1395 1489 1807 1888 1059
1878 1754 1400 1349 1768 1523 1804 1788 2081 1833 1907 1571 2924 2030 1767 1134 1594 1540 1463 1382 1446 1802 1932 1055
1894 1728 1469 1371 1703 1544 1819 1801 2044 1879 1905 1542 2915 2030 1807 1156 1603 1501 1489 1364 1433 1824 1834 1023
1898 1735 1494 1366 1721 1539 1815 1735 2030 1822 1908 1550 2928 2012 1802 1156 1581 1489 1566 1421 1446 1798 1821 1064
1918 1664 1484 1380 1777 1447 1741 1682 2077 1858 1974 1546 2928 1981 1794 1108 1572 1459 1566 1412 1555 1785 1830 1091
1963 1613 1505 1388 1821 1457 1708 1663 2032 1801 2018 1498 2924 1936 1820 1095 1581 1493 1604 1429 1537 1754 1777 1123
1963 1649 1505 1396 1779 1478 1696 1684 2058 1814 1986 1514 2937 1927 1847 1121 1598 1493 1638 1416 1493 1754 1799 1100
1934 1715 1496 1416 1861 1474 1742 1680 2121 1820 2030 1538 2928 1910 1802 1147 1615 1519 1634 1433 1533 1776 1795 1196
1922 1764 1441 1404 1828 1416 1804 1741 2127 1799 2021 1534 2919 1928 1816 1147 1655 1579 1630 1438 1533 1811 1817 1169
1918 1780 1417 1401 1812 1493 1785 1792 2085 1824 2003 1534 2878 1976 1816 1143 1650 1613 1673 1425 1502 1829 1794 1146
1894 1747 1383 1372 1812 1498 1776 1796 2159 1847 1944 1579 2869 1959 1776 1156 1620 1613 1728 1442 1559 1869 1821 1159
1862 1723 1388 1389 1862 1449 1759 1772 2173 1860 1933 1571 2883 1932 1767 1187 1581 1604 1681 1494 1568 1842 1803 1155
1898 1725 1369 1365 1840 1453 1733 1775 2146 1861 1923 1530 2896 1901 1789 1130 1611 1583 1694 1494 1546 1811 1813 1123
1902 1629 1388 1378 1861 1450 1684 1783 2114 1927 1910 1486 2915 1932 1794 1148 1581 1501 1690 1481 1586 1816 1852 1159
1910 1646 1389 1375 1852 1414 1670 1724 2112 1869 1933 1510 2951 1923 1811 1169 1607 1467 1613 1512 1560 1767 1906 1173
1902 1700 1396 1401 1845 1355 1661 1818 2082 1871 1992 1530 2937 1941 1833 1178 1633 1446 1536 1495 1573 1710 1875 1169
1930 1717 1387 1379 1795 1386 1645 1870 2052 1795 2051 1534 2915 1994 1847 1139 1637 1454 1536 1469 1625 1749 1830 1205
1942 1665 1383 1372 1786 1398 1693 1862 2031 1783 2049 1554 2896 2007 1886 1169 1611 1476 1493 1469 1568 1749 1857 1223
1979 1755 1426 1378 1794 1464 1730 1850 2069 1796 2075 1583 2878 1985 1935 1134 1637 1489 1450 1469 1529 1714 1817 1173
1930 1690 1420 1381 1794 1526 1765 1881 2120 1844 2022 1510 2869 1972 1908 1147 1629 1519 1497 1464 1533 1674 1781 1187
1951 1643 1399 1309 1757 1607 1794 1786 2146 1903 2006 1518 2892 1981 1900 1069 1616 1489 1527 1451 1476 1736 1795 1169
1951 1616 1374 1350 1836 1574 1776 1791 2186 1950 2021 1498 2906 1972 1895 1038 1607 1476 1549 1451 1445 1749 1759 1150
1918 1643 1347 1323 1831 1578 1699 1816 2205 1955 2004 1466 2924 1940 1891 1038 1590 1463 1557 1481 1498 1820 1737 1105
1862 1599 1330 1329 1810 1502 1681 1786 2122 1925 1975 1482 2915 1931 1869 1073 1616 1501 1626 1494 1481 1780 1728 1128
1890 1647 1326 1327 1832 1478 1694 1734 2064 1861 2006 1502 2937 1927 1842 1082 1611 1574 1664 1464 1450 1785 1728 1105
1894 1657 1326 1381 1869 1437 1682 1755 2116 1780 1961 1434 2965 1936 1802 1113 1693 1673 1677 1469 1406 1723 1732 1109
1914 1667 1303 1323 1872 1500 1796 1731 2066 1817 1969 1458 2951 1958 1767 1156 1707 1639 1647 1486 1398 1639 1790 1105
1963 1670 1288 1332 1918 1468 1859 1745 2053 1772 1984 1474 2924 1972 1718 1100 1720 1626 1626 1438 1389 1586 1790 1119
2015 1651 1283 1324 1912 1481 1877 1757 2025 1787 1982 1486 2942 1945 1701 1117 1694 1566 1575 1464 1389 1617 1826 1073
2003 1668 1272 1347 1899 1523 1884 1753 2036 1787 1977 1526 2924 1963 1776 1113 1677 1493 1583 1482 1420 1639 1834 1087
2007 1695 1320 1328 1857 1527 1822 1742 1978 1798 1969 1579 2910 1923 1816 1117 1577 1408 1553 1464 1503 1683 1799 1091
1999 1706 1317 1322 1816 1511 1821 1754 2056 1840 1936 1575 2915 1866 1860 1073 1577 1429 1570 1447 1511 1745 1795 1119
1983 1702 1358 1322 1793 1469 1788 1714 2123 1849 1932 1587 2933 1883 1908 1104 1546 1446 1630 1460 1533 1763 1817 1114
1930 1733 1329 1382 1845 1473 1724 1747 2219 1836 1922 1583 2878 1879 1891 1112 1559 1463 1639 1434 1568 1776 1769 1141
1951 1755 1350 1349 1837 1381 1650 1804 2229 1857 1913 1546 2883 1892 1851 1073 1581 1437 1617 1429 1529 1824 1786 1146
1955 1710 1299 1422 1832 1359 1703 1769 2271 1861 1976 1546 2887 1954 1864 1046 1598 1480 1622 1473 1485 1851 1817 1114
1938 1703 1362 1453 1833 1388 1632 1760 2258 1785 1948 1542 2874 1972 1842 1007 1611 1493 1647 1499 1494 1833 1804 1091
1934 1712 1362 1482 1816 1363 1629 1782 2175 1812 1950 1530 2874 1963 1789 1042 1576 1450 1643 1490 1437 1873 1790 1091
1947 1713 1352 1423 1778 1371 1655 1800 2146 1837 1997 1522 2924 2003 1802 1082 1485 1437 1660 1468 1450 1873 1808 1123
1947 1683 1383 1409 1785 1436 1663 1809 2133 1842 1991 1550 2933 2020 1811 1091 1460 1433 1656 1416 1485 1864 1786 1128
1918 1672 1391 1323 1815 1416 1671 1840 2094 1836 1999 1518 2901 1998 1820 1086 1473 1442 1643 1416 1467 1811 1835 1150
1914 1701 1386 1364 1812 1337 1676 1797 2087 1842 2054 1502 2887 1963 1873 1191 1446 1459 1639 1416 1489 1833 1817 1200
1910 1691 1373 1389 1855 1422 1665 1784 2123 1832 2074 1518 2878 1932 1908 1196 1468 1497 1639 1434 1525 1749 1866 1205
1942 1691 1373 1397 1917 1418 1678 1720 2125 1792 2073 1482 2851 1910 1886 1112 1525 1591 1630 1529 1494 1741 1853 1196
1938 1670 1344 1352 1930 1373 1680 1714 2134 1808 2096 1438 2842 1888 1953 1174 1533 1655 1638 1573 1468 1723 1897 1146
1942 1689 1405 1387 1937 1374 1642 1773 2141 1825 2061 1470 2874 1865 1886 1191 1602 1617 1655 1560 1468 1736 1795 1178
1967 1719 1426 1363 1964 1428 1616 1775 2094 1821 1998 1534 2901 1927 1886 1226 1628 1608 1686 1543 1442 1692 1813 1128
1951 1715 1504 1303 1903 1416 1624 1815 2059 1800 1973 1526 2933 1927 1904 1182 1659 1604 1712 1568 1464 1718 1773 1123
1934 1710 1505 1285 1816 1383 1658 1867 2049 1792 1967 1562 2946 1932 1966 1204 1680 1570 1759 1460 1464 1727 1791 1132
1910 1695 1494 1348 1810 1383 1758 1846 2054 1822 1995 1611 2951 1932 1931 1126 1659 1561 1746 1438 1516 1696 1787 1137
1926 1691 1445 1308 1825 1428 1793 1780 2050 1823 2009 1583 2933 1950 1957 1104 1577 1561 1725 1430 1499 1670 1826 1123
1947 1641 1395 1284 1779 1389 1792 1810 2086 1865 2009 1534 2928 1941 1904 1091 1494 1596 1699 1508 1511 1754 1853 1119
1947 1642 1382 1303 1790 1368 1784 1779 2111 1869 2000 1534 2910 1959 1900 1156 1503 1600 1648 1568 1502 1749 1822 1105
1951 1651 1414 1411 1750 1470 1797 1822 2103 1925 1973 1558 2919 2052 1807 1204 1602 1536 1724 1464 1446 1811 1701 1191
1975 1655 1438 1415 1811 1436 1763 1894 2077 1880 1988 1526 2910 2021 1860 1208 1671 1553 1664 1425 1442 1802 1705 1205
1979 1686 1418 1423 1880 1389 1708 1861 2072 1816 1949 1550 2906 2052 1824 1213 1654 1626 1656 1408 1437 1807 1683 1191
1987 1725 1385 1382 1843 1460 1646 1836 2062 1857 1960 1542 2915 2065 1816 1200 1624 1630 1669 1482 1485 1833 1728 1182
1942 1665 1420 1339 1873 1490 1638 1806 2100 1844 2024 1490 2915 2035 1807 1130 1620 1639 1651 1573 1464 1833 1764 1191
1886 1732 1417 1322 1860 1481 1581 1801 2074 1822 2000 1510 2896 2012 1789 1174 1628 1621 1677 1525 1472 1807 1822 1155
1902 1752 1471 1326 1814 1514 1624 1769 2061 1827 1928 1542 2878 2030 1763 1165 1563 1583 1686 1520 1507 1820 1787 1105
1878 1738 1497 1330 1835 1473 1577 1773 2023 1826 1972 1514 2910 2065 1780 1169 1594 1544 1669 1520 1489 1864 1862 1096
1870 1747 1479 1350 1852 1386 1606 1800 2035 1790 1886 1534 2956 2043 1798 1161 1590 1536 1592 1481 1494 1824 1875 1100
1914 1740 1486 1348 1800 1389 1634 1801 1985 1791 1893 1579 2978 1985 1847 1182 1603 1570 1652 1473 1485 1785 1915 1105
1914 1705 1491 1385 1821 1402 1646 1748 2021 1793 1929 1518 3006 1945 1895 1160 1651 1532 1677 1503 1490 1807 1884 1119
1910 1690 1459 1389 1842 1394 1662 1765 2050 1793 1987 1478 3006 1980 1851 1147 1655 1557 1669 1442 1490 1798 1879 1119
1910 1654 1435 1404 1768 1418 1809 1724 2067 1762 1985 1522 3010 1891 1926 1073 1655 1545 1660 1499 1516 1754 1827 1069
1886 1577 1405 1348 1768 1422 1801 1680 2028 1811 2033 1530 2928 1914 1948 1073 1655 1523 1665 1494 1494 1816 1755 1091
1894 1632 1401 1281 1769 1464 1830 1709 2059 1751 2021 1506 2910 1953 1900 1095 1659 1493 1639 1477 1503 1816 1680 1078
1898 1662 1373 1251 1777 1442 1863 1721 2017 1743 2037 1542 2924 2002 1891 1091 1607 1527 1566 1412 1481 1816 1693 1114
1910 1654 1406 1284 1762 1445 1835 1715 2073 1803 2025 1583 2928 1945 1935 1108 1633 1570 1583 1503 1463 1811 1702 1159
1926 1739 1406 1266 1797 1491 1786 1710 2105 1822 2058 1567 2924 1909 1869 1196 1616 1609 1592 1481 1454 1886 1684 1219
1955 1790 1471 1252 1780 1492 1803 1740 2115 1834 2087 1567 2974 1914 1886 1222 1642 1626 1643 1434 1472 1820 1679 1219
1959 1737 1483 1320 1789 1508 1759 1726 2111 1892 2099 1562 2956 1927 1882 1213 1642 1647 1613 1412 1463 1816 1648 1228
1971 1733 1508 1299 1819 1529 1734 1740 2143 1903 2068 1542 2896 1879 1882 1161 1646 1647 1617 1420 1459 1807 1649 1191
1926 1741 1496 1234 1874 1525 1712 1741 2095 1838 2101 1530 2915 1879 1833 1148 1607 1652 1600 1381 1454 1807 1653 1196
1942 1752 1481 1184 1892 1518 1687 1759 2103 1862 2065 1538 2915 1901 1807 1169 1629 1621 1643 1420 1454 1754 1649 1191
1914 1790 1428 1178 1905 1531 1660 1740 2082 1880 2105 1514 2919 1897 1771 1178 1646 1634 1673 1390 1402 1771 1666 1164
1898 1807 1404 1173 1895 1398 1738 1766 2063 1828 2114 1494 2951 1897 1754 1169 1628 1604 1682 1399 1406 1763 1706 1159
1886 1773 1376 1225 1861 1368 1738 1748 2022 1828 2189 1506 2978 1932 1771 1217 1641 1587 1703 1421 1384 1785 1755 1164
1890 1785 1382 1217 1855 1411 1738 1743 2062 1854 2124 1498 2942 1994 1820 1191 1654 1540 1750 1443 1419 1798 1782 1150
1878 1736 1385 1242 1803 1386 1728 1770 2030 1858 2138 1490 2937 2048 1869 1148 1659 1536 1669 1421 1398 1780 1795 1169
1902 1690 1403 1275 1838 1410 1713 1771 2073 1875 2077 1486 2928 2021 1842 1143 1620 1493 1592 1490 1455 1811 1826 1173
1886 1673 1418 1243 1841 1491 1670 1741 2090 1928 2002 1522 2915 2048 1869 1134 1581 1467 1648 1517 1468 1771 1843 1173
1938 1783 1529 1336 1824 1414 1846 1819 2076 1773 2003 1542 3019 2051 1741 1208 1620 1548 1575 1456 1446 1833 1809 1146
1959 1838 1526 1272 1842 1456 1817 1754 2089 1751 2072 1558 3042 2060 1794 1217 1594 1557 1532 1451 1385 1802 1853 1141
1975 1809 1520 1275 1838 1536 1795 1712 2131 1770 2104 1550 3015 2082 1776 1222 1641 1578 1455 1456 1463 1824 1782 1146
2019 1759 1485 1276 1881 1536 1790 1721 2046 1752 2089 1550 2992 2011 1824 1239 1585 1582 1455 1434 1446 1794 1778 1137
2027 1716 1480 1231 1862 1478 1740 1641 2052 1732 2105 1546 3019 2051 1838 1235 1620 1531 1472 1369 1547 1767 1715 1155
2011 1694 1457 1229 1888 1495 1777 1696 2052 1744 2121 1550 2997 1980 1842 1239 1611 1501 1438 1330 1538 1802 1666 1137
2011 1625 1415 1294 1903 1478 1813 1740 2007 1780 2040 1526 2937 1940 1833 1217 1546 1557 1523 1395 1551 1882 1627 1141
1991 1665 1422 1324 1928 1475 1790 1790 2000 1712 1962 1514 2942 1945 1829 1147 1572 1544 1617 1399 1477 1829 1675 1141
1971 1679 1421 1315 1872 1500 1771 1734 2038 1727 1946 1514 2928 1998 1749 1143 1629 1514 1583 1434 1454 1794 1720 1141
1995 1746 1402 1322 1904 1449 1813 1785 2017 1817 1916 1550 2878 1981 1736 1112 1607 1536 1574 1443 1389 1776 1760 1141
1999 1791 1395 1371 1869 1458 1755 1732 1967 1808 1924 1571 2846 2016 1718 1078 1633 1536 1609 1490 1411 1745 1765 1150
1995 1774 1444 1345 1836 1449 1685 1737 1944 1818 1989 1538 2819 2052 1732 1064 1642 1514 1596 1416 1367 1705 1791 1159
2011 1682 1443 1393 1827 1368 1725 1755 1944 1846 2038 1583 2824 2016 1758 1099 1611 1570 1570 1429 1398 1736 1826 1196
2011 1713 1453 1437 1831 1385 1733 1807 1971 1833 2078 1567 2815 2038 1869 1073 1611 1583 1639 1429 1437 1785 1813 1191
1991 1649 1492 1495 1852 1424 1730 1853 1996 1853 2048 1542 2842 2020 1891 1104 1615 1604 1613 1442 1481 1741 1808 1182
1991 1599 1500 1476 1807 1432 1722 1854 2064 1906 2004 1538 2896 2011 1864 1099 1572 1617 1592 1464 1468 1718 1852 1169
1967 1664 1503 1500 1809 1436 1741 1835 2102 1910 1932 1562 2933 1962 1873 1077 1606 1677 1571 1481 1551 1727 1848 1187
1951 1698 1499 1460 1827 1483 1687 1804 2076 1935 1908 1554 2919 1984 1873 1108 1607 1599 1571 1490 1555 1727 1800 1150
1955 1660 1536 1427 1790 1453 1675 1774 2072 1941 1880 1591 2933 1905 1855 1108 1598 1625 1545 1473 1581 1736 1786 1159
1955 1692 1518 1424 1770 1467 1665 1712 2098 1944 1905 1575 2946 1861 1824 1090 1598 1676 1613 1481 1563 1771 1839 1155
1951 1743 1489 1411 1809 1443 1662 1682 2070 1893 1911 1571 2937 1909 1847 1125 1602 1651 1596 1459 1598 1776 1866 1169
1934 1732 1420 1382 1840 1458 1642 1718 2062 1860 1924 1579 2951 1896 1829 1121 1598 1583 1592 1442 1607 1780 1840 1132
1938 1736 1456 1342 1819 1461 1630 1738 2136 1867 1997 1542 2978 1847 1851 1095 1581 1587 1549 1434 1603 1811 1826 1141
1947 1703 1451 1364 1856 1470 1687 1794 2150 1824 1989 1506 2983 1909 1838 1160 1555 1527 1566 1464 1537 1829 1817 1141
1942 1653 1404 1377 1833 1455 1670 1801 2159 1727 1966 1518 2997 1993 1829 1200 1546 1561 1545 1499 1546 1904 1822 1187
1938 1683 1420 1380 1825 1433 1701 1852 2171 1775 1954 1534 3001 1936 1886 1174 1511 1548 1558 1525 1511 1926 1759 1137
1979 1630 1496 1400 1813 1443 1730 1793 2195 1775 1945 1522 3015 1923 1802 1169 1542 1561 1566 1503 1463 1891 1790 1178
1971 1655 1478 1453 1827 1469 1747 1811 2137 1775 1926 1534 3028 1981 1763 1204 1594 1578 1592 1438 1472 1860 1835 1146
1983 1744 1440 1432 1827 1478 1680 1803 2085 1773 1937 1526 3033 1976 1780 1130 1607 1617 1618 1421 1455 1860 1844 1146
1987 1760 1477 1383 1841 1475 1734 1800 2004 1844 1963 1506 3056 1905 1798 1130 1676 1536 1626 1386 1398 1780 1821 1087
1947 1694 1370 1328 1892 1438 1691 1817 2018 1874 2029 1603 2942 1919 1842 1130 1563 1480 1711 1490 1490 1745 1724 1137
1938 1656 1359 1360 1897 1430 1685 1829 2046 1888 1998 1579 2983 1839 1816 1064 1585 1489 1609 1473 1476 1758 1702 1114
1955 1659 1370 1365 1878 1413 1718 1801 2011 1814 1966 1522 2946 1852 1771 1095 1637 1536 1549 1525 1516 1802 1742 1114
1983 1626 1327 1309 1886 1414 1704 1784 2028 1826 1879 1522 2974 1825 1816 1091 1694 1514 1566 1455 1498 1789 1769 1105
1995 1660 1285 1288 1878 1411 1742 1749 2077 1826 1892 1498 2956 1798 1798 1069 1685 1540 1558 1447 1520 1816 1781 1091
1967 1685 1320 1309 1894 1432 1779 1744 2107 1884 1929 1430 2928 1798 1767 1060 1667 1639 1493 1455 1533 1811 1795 1064
1987 1724 1359 1296 1868 1361 1813 1714 2067 1873 1877 1490 2896 1829 1758 999 1663 1664 1549 1477 1546 1780 1791 1091
1955 1704 1370 1296 1836 1365 1806 1696 2109 1931 1925 1534 2946 1878 1758 951 1633 1639 1587 1442 1529 1745 1782 1096
1922 1674 1353 1387 1832 1428 1782 1721 2126 1885 1989 1526 2906 1932 1688 1003 1638 1690 1604 1477 1568 1789 1737 1123
1914 1653 1418 1405 1856 1450 1847 1722 2089 1856 2030 1502 2887 1941 1754 1042 1616 1664 1617 1464 1511 1727 1729 1146
1947 1694 1355 1423 1797 1480 1855 1686 2069 1754 1981 1550 2878 1950 1776 1090 1638 1574 1673 1434 1516 1767 1729 1159
1967 1694 1365 1437 1810 1534 1797 1712 2042 1750 2023 1550 2837 1972 1780 1117 1620 1553 1647 1403 1524 1798 1769 1132
1963 1695 1304 1458 1780 1512 1793 1772 2047 1734 2024 1554 2796 1932 1869 1191 1611 1549 1617 1412 1481 1767 1760 1141
1963 1724 1300 1393 1796 1457 1855 1713 2015 1746 2047 1567 2806 1927 1944 1104 1577 1485 1579 1386 1455 1794 1737 1137
1926 1735 1272 1405 1771 1435 1784 1701 2033 1807 2007 1599 2824 1932 1882 1077 1572 1519 1600 1399 1481 1798 1742 1119
1906 1654 1335 1388 1826 1380 1739 1782 2041 1926 2005 1595 2851 1959 1895 1051 1585 1557 1592 1465 1442 1758 1728 1100
1874 1631 1302 1379 1834 1388 1717 1750 2066 1896 1982 1546 2946 1878 1913 1125 1594 1574 1579 1499 1450 1780 1693 1100
1894 1595 1356 1346 1901 1443 1713 1776 2055 1896 1941 1498 2974 1909 1891 1095 1598 1592 1575 1547 1433 1798 1697 1096
1886 1588 1412 1364 1876 1486 1693 1823 2074 1952 1965 1458 2942 1887 1886 1125 1611 1613 1635 1538 1450 1758 1715 1082
1910 1567 1407 1315 1887 1432 1689 1850 2073 1902 1953 1450 2942 1861 1877 1134 1585 1647 1600 1581 1445 1754 1755 1096
1886 1645 1377 1362 1831 1444 1772 1791 2069 1830 1968 1450 2965 1834 1860 1121 1611 1668 1605 1499 1428 1710 1759 1128
1874 1705 1367 1378 1824 1469 1835 1769 2056 1820 1960 1494 2951 1914 1877 1104 1642 1664 1626 1434 1455 1652 1750 1141
1870 1740 1328 1366 1746 1465 1862 1727 2023 1822 1953 1518 2956 1896 1864 1100 1594 1690 1656 1390 1485 1670 1720 1150
1918 1730 1283 1338 1737 1448 1831 1760 2050 1769 1948 1571 3001 1896 1860 1108 1559 1694 1579 1434 1490 1670 1702 1173
1959 1816 1279 1373 1715 1493 1865 1765 2033 1788 1961 1591 2997 1936 1900 1112 1589 1647 1553 1408 1481 1617 1666 1196
1955 1783 1300 1331 1788 1519 1806 1786 2023 1795 1941 1575 2946 1923 1864 1104 1529 1591 1588 1482 1516 1688 1675 1187
1983 1705 1307 1355 1792 1492 1764 1846 2056 1836 1923 1562 2937 1932 1873 1112 1507 1617 1553 1504 1459 1723 1715 1159
1975 1715 1317 1391 1801 1479 1686 1845 2047 1821 1955 1542 2942 1914 1895 1125 1590 1523 1549 1482 1481 1736 1724 1128
1955 1732 1332 1428 1839 1454 1703 1798 2004 1836 1876 1510 2928 1914 1855 1156 1651 1523 1579 1465 1424 1692 1728 1146
1926 1632 1387 1381 1875 1509 1698 1828 1992 1827 1857 1470 2919 1861 1860 1213 1616 1523 1596 1460 1446 1776 1710 1114
1930 1629 1391 1322 1756 1404 1785 1762 2120 1895 1963 1530 2933 1990 1838 1152 1512 1540 1613 1595 1481 1776 1822 1069
1975 1696 1391 1308 1759 1433 1742 1795 2084 1866 1937 1506 2901 1897 1811 1200 1546 1540 1596 1616 1411 1794 1813 1119
1959 1689 1369 1354 1716 1429 1758 1822 2068 1868 1912 1522 2910 1897 1811 1270 1564 1561 1600 1625 1468 1842 1769 1114
1894 1691 1344 1321 1721 1438 1764 1846 2103 1827 1966 1530 2874 1856 1851 1244 1655 1527 1630 1568 1441 1785 1729 1064
1890 1683 1275 1342 1750 1464 1746 1833 2113 1843 2008 1542 2915 1870 1886 1230 1633 1531 1648 1512 1442 1864 1724 1082
1934 1735 1282 1314 1816 1498 1675 1819 2131 1885 2016 1522 2869 1825 1922 1182 1589 1565 1643 1495 1429 1851 1737 1096
1878 1654 1311 1357 1773 1494 1679 1758 2122 1896 2005 1530 2883 1879 1926 1147 1520 1536 1622 1490 1455 1869 1715 1096
1858 1672 1319 1389 1806 1490 1679 1732 2109 1927 1979 1510 2910 1897 1939 1143 1542 1518 1678 1486 1433 1864 1759 1100
1910 1695 1365 1421 1810 1499 1662 1725 2052 1883 1941 1486 2933 1923 1935 1121 1542 1531 1618 1460 1433 1873 1795 1114
1942 1713 1347 1389 1808 1453 1680 1717 2096 1900 1918 1494 2910 1879 1908 1116 1551 1570 1575 1430 1416 1776 1791 1132
1890 1702 1351 1370 1827 1479 1720 1721 2080 1874 1893 1510 2928 1879 1877 1121 1629 1600 1613 1425 1407 1763 1844 1137
1938 1763 1364 1355 1908 1455 1667 1720 2125 1899 1908 1510 2924 1932 1869 1173 1681 1613 1600 1438 1433 1767 1871 1119
1938 1784 1427 1322 1920 1450 1654 1753 2176 1920 1907 1510 2892 1932 1908 1169 1638 1638 1536 1430 1433 1802 1867 1109
1910 1750 1420 1330 1945 1476 1675 1726 2210 1951 1904 1538 2892 1919 1877 1160 1629 1634 1574 1399 1424 1767 1871 1150
1898 1737 1506 1330 1925 1525 1709 1739 2139 1944 1905 1526 2851 1928 1869 1199 1655 1574 1621 1386 1398 1816 1862 1141
1934 1714 1558 1376 1891 1505 1715 1739 2184 1905 1938 1538 2878 1972 1882 1239 1620 1587 1604 1416 1437 1816 1844 1146
1938 1694 1541 1388 1865 1552 1755 1769 2189 1830 1951 1571 2846 1905 1895 1248 1676 1613 1677 1447 1402 1824 1821 1173
1934 1703 1500 1365 1810 1538 1719 1803 2193 1772 1969 1603 2860 1950 1802 1208 1711 1609 1690 1442 1389 1829 1844 1164
1926 1697 1488 1373 1802 1568 1715 1794 2183 1788 2022 1591 2896 1968 1838 1200 1702 1604 1639 1425 1397 1864 1813 1159
1914 1694 1438 1366 1827 1484 1677 1832 2195 1815 1990 1579 2924 1976 1794 1116 1689 1609 1644 1434 1441 1873 1848 1200
1890 1737 1430 1356 1852 1435 1672 1833 2179 1877 2015 1558 2933 1963 1807 1125 1698 1621 1614 1412 1446 1842 1870 1196
1874 1780 1434 1352 1839 1430 1646 1849 2188 1912 1988 1550 2933 2038 1802 1038 1676 1596 1571 1364 1485 1824 1813 1150
1902 1788 1455 1385 1891 1472 1667 1806 2115 1944 2003 1526 2974 1972 1847 1078 1680 1639 1635 1360 1542 1816 1817 1155
1918 1809 1463 1359 1909 1475 1650 1819 2069 1893 1955 1558 2978 1963 1842 1086 1641 1609 1678 1377 1507 1877 1790 1196
1934 1836 1428 1379 1854 1572 1691 1781 2042 1882 1993 1554 3010 1971 1904 1077 1646 1643 1664 1382 1546 1895 1777 1159
1934 1813 1361 1356 1850 1544 1701 1748 2042 1822 1957 1583 2997 1962 1908 1073 1611 1570 1681 1369 1524 1917 1715 1178
1914 1778 1287 1322 1789 1524 1707 1685 2011 1850 1984 1571 3051 1958 1891 1139 1598 1591 1733 1447 1498 1917 1795 1214
1902 1706 1300 1301 1738 1541 1723 1713 2049 1871 1980 1562 3010 1962 1895 1130 1576 1523 1724 1460 1450 1873 1760 1237
1906 1692 1342 1356 1728 1499 1802 1751 2093 1867 2029 1534 2942 1953 1891 1147 1620 1536 1741 1468 1455 1785 1768 1200
1910 1725 1362 1389 1766 1416 1761 1768 2114 1882 1962 1567 2919 2011 1877 1221 1602 1493 1741 1403 1428 1785 1759 1182
1862 1692 1411 1141 1867 1524 1658 1732 2158 1922 1914 1522 2910 1999 1895 1099 1620 1450 1588 1538 1472 1749 1768 1164
1934 1643 1382 1208 1812 1499 1708 1686 2188 1912 1925 1538 2915 1914 1869 1117 1611 1472 1554 1560 1459 1749 1773 1164
1942 1639 1397 1226 1874 1532 1722 1677 2177 1891 1944 1579 2960 1896 1860 1086 1611 1450 1635 1555 1450 1692 1706 1119
1930 1638 1403 1271 1844 1524 1721 1715 2145 1864 1962 1579 2969 1910 1873 1073 1594 1476 1660 1572 1428 1696 1742 1132
1959 1647 1396 1342 1862 1518 1684 1752 2083 1844 2051 1554 2924 1816 1842 1091 1646 1510 1566 1612 1441 1692 1724 1155
1971 1650 1430 1442 1849 1534 1645 1781 2044 1785 2055 1567 2896 1834 1802 1125 1589 1557 1634 1581 1419 1657 1773 1173
1930 1680 1439 1418 1887 1470 1637 1827 1972 1740 2044 1583 2906 1892 1855 1112 1581 1532 1621 1516 1380 1639 1746 1187
1934 1694 1406 1399 1777 1516 1667 1858 2001 1792 2030 1550 2869 1887 1833 1178 1533 1566 1630 1503 1406 1696 1791 1196
1947 1679 1384 1375 1730 1515 1638 1785 2056 1732 2040 1571 2819 1896 1811 1134 1533 1604 1617 1473 1432 1701 1698 1210
1963 1698 1391 1341 1746 1508 1635 1764 2107 1732 2004 1575 2851 1981 1833 1090 1559 1596 1677 1395 1397 1776 1702 1164
1979 1705 1362 1362 1754 1478 1669 1773 2078 1762 2038 1567 2869 2039 1838 1099 1572 1578 1669 1395 1432 1882 1671 1150
1967 1670 1324 1346 1749 1537 1677 1752 2108 1777 2080 1534 2856 1950 1789 1099 1650 1604 1660 1481 1467 1913 1706 1146
1922 1658 1328 1330 1759 1486 1654 1742 2065 1808 2073 1538 2842 1963 1816 1090 1637 1553 1647 1477 1454 1913 1746 1169
1902 1658 1344 1313 1809 1445 1667 1823 2054 1797 2033 1514 2892 1963 1833 1077 1629 1540 1634 1542 1424 1931 1772 1128
1878 1638 1310 1363 1785 1474 1699 1852 2052 1753 2030 1498 2910 1932 1802 1099 1603 1540 1643 1529 1441 1926 1781 1178
1858 1628 1316 1304 1759 1466 1688 1813 2061 1799 2043 1486 2856 1862 1802 1051 1594 1549 1609 1581 1437 1851 1786 1178
1849 1641 1333 1352 1744 1449 1668 1838 2032 1804 2015 1506 2865 1897 1802 1121 1573 1541 1639 1525 1450 1829 1764 1173
1882 1607 1347 1371 1825 1458 1670 1794 2060 1775 2000 1486 2842 1880 1811 1043 1655 1583 1574 1555 1489 1807 1772 1173
1886 1623 1342 1363 1835 1508 1691 1743 2076 1798 2015 1522 2783 1853 1798 1131 1738 1571 1613 1468 1467 1780 1759 1214
1878 1638 1366 1316 1791 1537 1684 1737 2062 1843 2031 1571 2774 1835 1847 1157 1716 1541 1565 1485 1511 1785 1732 1210
1890 1647 1397 1348 1827 1541 1714 1766 2099 1778 1990 1603 2842 1844 1895 1188 1725 1528 1629 1455 1516 1771 1719 1214
1902 1636 1483 1315 1823 1544 1723 1737 2097 1832 1994 1631 2833 1888 1931 1131 1703 1498 1612 1477 1459 1749 1710 1155
1914 1684 1454 1302 1799 1539 1767 1802 2101 1816 2009 1631 2851 1923 1926 1192 1669 1519 1612 1472 1450 1802 1719 1196
1942 1668 1417 1366 1761 1552 1758 1789 2080 1866 1989 1623 2878 1910 1935 1161 1634 1511 1582 1516 1494 1798 1728 1150
1991 1715 1383 1382 1765 1533 1752 1737 2086 1875 1959 1631 2865 1937 1913 1148 1612 1562 1561 1568 1485 1776 1742 1164
1963 1700 1358 1368 1725 1539 1710 1716 2029 1905 1982 1611 2846 1941 1886 1166 1638 1541 1561 1560 1489 1838 1768 1155
1967 1665 1298 1380 1760 1573 1747 1747 2041 1878 1987 1571 2851 1866 1939 1205 1599 1553 1535 1520 1537 1833 1790 1205
1951 1679 1318 1425 1778 1553 1737 1658 2078 1909 1984 1558 2865 1835 1908 1166 1629 1562 1544 1534 1559 1780 1764 1155
1967 1712 1380 1439 1826 1521 1770 1691 2095 1839 1957 1486 2901 1875 1891 1183 1590 1561 1605 1569 1547 1763 1818 1173
1922 1654 1411 1445 1833 1516 1777 1769 2098 1783 1962 1418 2915 1844 1877 1209 1607 1561 1630 1552 1543 1718 1871 1159
1971 1649 1389 1261 1825 1502 1764 1756 2006 1714 2003 1526 2956 1910 1816 1143 1564 1596 1729 1438 1564 1802 1689 1169
1934 1615 1409 1303 1817 1456 1797 1772 2000 1714 2024 1530 2937 1932 1807 1152 1590 1549 1750 1451 1594 1798 1715 1178
1906 1588 1413 1249 1864 1459 1773 1802 2048 1716 2007 1514 2896 1954 1838 1134 1620 1545 1750 1455 1555 1794 1737 1146
1922 1621 1482 1221 1872 1477 1802 1761 2044 1722 1984 1542 2851 1941 1869 1100 1577 1536 1750 1468 1551 1789 1711 1141
1955 1599 1498 1200 1855 1452 1783 1831 2112 1820 1912 1530 2846 1959 1926 1095 1564 1434 1707 1516 1455 1833 1737 1105
1995 1565 1480 1233 1793 1419 1808 1831 2063 1870 1896 1522 2860 1932 1900 1104 1612 1528 1621 1560 1428 1741 1746 1073
1971 1543 1418 1259 1752 1430 1788 1854 2083 1876 1921 1526 2887 1949 1926 1108 1638 1583 1626 1507 1324 1789 1715 1069
1995 1563 1351 1294 1704 1400 1779 1870 2076 1857 1881 1567 2896 1945 1904 1104 1633 1570 1592 1499 1306 1798 1733 1109
1971 1527 1303 1291 1721 1357 1793 1895 2080 1829 1870 1530 2887 1976 1869 1161 1638 1562 1605 1520 1262 1776 1755 1150
1902 1560 1312 1366 1750 1368 1776 1923 2069 1831 1880 1546 2924 2025 1842 1130 1672 1609 1690 1490 1359 1696 1782 1173
1837 1613 1359 1351 1809 1409 1751 1951 2089 1748 1905 1595 2937 2025 1860 1100 1638 1549 1681 1529 1372 1758 1765 1200
1906 1599 1355 1367 1875 1469 1764 1926 2038 1735 1877 1550 2942 2030 1838 1134 1564 1523 1647 1555 1424 1736 1782 1210
1890 1587 1372 1382 1884 1465 1757 1915 2060 1757 1896 1530 2987 2025 1816 1082 1529 1527 1643 1546 1450 1723 1782 1169
1910 1622 1385 1400 1854 1469 1706 1919 2086 1748 1898 1542 3001 1977 1877 1091 1533 1523 1596 1585 1428 1732 1813 1119
1942 1601 1427 1393 1855 1458 1690 1847 2066 1703 1899 1579 3010 1985 1833 1130 1520 1553 1562 1538 1419 1758 1755 1109
1947 1589 1392 1379 1819 1434 1694 1758 2060 1724 1867 1583 3010 2012 1860 1204 1568 1587 1583 1507 1437 1767 1795 1109
1918 1586 1389 1332 1779 1429 1660 1736 2114 1708 1970 1647 3028 2003 1873 1130 1620 1600 1613 1516 1402 1754 1782 1109
1947 1604 1422 1291 1744 1479 1627 1762 2112 1693 2010 1611 3010 2011 1860 1187 1633 1630 1647 1503 1389 1758 1720 1146
1938 1588 1388 1289 1779 1481 1699 1716 2109 1695 2005 1603 2978 2020 1816 1152 1676 1643 1622 1451 1428 1824 1689 1164
1926 1612 1338 1328 1757 1496 1711 1720 2120 1684 2007 1550 3001 1936 1794 1148 1659 1630 1591 1460 1415 1855 1715 1182
1983 1643 1346 1327 1754 1517 1661 1749 2095 1691 2018 1530 2974 1941 1776 1047 1646 1596 1643 1495 1468 1895 1693 1205
1959 1668 1379 1316 1805 1468 1662 1754 2042 1704 1954 1534 2974 1963 1802 1078 1668 1626 1613 1451 1446 1895 1675 1155
1975 1677 1420 1358 1813 1414 1694 1723 2021 1701 1925 1579 2951 1972 1860 1104 1672 1587 1626 1412 1433 1877 1724 1150
1955 1676 1459 1376 1778 1469 1664 1747 2052 1730 1921 1615 2983 1950 1873 1109 1642 1609 1600 1420 1428 1829 1772 1169
1971 1702 1473 1329 1808 1486 1689 1727 2042 1717 1955 1639 2974 1910 1935 1065 1642 1622 1583 1442 1398 1838 1795 1196
1951 1675 1446 1351 1854 1453 1748 1701 2043 1724 1923 1619 2992 1847 1931 1135 1559 1609 1544 1481 1354 1763 1768 1196
1975 1682 1420 1376 1831 1461 1736 1700 2043 1716 1937 1595 2983 1852 1882 1165 1555 1553 1596 1516 1424 1807 1826 1219
1955 1692 1331 1375 1849 1511 1744 1705 1986 1692 1957 1583 3001 1856 1904 1104 1594 1588 1579 1524 1411 1816 1813 1255
1951 1769 1312 1398 1852 1506 1744 1689 1968 1669 1964 1571 2997 1843 1855 1091 1603 1622 1643 1459 1397 1847 1787 1260
1955 1743 1355 1404 1826 1494 1785 1722 2016 1680 1989 1599 2978 1927 1824 1117 1581 1605 1669 1477 1393 1816 1773 1241
1963 1635 1411 1272 1731 1496 1711 1683 2012 1872 1931 1575 2942 1941 1789 1152 1615 1488 1631 1486 1489 1789 1733 1150
1975 1700 1404 1242 1726 1556 1693 1722 2052 1801 1862 1567 2946 1928 1820 1213 1581 1527 1592 1490 1433 1736 1715 1132
1991 1681 1370 1246 1735 1553 1648 1741 2066 1826 1854 1538 2928 1954 1855 1196 1585 1535 1648 1490 1433 1741 1693 1109
1963 1668 1412 1222 1729 1544 1719 1749 2037 1808 1852 1595 2915 1883 1895 1191 1555 1488 1618 1508 1442 1785 1706 1082
1934 1654 1459 1190 1774 1541 1719 1735 2055 1747 1877 1623 2901 1923 1882 1178 1529 1587 1609 1525 1472 1802 1711 1114
1938 1628 1481 1198 1801 1524 1787 1753 2075 1741 1943 1607 2906 1905 1926 1043 1520 1600 1605 1508 1537 1789 1760 1141
1910 1630 1521 1204 1801 1490 1826 1774 2042 1775 1978 1615 2928 1963 1948 1029 1533 1548 1588 1490 1533 1767 1777 1150
1942 1663 1522 1209 1805 1536 1867 1713 2051 1740 2018 1635 2924 2003 1935 1025 1598 1574 1540 1486 1542 1736 1777 1155
1979 1669 1480 1262 1819 1527 1803 1727 2024 1751 2014 1575 2924 2034 1917 1038 1589 1638 1562 1499 1529 1723 1755 1182
1987 1650 1469 1294 1798 1514 1786 1695 2077 1765 1969 1546 2906 2002 1966 1003 1654 1578 1566 1499 1507 1718 1777 1187
2011 1707 1435 1338 1768 1497 1739 1681 2114 1757 1891 1567 2883 1989 1908 1090 1672 1600 1583 1481 1481 1727 1777 1173
1999 1688 1432 1347 1717 1526 1747 1670 2151 1802 1901 1554 2874 1984 1873 1081 1707 1660 1596 1443 1512 1763 1800 1150
1955 1654 1397 1380 1705 1480 1739 1740 2160 1870 1879 1567 2906 1949 1886 1138 1672 1703 1600 1399 1463 1807 1773 1159
1951 1682 1391 1403 1726 1452 1740 1681 2204 1854 1942 1595 2919 1958 1877 1143 1698 1630 1588 1430 1450 1780 1804 1141
1942 1688 1370 1393 1782 1430 1746 1747 2189 1876 1978 1587 2933 1972 1802 1143 1663 1604 1600 1443 1424 1807 1812 1155
1894 1630 1381 1339 1756 1439 1742 1721 2123 1864 2026 1554 2924 1985 1838 1147 1663 1592 1583 1434 1446 1776 1799 1150
1906 1622 1393 1347 1752 1465 1699 1733 2104 1849 2028 1567 2869 1976 1838 1195 1650 1523 1626 1443 1455 1807 1760 1128
1882 1639 1423 1354 1733 1461 1711 1722 2094 1815 1956 1562 2874 1998 1842 1191 1655 1519 1639 1465 1455 1811 1777 1123
1862 1618 1452 1299 1759 1486 1730 1793 2111 1898 1874 1562 2919 1918 1811 1178 1624 1514 1677 1425 1459 1824 1747 1128
1853 1652 1477 1276 1766 1470 1771 1782 2107 1876 1884 1603 2896 1887 1891 1178 1651 1544 1694 1395 1494 1811 1738 1114
1886 1671 1468 1318 1801 1454 1795 1838 2118 1885 1847 1607 2906 1905 1908 1160 1672 1574 1690 1417 1468 1824 1751 1132
1890 1677 1457 1322 1808 1433 1822 1833 2077 1865 1863 1615 2965 1923 1913 1121 1698 1561 1673 1447 1446 1745 1693 1196
1934 1734 1418 1263 1792 1386 1804 1833 2070 1904 1945 1615 2946 1949 1913 1125 1690 1514 1669 1508 1529 1754 1680 1200
1967 1726 1379 1305 1707 1428 1807 1794 2040 1854 2010 1595 2896 2011 1908 1116 1698 1552 1648 1504 1547 1745 1679 1237
1995 1735 1379 1301 1738 1453 1798 1769 2046 1869 2019 1562 2910 2047 1816 1108 1689 1548 1669 1521 1529 1780 1666 1205
1999 1769 1363 1290 1749 1522 1793 1777 2054 1793 2041 1579 2919 2029 1763 1086 1668 1531 1648 1530 1516 1842 1671 1132
2011 1755 1404 1334 1749 1521 1805 1762 2068 1783 1981 1546 2906 2047 1811 1077 1607 1574 1665 1529 1546 1882 1719 1123
1991 1727 1469 1369 1835 1559 1780 1749 2022 1734 1953 1530 2906 1959 1802 1091 1655 1617 1626 1551 1520 1824 1773 1123
1951 1719 1510 1344 1849 1567 1796 1750 2004 1716 1974 1526 2933 1923 1838 1099 1642 1647 1639 1560 1511 1847 1759 1096
1934 1709 1468 1396 1739 1543 1737 1814 2033 1726 1997 1542 2951 1887 1886 1090 1659 1596 1596 1586 1516 1811 1733 1109
1874 1680 1338 1375 1805 1415 1633 1696 2004 1687 1956 1530 2928 1994 1824 1104 1628 1613 1626 1503 1525 1763 1794 1119
1902 1712 1388 1346 1860 1384 1678 1720 2025 1739 1936 1546 2887 1936 1785 1147 1615 1651 1622 1469 1485 1749 1839 1123
1894 1707 1414 1356 1859 1377 1668 1728 2082 1722 1900 1567 2846 1949 1780 1138 1602 1613 1665 1404 1463 1776 1883 1141
1942 1748 1417 1338 1843 1419 1682 1773 2152 1739 1910 1599 2833 1927 1802 1178 1602 1566 1677 1421 1454 1780 1870 1155
1955 1696 1419 1387 1867 1398 1711 1736 2156 1766 1934 1599 2878 1900 1855 1191 1628 1587 1720 1429 1437 1820 1835 1182
1971 1702 1460 1376 1849 1401 1748 1707 2181 1836 1966 1587 2887 1931 1882 1230 1581 1608 1707 1451 1394 1789 1817 1237
1975 1681 1458 1373 1765 1395 1749 1766 2154 1844 2056 1583 2915 1949 1877 1204 1585 1544 1720 1429 1389 1767 1724 1241
1967 1713 1432 1322 1816 1399 1779 1780 2141 1836 2089 1550 2919 1918 1900 1222 1620 1549 1703 1486 1354 1776 1733 1219
1914 1679 1379 1289 1816 1440 1786 1717 2078 1795 2063 1518 2956 1918 1882 1182 1655 1604 1703 1477 1420 1771 1750 1214
1918 1707 1405 1240 1809 1469 1761 1735 2094 1804 2009 1538 2946 1914 1780 1156 1615 1595 1622 1508 1455 1785 1790 1210
1890 1706 1375 1261 1825 1457 1785 1756 2039 1738 1996 1546 2915 1874 1816 1125 1715 1591 1634 1572 1503 1807 1781 1210
1914 1724 1373 1219 1877 1477 1769 1711 2058 1756 1943 1538 2924 1873 1877 1108 1663 1634 1596 1620 1477 1767 1782 1187
1930 1707 1414 1266 1813 1460 1769 1710 2021 1788 1952 1522 2901 1918 1820 1060 1642 1707 1656 1572 1503 1758 1729 1169
1942 1684 1394 1326 1830 1403 1802 1769 2072 1797 1929 1542 2842 1914 1851 1082 1576 1660 1622 1599 1459 1732 1689 1159
1975 1650 1415 1350 1851 1399 1748 1803 2122 1815 1964 1534 2824 1887 1948 1034 1572 1660 1647 1607 1477 1758 1684 1150
2003 1642 1355 1387 1839 1379 1685 1780 2117 1861 1895 1526 2842 1829 1882 990 1546 1690 1656 1573 1494 1745 1716 1123
1979 1679 1334 1493 1813 1396 1664 1790 2123 1801 1931 1546 2837 1874 1864 1029 1594 1694 1755 1490 1529 1771 1746 1100
2003 1724 1263 1497 1834 1449 1664 1770 2154 1807 1922 1579 2874 1865 1891 1108 1594 1608 1708 1477 1516 1758 1760 1123
2052 1757 1328 1506 1842 1487 1639 1743 2170 1849 1984 1623 2919 1865 1869 1108 1572 1626 1755 1473 1529 1802 1826 1123
2052 1786 1264 1496 1794 1516 1673 1683 2170 1826 2011 1627 2924 1972 1877 1156 1620 1621 1725 1490 1485 1771 1791 1087
1999 1778 1261 1437 1759 1533 1670 1719 2190 1766 2023 1623 2933 1989 1891 1213 1603 1570 1674 1503 1415 1794 1768 1105
1991 1730 1311 1395 1767 1487 1720 1750 2178 1830 1961 1631 2946 1932 1886 1235 1598 1523 1613 1529 1415 1767 1742 1150
1967 1712 1399 1368 1764 1446 1724 1763 2181 1884 1983 1611 2960 1927 1891 1196 1624 1545 1541 1546 1402 1754 1790 1132
1938 1708 1399 1362 1769 1449 1717 1752 2191 1850 1938 1550 2969 1923 1833 1195 1641 1549 1506 1516 1385 1745 1755 1173
1910 1695 1420 1346 1748 1407 1742 1790 2130 1851 1921 1558 2974 1834 1789 1182 1585 1566 1549 1468 1398 1789 1728 1250
1955 1670 1481 1347 1779 1382 1796 1769 2058 1886 1951 1567 2987 1816 1820 1230 1541 1557 1562 1499 1455 1816 1746 1237
1947 1781 1381 1299 1737 1449 1714 1671 1985 1760 2047 1550 2946 1887 1833 1261 1632 1506 1657 1408 1455 1754 1680 1105
1930 1751 1409 1331 1721 1432 1700 1614 1969 1771 2042 1526 2942 1869 1873 1230 1672 1518 1635 1482 1498 1811 1666 1105
1955 1765 1392 1333 1725 1396 1700 1624 1980 1795 2018 1514 2951 1865 1900 1213 1628 1591 1601 1538 1520 1758 1742 1146
1963 1741 1362 1315 1751 1395 1767 1663 1984 1799 2034 1506 2915 1843 1931 1156 1646 1604 1614 1538 1520 1785 1772 1119
1975 1700 1434 1319 1821 1438 1761 1671 2021 1811 2032 1534 2928 1883 1966 1169 1633 1608 1588 1607 1520 1833 1777 1123
1955 1709 1438 1365 1845 1438 1707 1727 2072 1820 2017 1542 2906 1852 1984 1099 1650 1647 1600 1612 1507 1842 1768 1169
1951 1726 1357 1347 1875 1442 1734 1765 2080 1791 2043 1530 2933 1821 1917 1060 1641 1651 1570 1530 1477 1855 1817 1182
1963 1749 1289 1387 1912 1424 1776 1761 2118 1833 2015 1558 2928 1764 1833 1077 1667 1595 1579 1499 1446 1842 1791 1173
1951 1726 1311 1365 1857 1395 1749 1715 2126 1792 2008 1546 2974 1830 1816 1091 1650 1591 1613 1491 1407 1833 1808 1169
1951 1756 1269 1357 1879 1369 1757 1728 2164 1776 1998 1554 2960 1825 1785 1099 1645 1565 1690 1439 1398 1816 1777 1173
1947 1721 1223 1310 1864 1418 1782 1721 2159 1815 2001 1583 2978 1856 1785 1130 1680 1540 1669 1430 1345 1851 1768 1141
1942 1706 1316 1327 1822 1432 1748 1712 2155 1857 1961 1607 2965 1910 1771 1143 1650 1514 1725 1456 1350 1785 1773 1169
1934 1656 1385 1272 1758 1496 1741 1745 2117 1775 1970 1583 2937 1945 1785 1117 1611 1540 1707 1443 1372 1807 1790 1141
1951 1656 1393 1300 1781 1542 1748 1769 2123 1758 1946 1587 2896 1879 1833 1139 1598 1471 1617 1508 1424 1785 1791 1169
1975 1691 1363 1302 1710 1524 1722 1748 2079 1818 1932 1571 2906 1843 1882 1139 1650 1544 1540 1473 1425 1758 1809 1150
1983 1702 1448 1285 1749 1483 1723 1740 2052 1822 1948 1546 2906 1892 1877 1178 1663 1535 1515 1417 1385 1732 1808 1169
1987 1692 1412 1297 1745 1449 1735 1792 2065 1806 1944 1571 2928 1866 1931 1187 1637 1570 1519 1460 1438 1785 1737 1159
2011 1739 1432 1327 1766 1428 1706 1779 2085 1834 1959 1567 2951 1848 1979 1178 1659 1501 1515 1477 1394 1767 1733 1173
1979 1758 1486 1257 1741 1427 1698 1771 2085 1896 1980 1567 2951 1879 1957 1187 1642 1591 1532 1421 1402 1767 1790 1155
1963 1717 1508 1235 1790 1445 1753 1761 2087 1855 2003 1591 2969 1950 1877 1143 1637 1570 1562 1438 1398 1763 1830 1146
1947 1719 1475 1227 1724 1445 1712 1790 2082 1797 2028 1583 2951 1905 1886 1165 1629 1600 1596 1499 1476 1741 1866 1132
1922 1702 1486 1183 1796 1473 1741 1756 2062 1789 2048 1567 2942 1927 1838 1213 1628 1549 1575 1460 1411 1688 1884 1119
1902 1695 1458 1174 1819 1486 1690 1743 2067 1825 1981 1571 2924 1896 1851 1235 1559 1536 1562 1477 1424 1674 1897 1091
1930 1681 1435 1224 1827 1470 1645 1727 2068 1758 1962 1550 2924 1905 1891 1204 1598 1553 1596 1456 1346 1683 1866 1069
1926 1692 1434 1260 1814 1468 1636 1691 2073 1743 1926 1542 2919 1848 1895 1252 1533 1553 1635 1460 1376 1688 1861 1105
1934 1664 1411 1280 1849 1476 1618 1650 2030 1736 1921 1558 2951 1901 1877 1182 1520 1536 1571 1434 1415 1718 1848 1114
1938 1666 1365 1339 1857 1464 1590 1666 2041 1733 1852 1562 2974 1879 1904 1164 1541 1621 1584 1404 1485 1723 1866 1069
1942 1656 1338 1369 1838 1457 1649 1734 2050 1726 1947 1530 2997 1905 1900 1094 1581 1647 1600 1360 1502 1749 1875 1091
1934 1655 1330 1370 1837 1464 1732 1772 2089 1785 1977 1571 3042 1861 1833 1103 1550 1591 1549 1338 1498 1798 1870 1132
1942 1692 1318 1346 1825 1453 1721 1843 2070 1800 2002 1558 3019 1848 1855 1099 1620 1604 1480 1377 1494 1767 1813 1114
1930 1690 1345 1346 1800 1479 1766 1902 2170 1838 1991 1558 3033 1808 1913 1125 1611 1591 1540 1373 1428 1741 1786 1123
1947 1684 1343 1289 1770 1487 1770 1890 2183 1853 2087 1530 3033 1808 1895 1139 1611 1561 1562 1416 1415 1741 1826 1159
1975 1673 1351 1253 1734 1499 1698 1840 2198 1878 2095 1558 3037 1847 1816 1169 1585 1582 1574 1490 1433 1789 1813 1173
1979 1661 1353 1265 1773 1457 1656 1798 2118 1904 2059 1542 3001 1887 1811 1152 1616 1587 1604 1534 1507 1785 1809 1200
1967 1709 1440 1472 1804 1495 1860 1817 2130 1760 1894 1450 2956 1826 1873 1235 1602 1604 1618 1530 1551 1683 1845 1164
1955 1778 1413 1460 1797 1470 1818 1843 2098 1740 1878 1418 2951 1888 1780 1205 1637 1608 1631 1552 1556 1683 1827 1137
1987 1744 1423 1452 1738 1428 1840 1918 2069 1705 1860 1414 2942 1888 1754 1217 1554 1549 1635 1513 1573 1727 1858 1137
1942 1735 1437 1413 1737 1435 1867 1920 2043 1714 1905 1466 2942 1928 1785 1209 1589 1557 1562 1421 1568 1780 1839 1114
1942 1690 1477 1384 1777 1400 1881 1884 2129 1738 1910 1546 2937 1928 1789 1222 1620 1527 1600 1429 1559 1824 1804 1073
1930 1651 1478 1345 1819 1430 1813 1816 2100 1749 1933 1482 2906 1972 1758 1182 1590 1540 1592 1399 1573 1758 1790 1059
1938 1646 1505 1350 1825 1435 1844 1755 2117 1759 1917 1494 2910 1959 1780 1139 1590 1523 1604 1429 1524 1785 1817 1069
1947 1635 1485 1286 1877 1468 1802 1743 2123 1803 1950 1530 2919 1936 1758 1200 1633 1544 1592 1442 1437 1802 1786 1119
1967 1635 1479 1239 1822 1421 1761 1713 2058 1854 1906 1522 2910 1900 1758 1213 1620 1519 1622 1507 1406 1754 1759 1182
1963 1649 1463 1260 1796 1392 1698 1700 2000 1897 1878 1510 2924 1865 1763 1169 1676 1532 1622 1486 1433 1807 1786 1182
1967 1677 1432 1266 1744 1379 1731 1736 2007 1918 1876 1526 2965 1856 1820 1196 1729 1527 1562 1516 1380 1900 1830 1191
1971 1664 1430 1265 1705 1400 1756 1765 1979 1993 1886 1546 3001 1874 1763 1226 1720 1540 1562 1455 1428 1913 1777 1210
1934 1621 1404 1321 1670 1400 1745 1795 1988 2004 1832 1530 3006 1888 1842 1191 1690 1561 1588 1494 1467 1864 1755 1173
1959 1566 1366 1367 1707 1425 1784 1816 2008 2002 1865 1567 2983 1830 1860 1178 1655 1549 1566 1464 1485 1864 1759 1164
1955 1567 1352 1374 1693 1467 1867 1808 2072 2004 1853 1558 2946 1883 1847 1130 1572 1591 1541 1477 1445 1816 1777 1182
1951 1584 1366 1375 1750 1475 1864 1793 2111 1974 1869 1587 2915 1910 1789 1117 1494 1548 1618 1507 1485 1767 1794 1205
1955 1579 1300 1385 1805 1450 1829 1729 2186 1933 1911 1567 2915 1888 1873 1143 1468 1574 1626 1564 1480 1754 1777 1219
1979 1611 1342 1388 1835 1442 1823 1695 2180 1879 1933 1575 2960 1919 1842 1130 1438 1579 1639 1512 1481 1811 1786 1219
1951 1641 1386 1341 1855 1459 1759 1683 2246 1886 1910 1558 2983 1927 1816 1078 1468 1553 1617 1516 1528 1780 1777 1200
1987 1683 1376 1372 1880 1454 1750 1701 2203 1899 1925 1514 3015 1914 1794 1174 1464 1527 1621 1468 1528 1785 1746 1178
1975 1635 1364 1342 1858 1442 1770 1728 2207 1891 1916 1526 2997 1883 1820 1182 1464 1532 1630 1464 1533 1829 1751 1169
1951 1669 1396 1322 1803 1434 1787 1793 2154 1837 1907 1526 2983 1901 1763 1204 1468 1523 1626 1468 1507 1860 1835 1173
1947 1704 1373 1344 1764 1415 1788 1775 2148 1836 1868 1526 2951 1883 1802 1239 1477 1497 1630 1485 1502 1811 1862 1150
1951 1762 1357 1375 1726 1419 1813 1764 2142 1815 1839 1530 2946 1954 1789 1230 1473 1523 1669 1503 1463 1829 1871 1159
1951 1738 1362 1298 1701 1444 1755 1748 2141 1780 1861 1579 2910 1950 1811 1222 1490 1489 1639 1559 1450 1816 1844 1205
1918 1767 1390 1307 1698 1431 1793 1735 2130 1725 1832 1583 2924 1972 1794 1174 1538 1540 1609 1512 1476 1767 1826 1232
1947 1781 1451 1260 1737 1474 1756 1722 2152 1726 1787 1587 2910 1919 1811 1091 1533 1527 1613 1469 1529 1741 1768 1210
1942 1764 1489 1272 1767 1511 1826 1722 2101 1733 1853 1599 2910 1897 1771 1078 1559 1557 1605 1499 1585 1741 1728 1237
1951 1695 1438 1271 1772 1493 1809 1757 2064 1720 1922 1587 2951 1883 1771 1126 1581 1592 1630 1477 1599 1767 1720 1205
1942 1685 1418 1257 1809 1485 1827 1734 1975 1656 1960 1567 2965 1901 1780 1130 1590 1669 1656 1468 1642 1758 1693 1187
1938 1712 1397 1438 1794 1489 1748 1706 2061 1664 2012 1619 2956 1954 1864 1138 1620 1600 1694 1421 1415 1807 1782 1219
1955 1678 1398 1395 1769 1493 1794 1672 2117 1689 2016 1599 2974 1896 1873 1108 1633 1622 1652 1434 1384 1749 1733 1228
1938 1612 1426 1374 1781 1480 1805 1663 2184 1741 2018 1595 2965 1892 1802 1099 1585 1613 1643 1416 1428 1688 1782 1191
1967 1558 1446 1308 1771 1426 1776 1664 2163 1766 2006 1571 2960 1923 1851 1134 1607 1562 1635 1512 1442 1630 1773 1191
1938 1596 1394 1292 1708 1476 1730 1659 2150 1792 1947 1575 2942 1869 1794 1117 1599 1579 1652 1490 1476 1657 1759 1182
1914 1571 1444 1254 1724 1472 1781 1660 2148 1831 1957 1591 2933 1896 1767 1139 1620 1604 1630 1455 1424 1670 1772 1196
1874 1629 1459 1295 1717 1473 1731 1745 2148 1847 1892 1615 2887 1967 1763 1165 1533 1617 1617 1434 1371 1683 1790 1178
1910 1644 1489 1296 1696 1451 1711 1729 2186 1814 1869 1611 2869 1998 1829 1244 1529 1630 1604 1460 1362 1727 1750 1178
1926 1643 1473 1362 1725 1492 1779 1763 2227 1788 1888 1591 2883 2021 1816 1174 1494 1652 1604 1460 1389 1767 1750 1137
1942 1555 1473 1371 1772 1475 1749 1809 2230 1797 1897 1554 2906 2025 1886 1222 1511 1626 1664 1495 1384 1749 1830 1100
1963 1616 1443 1347 1797 1475 1748 1841 2228 1781 1895 1522 2919 2003 1882 1126 1512 1639 1669 1508 1424 1767 1826 1091
2007 1623 1397 1336 1795 1496 1723 1778 2176 1722 1956 1530 2937 1937 1877 1121 1546 1621 1690 1520 1437 1723 1777 1141
1983 1664 1347 1349 1829 1486 1685 1761 2157 1695 1955 1530 2969 1857 1877 1117 1598 1591 1695 1516 1424 1710 1790 1159
1947 1656 1350 1297 1821 1452 1638 1748 2149 1716 1972 1546 2951 1830 1838 1135 1576 1578 1643 1434 1406 1679 1741 1187
1942 1648 1377 1336 1818 1411 1705 1736 2149 1720 1987 1562 2919 1808 1829 1117 1555 1561 1553 1425 1402 1639 1706 1210
1947 1632 1364 1383 1780 1456 1700 1720 2103 1728 1971 1575 2924 1786 1842 1143 1511 1540 1554 1438 1411 1643 1715 1228
1938 1603 1395 1412 1767 1436 1691 1761 2107 1797 2004 1567 2924 1835 1877 1143 1524 1527 1524 1499 1424 1679 1759 1205
1930 1600 1456 1381 1737 1422 1732 1777 2018 1861 2020 1554 2906 1932 1820 1143 1516 1548 1541 1490 1402 1718 1724 1150
1951 1612 1476 1360 1677 1440 1766 1789 1995 1840 2002 1575 2928 1963 1873 1165 1577 1561 1644 1564 1433 1718 1799 1155
1922 1657 1472 1312 1684 1427 1740 1757 2018 1835 2005 1542 2956 1941 1886 1126 1681 1553 1678 1555 1450 1763 1781 1200
1930 1622 1455 1245 1668 1375 1724 1824 2015 1869 2023 1538 2951 1959 1851 1112 1746 1514 1669 1563 1424 1771 1737 1191
1914 1636 1450 1250 1686 1365 1774 1800 2066 1851 1940 1518 2951 1950 1833 1147 1759 1506 1643 1525 1494 1785 1719 1219
1947 1614 1449 1265 1736 1374 1737 1767 2111 1786 1944 1562 2960 1870 1838 1126 1776 1523 1638 1538 1542 1776 1777 1200
1963 1619 1401 1282 1794 1374 1674 1729 2109 1824 1999 1546 2951 1853 1794 1126 1724 1587 1600 1494 1542 1767 1781 1178
1991 1604 1351 1330 1782 1425 1670 1737 2064 1834 2003 1534 2978 1919 1798 1165 1642 1630 1609 1542 1529 1789 1786 1100
1995 1641 1353 1329 1797 1509 1706 1699 2140 1817 2046 1526 2974 1892 1842 1165 1620 1634 1626 1482 1498 1794 1817 1096
2015 1574 1348 1303 1831 1494 1708 1647 2098 1862 2103 1542 2956 1861 1811 1082 1615 1651 1677 1503 1511 1838 1857 1082
1971 1596 1347 1303 1780 1518 1745 1690 2098 1853 2063 1538 2956 1839 1807 1042 1546 1557 1669 1503 1485 1847 1853 1123
1942 1586 1377 1319 1769 1526 1749 1699 2115 1833 2013 1514 2942 1910 1829 1042 1602 1501 1665 1507 1476 1851 1821 1150
1963 1624 1401 1263 1749 1520 1766 1703 2060 1854 1980 1538 2928 1879 1824 1073 1620 1471 1643 1442 1481 1816 1777 1164
1914 1695 1464 1386 1780 1490 1705 1822 2023 1769 2025 1558 2946 1896 1917 1060 1646 1583 1549 1608 1573 1767 1723 1114
1878 1693 1440 1376 1816 1503 1697 1833 2016 1732 2059 1575 2951 1847 1855 1064 1637 1587 1510 1594 1494 1798 1773 1123
1874 1704 1430 1391 1763 1513 1743 1809 2014 1781 2112 1575 2928 1905 1851 1011 1594 1570 1579 1551 1503 1807 1742 1132
1902 1724 1393 1351 1762 1430 1764 1814 2011 1789 2071 1591 2928 1905 1882 1034 1589 1570 1575 1521 1534 1807 1773 1119
1902 1727 1369 1336 1748 1430 1806 1729 2022 1786 2019 1587 2924 1905 1904 1073 1615 1621 1558 1503 1503 1745 1831 1141
1914 1712 1336 1368 1724 1442 1814 1655 2017 1801 2033 1567 2919 1896 1869 1125 1633 1634 1626 1477 1472 1727 1866 1169
1918 1724 1305 1327 1710 1392 1756 1666 2033 1788 2032 1603 2933 1852 1873 1134 1676 1643 1626 1469 1507 1749 1839 1137
1942 1667 1268 1304 1803 1399 1765 1652 2067 1779 1957 1599 2924 1843 1847 1174 1698 1634 1545 1434 1490 1754 1790 1146
1947 1633 1316 1373 1865 1461 1749 1627 2103 1760 1950 1591 2887 1848 1789 1169 1711 1591 1515 1447 1446 1754 1795 1150
1938 1601 1330 1390 1890 1520 1737 1670 2041 1752 1994 1607 2865 1834 1798 1182 1707 1582 1553 1430 1494 1785 1773 1137
1910 1642 1371 1402 1839 1529 1727 1686 2071 1764 1959 1607 2869 1861 1829 1191 1707 1557 1532 1421 1467 1833 1698 1096
1926 1656 1332 1404 1849 1535 1723 1666 2063 1796 1956 1583 2874 1928 1877 1191 1711 1544 1549 1382 1446 1758 1671 1119
1926 1681 1342 1431 1789 1471 1677 1692 2081 1771 1945 1591 2901 1892 1864 1178 1672 1565 1596 1417 1442 1745 1711 1119
1951 1721 1338 1389 1779 1451 1648 1722 2074 1788 1969 1623 2878 1896 1873 1182 1698 1587 1613 1430 1472 1736 1706 1141
1975 1766 1402 1400 1836 1413 1649 1709 2032 1749 1948 1583 2883 1918 1816 1156 1633 1621 1600 1417 1437 1741 1750 1159
2023 1723 1406 1376 1869 1422 1703 1708 2035 1706 1941 1571 2878 1923 1785 1186 1654 1625 1617 1395 1437 1692 1795 1164
2023 1721 1420 1396 1823 1427 1762 1725 2010 1751 1917 1550 2901 1905 1785 1204 1611 1608 1600 1451 1459 1701 1808 1182
2015 1686 1431 1359 1780 1474 1786 1735 2001 1766 1933 1567 2924 1944 1811 1199 1585 1548 1609 1482 1433 1727 1817 1182
1995 1637 1388 1388 1753 1440 1807 1761 2008 1773 1938 1542 2942 1958 1785 1195 1537 1506 1621 1503 1407 1692 1795 1150
1983 1629 1377 1373 1746 1437 1845 1760 2084 1862 1934 1546 2924 1958 1785 1217 1580 1506 1634 1538 1402 1696 1787 1155
1975 1674 1386 1331 1726 1406 1815 1801 2085 1879 1958 1526 2906 1949 1829 1191 1533 1553 1613 1573 1394 1727 1746 1210
1959 1693 1418 1327 1720 1440 1791 1755 2088 1866 1977 1567 2878 1927 1807 1209 1537 1519 1643 1534 1407 1767 1737 1155
1959 1730 1410 1350 1695 1452 1855 1794 2041 1864 2011 1558 2865 1958 1824 1191 1581 1591 1656 1486 1438 1763 1742 1150
1926 1759 1491 1347 1737 1481 1851 1807 2080 1867 1966 1562 2896 1941 1877 1139 1577 1647 1652 1460 1424 1780 1755 1191
1934 1778 1506 1366 1753 1464 1825 1817 2056 1859 1978 1558 2901 1852 1895 1104 1555 1591 1673 1464 1429 1811 1764 1191
1938 1729 1496 1382 1761 1474 1837 1772 2024 1846 1961 1542 2901 1834 1913 1068 1529 1553 1673 1477 1451 1820 1826 1196
1918 1687 1463 1418 1803 1458 1791 1773 2026 1793 1936 1498 2901 1870 1917 1012 1559 1600 1656 1559 1494 1855 1848 1214
1914 1646 1467 1417 1843 1437 1711 1730 2040 1785 1924 1506 2928 1848 1913 1047 1550 1587 1626 1620 1516 1833 1813 1219
1910 1649 1417 1390 1819 1371 1673 1661 1937 1767 1967 1490 2896 1874 1900 1056 1598 1583 1617 1603 1516 1855 1822 1187
1890 1672 1349 1360 1774 1412 1682 1664 1939 1697 1954 1490 2896 1963 1891 1082 1598 1596 1596 1573 1534 1771 1808 1164
1983 1639 1365 1285 1799 1461 1653 1787 2148 1884 2024 1538 3024 1945 1780 1147 1585 1531 1665 1512 1446 1855 1853 1182
2032 1681 1340 1281 1824 1431 1671 1768 2091 1893 2032 1518 2969 1941 1705 1160 1616 1544 1647 1508 1411 1869 1875 1178
2019 1668 1388 1319 1831 1423 1711 1754 2099 1949 2043 1558 2928 1927 1741 1125 1563 1523 1635 1438 1380 1904 1835 1182
1999 1656 1424 1333 1839 1427 1791 1730 2081 1920 2000 1538 2924 1918 1794 1138 1615 1582 1639 1404 1332 1882 1768 1169
2015 1664 1457 1344 1758 1482 1786 1694 2109 1888 2033 1526 2946 1896 1785 1121 1628 1612 1609 1395 1288 1829 1741 1105
2011 1670 1462 1320 1765 1495 1786 1731 2130 1903 2046 1530 2915 1830 1864 1090 1598 1651 1558 1390 1328 1820 1723 1096
1979 1671 1448 1304 1726 1483 1765 1694 2120 1877 2013 1583 2906 1821 1900 1095 1593 1668 1588 1373 1372 1780 1741 1109
2003 1684 1460 1286 1715 1483 1737 1747 2113 1853 1947 1583 2937 1869 1882 1064 1615 1626 1583 1403 1363 1754 1754 1114
1995 1716 1416 1299 1762 1458 1728 1798 2099 1853 1905 1599 2928 1816 1877 1047 1580 1583 1613 1364 1359 1767 1839 1105
1979 1736 1425 1280 1868 1434 1766 1889 2125 1864 1849 1611 2896 1816 1882 1077 1515 1566 1665 1330 1402 1789 1848 1105
1979 1703 1409 1318 1852 1455 1774 1863 2101 1873 1898 1579 2901 1816 1855 1139 1537 1595 1682 1356 1367 1745 1880 1173
1983 1732 1454 1314 1868 1446 1744 1855 2102 1874 1915 1554 2937 1838 1864 1099 1558 1514 1708 1416 1398 1785 1804 1155
1971 1702 1459 1358 1890 1467 1719 1829 2129 1859 1945 1542 2906 1807 1882 1160 1593 1583 1682 1416 1442 1855 1747 1141
1934 1717 1467 1345 1873 1457 1724 1784 2149 1831 1991 1538 2910 1865 1873 1187 1628 1583 1601 1477 1498 1780 1693 1169
1947 1684 1413 1316 1860 1457 1700 1758 2102 1805 2004 1518 2910 1860 1833 1178 1702 1570 1597 1542 1450 1767 1693 1205
1922 1674 1417 1329 1881 1453 1703 1725 2098 1779 1979 1538 2946 1891 1807 1196 1711 1536 1579 1542 1529 1807 1662 1155
1951 1657 1427 1361 1902 1465 1728 1756 2110 1802 2002 1530 2969 1851 1754 1226 1698 1625 1545 1503 1551 1811 1693 1155
1951 1715 1392 1309 1843 1441 1728 1742 2095 1782 1999 1546 2937 1887 1789 1196 1702 1587 1554 1517 1516 1749 1729 1146
2015 1670 1443 1325 1867 1450 1723 1763 2100 1785 1978 1534 2924 1825 1794 1169 1728 1604 1605 1495 1468 1780 1746 1119
2011 1695 1451 1333 1846 1491 1742 1768 2135 1777 1989 1530 2928 1825 1833 1213 1676 1638 1528 1465 1468 1807 1755 1114
2032 1716 1423 1306 1816 1444 1697 1772 2150 1839 2041 1534 2901 1807 1851 1121 1633 1660 1566 1456 1376 1820 1769 1159
1963 1702 1373 1339 1802 1411 1651 1776 2131 1816 2010 1530 2851 1812 1944 1108 1650 1647 1588 1456 1341 1829 1804 1169
1951 1700 1381 1366 1864 1398 1614 1751 2117 1852 1965 1486 2919 1812 1939 1112 1629 1664 1605 1464 1380 1820 1799 1191
1918 1751 1389 1366 1868 1408 1594 1764 2064 1825 1949 1510 2978 1897 1944 1108 1576 1647 1562 1438 1402 1838 1813 1191
1938 1763 1373 1387 1894 1371 1611 1780 2033 1851 1967 1518 2946 1927 1922 1090 1580 1634 1622 1412 1415 1847 1853 1200
1930 1805 1410 1399 1905 1442 1678 1823 2008 1764 1864 1518 2956 1923 1900 1099 1593 1617 1601 1399 1429 1824 1844 1169
1987 1751 1442 1388 1975 1481 1698 1799 2009 1757 1867 1494 2965 1941 1838 1108 1541 1587 1605 1430 1442 1829 1786 1150
1995 1725 1417 1383 1963 1493 1751 1773 1964 1740 1869 1538 2942 1923 1776 1108 1533 1578 1648 1395 1398 1829 1835 1155
2048 1705 1396 1371 1933 1459 1756 1804 2044 1735 1920 1530 2919 1896 1736 1112 1511 1578 1686 1412 1380 1855 1800 1169
2007 1713 1437 1416 1907 1479 1739 1834 2025 1708 1914 1542 2992 1910 1789 1116 1537 1540 1695 1452 1402 1847 1795 1132
1987 1772 1387 1413 1874 1468 1762 1640 2099 1796 1984 1526 2992 1785 1882 1077 1585 1544 1618 1568 1516 1776 1697 1200
1979 1761 1320 1344 1891 1540 1732 1640 2103 1841 2022 1538 2974 1829 1900 1069 1659 1565 1613 1564 1542 1749 1733 1191
1995 1719 1356 1331 1820 1507 1729 1726 2112 1809 2051 1530 3015 1816 1820 1104 1668 1561 1587 1512 1507 1754 1791 1191
1999 1694 1381 1260 1815 1560 1721 1769 2101 1831 2057 1550 3001 1856 1794 1151 1663 1531 1592 1504 1503 1758 1804 1182
1987 1679 1387 1274 1848 1559 1766 1823 2085 1800 2055 1579 2974 1865 1802 1147 1620 1557 1592 1439 1507 1758 1742 1169
1963 1607 1393 1232 1898 1514 1788 1798 2077 1819 1979 1587 2956 1940 1811 1125 1663 1578 1575 1456 1499 1802 1826 1169
1979 1649 1432 1303 1844 1447 1766 1786 2069 1798 1963 1575 2933 1892 1824 1178 1611 1514 1583 1417 1485 1802 1831 1150
1983 1702 1424 1246 1864 1464 1737 1798 2023 1850 1963 1554 2919 1866 1904 1117 1602 1518 1605 1426 1503 1789 1835 1150
2003 1698 1398 1270 1833 1457 1749 1827 2079 1847 2026 1542 2901 1844 1913 1117 1572 1582 1570 1421 1437 1763 1773 1128
2027 1680 1424 1250 1838 1445 1716 1768 2078 1818 1981 1514 2896 1826 1939 1077 1641 1540 1596 1443 1398 1754 1835 1132
2032 1759 1391 1284 1796 1429 1682 1843 2062 1823 2015 1518 2937 1826 1970 1117 1685 1527 1613 1452 1389 1710 1733 1137
2040 1736 1365 1264 1799 1455 1698 1929 2073 1818 2006 1530 2978 1879 1939 1125 1728 1552 1652 1521 1371 1789 1755 1146
2027 1664 1445 1300 1829 1404 1698 1883 2114 1803 1961 1554 2992 1852 1908 1125 1737 1578 1690 1525 1380 1847 1760 1137
2007 1634 1500 1339 1818 1371 1698 1853 2094 1848 1967 1583 2965 1834 1904 1099 1815 1535 1720 1564 1354 1851 1795 1146
1983 1624 1449 1381 1805 1358 1757 1886 2152 1935 1997 1567 2960 1807 1882 1139 1802 1539 1690 1577 1393 1842 1791 1169
1979 1607 1460 1403 1779 1395 1766 1818 2097 1904 1951 1546 2937 1803 1851 1108 1711 1552 1699 1577 1424 1855 1853 1155
1959 1605 1509 1396 1817 1378 1745 1721 2080 1883 1889 1538 2933 1803 1807 1069 1745 1527 1699 1521 1459 1785 1795 1150
1967 1623 1425 1420 1867 1437 1720 1685 2106 1887 1950 1554 2956 1852 1798 1139 1711 1497 1665 1525 1441 1710 1768 1132
1959 1592 1393 1441 1916 1444 1708 1702 2107 1834 1909 1542 2997 1856 1838 1099 1633 1548 1665 1516 1507 1688 1799 1119
1967 1611 1415 1419 1912 1486 1691 1663 2068 1794 1887 1562 2992 1945 1869 1117 1620 1514 1669 1516 1472 1710 1817 1096
1983 1614 1406 1402 1950 1474 1665 1716 2091 1801 1932 1571 2992 1941 1864 1082 1650 1519 1639 1469 1455 1718 1786 1087
1995 1611 1435 1366 1971 1458 1677 1771 2100 1845 1948 1558 2978 1919 1922 1077 1546 1519 1605 1508 1420 1714 1840 1059
1975 1592 1444 1342 1895 1441 1740 1843 2089 1778 1883 1506 2915 1879 1922 1029 1589 1493 1609 1517 1464 1767 1849 1082
1955 1626 1424 1254 1884 1450 1722 1823 2041 1824 1873 1506 2919 1901 1886 1090 1581 1476 1643 1486 1507 1824 1817 1100
1902 1600 1391 1212 1854 1454 1689 1828 2034 1790 1922 1510 2919 1865 1829 1069 1563 1548 1605 1495 1542 1780 1800 1128
1910 1556 1464 1196 1885 1416 1678 1820 2065 1829 1923 1510 2910 1821 1833 1117 1559 1518 1596 1525 1542 1798 1813 1109
1902 1585 1456 1270 1846 1452 1717 1736 2103 1783 1918 1530 2910 1856 1824 1130 1615 1531 1579 1521 1599 1838 1817 1155
1910 1607 1439 1309 1866 1418 1625 1719 2113 1864 1920 1542 2910 1856 1816 1152 1606 1604 1588 1525 1520 1785 1769 1146
1959 1657 1425 1346 1836 1448 1630 1678 2122 1795 1909 1526 2878 1914 1838 1156 1680 1557 1571 1577 1459 1714 1795 1178
1995 1692 1455 1407 1858 1381 1655 1730 2155 1817 1885 1550 2933 1892 1820 1165 1680 1518 1588 1577 1415 1732 1786 1155
1890 1748 1401 1381 1905 1373 1714 1778 1964 1736 1955 1611 2933 1883 1895 1077 1542 1626 1541 1469 1538 1780 1764 1187
1882 1788 1371 1388 1878 1419 1711 1790 2040 1833 1950 1595 2946 1896 1895 1103 1567 1574 1515 1530 1546 1741 1760 1187
1841 1770 1345 1331 1893 1419 1757 1735 2046 1791 1964 1587 2946 1891 1895 1095 1559 1578 1562 1573 1572 1758 1760 1187
1858 1764 1365 1311 1874 1432 1782 1689 2048 1813 1991 1603 2910 1834 1824 1095 1616 1553 1584 1612 1537 1736 1786 1205
1914 1724 1363 1352 1857 1433 1798 1679 2022 1872 2002 1587 2896 1825 1873 1156 1607 1574 1596 1591 1498 1824 1737 1187
1914 1678 1334 1323 1844 1462 1815 1683 2033 1895 2042 1575 2901 1865 1855 1161 1568 1548 1618 1586 1485 1851 1772 1169
1926 1666 1377 1264 1804 1475 1798 1698 1986 1799 2057 1550 2878 1861 1847 1134 1603 1544 1554 1564 1511 1913 1755 1182
1975 1733 1387 1303 1813 1466 1754 1723 1993 1827 2058 1546 2874 1856 1860 1195 1611 1540 1545 1551 1507 1886 1759 1187
1995 1721 1375 1321 1869 1444 1771 1761 2037 1793 2075 1546 2901 1932 1917 1226 1576 1544 1575 1512 1455 1913 1710 1141
1991 1750 1421 1296 1867 1502 1749 1758 2036 1768 2088 1542 2937 1958 1847 1160 1650 1557 1639 1473 1459 1886 1746 1119
2007 1726 1425 1346 1860 1453 1733 1793 2080 1720 2032 1546 2946 1958 1864 1156 1676 1578 1639 1477 1446 1851 1804 1114
2023 1693 1420 1366 1905 1455 1771 1752 2106 1756 1999 1587 2937 1954 1860 1147 1629 1600 1712 1477 1437 1838 1839 1114
1983 1650 1467 1370 1920 1485 1787 1715 2139 1731 1935 1611 2906 1989 1847 1086 1659 1626 1725 1460 1411 1860 1853 1064
1959 1670 1426 1393 1847 1489 1762 1709 2094 1717 1924 1619 2915 1967 1754 1094 1650 1604 1716 1434 1455 1838 1932 1109
1934 1649 1395 1428 1837 1481 1743 1789 2082 1678 1934 1623 2878 1913 1811 1156 1581 1587 1690 1490 1499 1838 1937 1123
1922 1683 1397 1401 1879 1535 1718 1753 2049 1703 1929 1623 2883 1896 1794 1147 1581 1579 1643 1481 1503 1855 1874 1146
1918 1687 1351 1413 1850 1548 1689 1820 2029 1719 1960 1631 2901 1900 1807 1142 1616 1553 1613 1499 1498 1816 1892 1123
1938 1670 1320 1408 1876 1499 1668 1861 1998 1731 2034 1615 2933 1869 1833 1151 1585 1570 1618 1495 1485 1789 1888 1182
1934 1653 1329 1401 1902 1523 1647 1859 2029 1785 1987 1579 2924 1815 1904 1099 1637 1604 1622 1512 1481 1807 1812 1196
1951 1636 1365 1391 1933 1518 1670 1799 2075 1816 1933 1562 2937 1838 1882 1103 1698 1613 1601 1438 1433 1785 1822 1205
1959 1630 1422 1401 1950 1502 1707 1825 2045 1847 1960 1554 2915 1851 1864 1086 1720 1625 1613 1425 1437 1776 1826 1200
1942 1668 1475 1328 2017 1473 1712 1727 2035 1843 1928 1522 2924 1833 1869 1134 1716 1647 1630 1421 1437 1798 1826 1219
1959 1667 1446 1316 1971 1510 1736 1762 2012 1877 1924 1526 2928 1878 1838 1147 1716 1621 1626 1460 1472 1807 1826 1196
1987 1666 1499 1303 2008 1494 1774 1764 2040 1812 1983 1530 2928 1936 1771 1183 1703 1565 1570 1477 1468 1789 1835 1169
2003 1699 1450 1231 2012 1469 1758 1749 1996 1850 2025 1550 2919 1976 1780 1182 1698 1501 1545 1499 1450 1816 1843 1132
2019 1712 1422 1204 1944 1418 1713 1715 2024 1842 2019 1579 2928 1984 1820 1235 1715 1459 1532 1477 1459 1824 1816 1091
2027 1651 1417 1268 1914 1440 1742 1724 2041 1856 2044 1591 2956 1967 1802 1239 1693 1437 1468 1442 1485 1824 1768 1064
1955 1633 1426 1301 1893 1452 1696 1666 2053 1815 2064 1599 2933 1932 1855 1256 1724 1429 1506 1403 1459 1829 1790 1073
1918 1684 1383 1285 1838 1427 1673 1668 2037 1883 2019 1599 2915 1927 1922 1278 1707 1510 1562 1347 1424 1811 1812 1069
1866 1679 1387 1302 1838 1444 1666 1650 2043 1809 2042 1567 2942 1918 1917 1269 1676 1480 1566 1369 1406 1838 1781 1105
1947 1694 1413 1389 1837 1395 1621 1742 2079 1757 2058 1639 2951 1923 1882 1151 1572 1608 1687 1417 1393 1736 1723 1128
1971 1722 1461 1370 1897 1399 1675 1793 2036 1770 2068 1611 2942 1883 1873 1112 1642 1578 1682 1426 1389 1736 1688 1150
1967 1774 1490 1352 1949 1383 1675 1819 1997 1758 2043 1587 2974 1865 1926 1160 1620 1647 1708 1434 1376 1794 1733 1146
1934 1774 1504 1354 1970 1428 1662 1804 2010 1747 2008 1579 2928 1861 1891 1134 1650 1668 1674 1452 1402 1749 1697 1159
1955 1840 1471 1305 1998 1420 1648 1813 1977 1811 1974 1542 2937 1847 1900 1107 1611 1672 1618 1482 1358 1771 1711 1219
1947 1809 1433 1301 1990 1423 1685 1826 1974 1789 1989 1546 2906 1874 1882 1134 1624 1659 1601 1512 1433 1736 1671 1200
1951 1758 1406 1238 1952 1415 1648 1841 2012 1760 1981 1579 2910 1940 1891 1173 1598 1668 1584 1499 1424 1701 1666 1150
1934 1713 1395 1288 1893 1378 1669 1868 2073 1771 1965 1607 2869 1941 1829 1156 1681 1608 1524 1569 1442 1710 1604 1169
1975 1714 1341 1248 1853 1371 1682 1902 2059 1762 1978 1627 2865 2007 1869 1147 1724 1587 1566 1543 1433 1829 1600 1146
1963 1593 1340 1288 1842 1395 1725 1839 2096 1793 1959 1655 2906 2017 1886 1165 1711 1570 1558 1503 1437 1811 1595 1137
1930 1629 1395 1292 1858 1438 1716 1766 2102 1801 1955 1627 2910 1990 1860 1169 1685 1540 1571 1499 1393 1811 1680 1137
1926 1698 1354 1363 1866 1408 1724 1719 2109 1836 1946 1623 2924 1945 1780 1126 1707 1518 1609 1529 1415 1877 1693 1132
1934 1693 1339 1292 1870 1398 1694 1666 2104 1783 2024 1587 2924 1980 1789 1095 1667 1553 1639 1455 1467 1895 1720 1128
1906 1659 1412 1352 1896 1402 1728 1603 2104 1793 2042 1534 2978 1975 1745 1125 1598 1574 1656 1438 1520 1785 1720 1141
1910 1735 1445 1360 1866 1415 1681 1632 2104 1748 2057 1494 2933 1997 1736 1095 1589 1613 1729 1442 1542 1789 1706 1109
1971 1709 1460 1341 1794 1407 1729 1652 2133 1769 2008 1490 2910 2020 1776 1051 1641 1617 1652 1447 1568 1807 1702 1087
1979 1660 1512 1345 1874 1424 1721 1654 2141 1791 1975 1494 2878 1993 1829 1064 1615 1664 1622 1443 1550 1802 1702 1105
1971 1662 1519 1315 1890 1446 1725 1687 2107 1840 1900 1506 2928 1967 1855 1086 1624 1638 1614 1473 1498 1741 1679 1096
1979 1676 1437 1276 1887 1446 1696 1748 2107 1875 1892 1526 2892 1940 1847 1090 1641 1604 1588 1491 1468 1780 1706 1078
1983 1672 1401 1210 1904 1404 1746 1796 2102 1832 1884 1579 2887 1905 1860 1104 1707 1570 1579 1478 1463 1785 1759 1078
1963 1702 1370 1248 1955 1367 1691 1814 2069 1810 1927 1579 2924 1869 1851 1138 1637 1514 1652 1425 1437 1802 1764 1069
1951 1691 1329 1246 1855 1355 1687 1771 2042 1750 1973 1575 2946 1887 1860 1117 1611 1463 1677 1447 1459 1736 1821 1064
1967 1668 1312 1314 1858 1359 1696 1733 2067 1731 1980 1575 2942 1927 1776 1151 1607 1459 1669 1434 1419 1771 1844 1046
1955 1721 1319 1298 1845 1355 1704 1725 2088 1738 2036 1603 2951 1904 1767 1191 1581 1446 1673 1425 1411 1785 1857 1064
1971 1664 1348 1342 1871 1371 1721 1714 2051 1800 2012 1591 2937 1976 1785 1195 1516 1441 1622 1438 1424 1802 1888 1082
1975 1702 1348 1325 1898 1398 1733 1711 2058 1766 1973 1603 2960 1998 1696 1178 1585 1510 1575 1486 1485 1763 1897 1078
1983 1687 1399 1297 1924 1410 1716 1776 2056 1781 1959 1619 2919 1962 1723 1195 1585 1531 1570 1456 1480 1802 1826 1059
1971 1681 1443 1270 1883 1460 1754 1773 2065 1834 1953 1627 2896 1896 1789 1174 1529 1450 1596 1434 1516 1758 1790 1069
1979 1628 1491 1310 1848 1456 1728 1796 2098 1823 1900 1619 2901 1923 1776 1187 1555 1463 1600 1421 1507 1758 1737 1064
1959 1665 1524 1282 1797 1444 1617 1771 2160 1784 1929 1619 2928 1865 1754 1173 1572 1497 1579 1443 1533 1771 1719 1059
1995 1763 1432 1345 1965 1410 1791 1688 2122 1769 2093 1546 2987 1812 1842 1165 1619 1501 1639 1486 1424 1824 1751 1078
1991 1698 1442 1354 1891 1401 1775 1696 2099 1790 2051 1591 2946 1852 1904 1125 1628 1557 1622 1503 1420 1886 1769 1087
1983 1732 1464 1356 1824 1423 1729 1722 2111 1802 2036 1591 2960 1887 1900 1178 1632 1600 1635 1495 1411 1847 1769 1037
1963 1712 1463 1327 1800 1403 1703 1753 2136 1849 2033 1599 3001 1847 1842 1130 1641 1604 1656 1477 1468 1873 1742 1073
1951 1706 1444 1289 1837 1399 1683 1782 2119 1840 2028 1607 2987 1905 1811 1121 1641 1664 1626 1464 1498 1864 1724 1069
1942 1732 1460 1294 1818 1354 1612 1782 2131 1799 2020 1607 2960 1923 1860 1143 1641 1668 1592 1486 1507 1860 1706 1087
1947 1758 1422 1248 1852 1338 1604 1791 2102 1764 2027 1595 2997 1896 1838 1156 1672 1647 1618 1438 1494 1745 1671 1105
1967 1757 1407 1256 1895 1316 1627 1757 2042 1824 1987 1571 2933 1901 1776 1103 1702 1634 1605 1391 1524 1802 1644 1137
1959 1771 1391 1268 1886 1308 1585 1778 2066 1840 1998 1595 2869 1923 1811 1095 1641 1681 1562 1365 1485 1798 1617 1119
1963 1775 1461 1311 1849 1375 1601 1746 2015 1841 1997 1587 2828 1888 1847 1077 1667 1664 1528 1395 1459 1829 1631 1128
1971 1732 1431 1329 1838 1373 1707 1734 2004 1856 1990 1571 2815 1887 1807 1069 1641 1655 1523 1378 1450 1798 1653 1155
1967 1740 1420 1379 1835 1402 1686 1746 2057 1873 1974 1587 2769 1923 1833 1077 1629 1655 1523 1378 1472 1904 1675 1146
1959 1730 1398 1386 1835 1460 1743 1750 2060 1852 1940 1599 2819 1932 1908 1130 1564 1685 1523 1430 1424 1864 1742 1123
1971 1730 1369 1373 1860 1489 1815 1759 2017 1779 1950 1599 2837 1914 1917 1152 1590 1617 1553 1443 1428 1869 1777 1132
1963 1739 1316 1372 1856 1430 1802 1732 2023 1767 1950 1599 2869 1936 1908 1217 1542 1608 1558 1507 1441 1851 1782 1141
1963 1791 1372 1386 1857 1452 1736 1698 2046 1784 1908 1595 2851 1941 1948 1222 1599 1608 1566 1559 1459 1838 1786 1114
1947 1808 1379 1375 1827 1464 1778 1673 2014 1738 1900 1599 2860 1927 1904 1222 1659 1578 1570 1521 1463 1802 1800 1105
1938 1783 1405 1312 1845 1448 1715 1616 2043 1700 1933 1615 2851 1954 1886 1169 1715 1535 1605 1499 1463 1807 1773 1119
1947 1779 1422 1362 1857 1431 1652 1582 2062 1741 1902 1558 2865 1985 1842 1143 1711 1574 1592 1529 1472 1829 1786 1146
1947 1794 1431 1351 1852 1440 1636 1622 2106 1719 1942 1571 2869 1985 1789 1125 1689 1561 1553 1469 1450 1824 1790 1141
1934 1748 1414 1309 1851 1399 1677 1656 2097 1731 1997 1595 2887 1936 1763 1108 1641 1532 1575 1460 1402 1824 1826 1132
1934 1732 1437 1332 1845 1370 1665 1643 2088 1758 2029 1567 2869 1954 1789 1143 1563 1540 1596 1516 1398 1816 1813 1137
1902 1774 1420 1421 1825 1375 1669 1665 2158 1824 1989 1550 2869 1900 1802 1139 1499 1604 1601 1542 1415 1851 1839 1123
1886 1743 1447 1400 1816 1363 1685 1681 2148 1828 2014 1579 2887 1901 1785 1165 1468 1574 1635 1443 1389 1789 1834 1119
1906 1718 1427 1435 1833 1375 1730 1694 2082 1880 1959 1562 2901 1945 1816 1195 1490 1604 1674 1447 1367 1829 1883 1114
1918 1717 1463 1446 1830 1429 1726 1715 2075 1811 1986 1546 2910 1963 1838 1217 1486 1613 1686 1412 1411 1802 1812 1128
1926 1701 1462 1454 1847 1421 1740 1750 2127 1814 1950 1571 2919 1914 1824 1200 1520 1626 1699 1395 1362 1758 1847 1128
1934 1669 1456 1428 1879 1418 1774 1790 2080 1836 1935 1550 2960 1936 1745 1217 1546 1527 1686 1412 1384 1736 1839 1159
1971 1662 1429 1436 1854 1448 1774 1781 2048 1790 1945 1546 2933 1914 1816 1217 1559 1489 1703 1434 1463 1763 1790 1164
1955 1678 1451 1386 1833 1419 1720 1744 2082 1781 1943 1534 2933 1865 1829 1217 1642 1416 1771 1429 1503 1705 1773 1155
2011 1675 1432 1409 1912 1433 1714 1804 2038 1750 1952 1546 3015 1923 1798 1134 1559 1493 1721 1491 1437 1891 1768 1114
1991 1720 1443 1408 1879 1401 1747 1867 2064 1740 1976 1579 3024 1954 1842 1108 1537 1480 1716 1508 1416 1873 1804 1109
1983 1718 1511 1391 1883 1429 1735 1854 2039 1749 1972 1567 3019 1967 1882 1138 1563 1489 1678 1538 1429 1816 1755 1082
1967 1718 1426 1407 1893 1442 1746 1803 1994 1797 1939 1567 3006 1954 1877 1164 1559 1484 1652 1525 1468 1811 1755 1064
1991 1669 1382 1318 1893 1420 1719 1766 2031 1787 1990 1567 2960 1962 1842 1134 1546 1522 1635 1530 1429 1789 1728 1078
2032 1652 1367 1329 1940 1402 1744 1808 2033 1767 2028 1554 2937 1927 1860 1112 1542 1561 1609 1486 1402 1714 1746 1100
2040 1665 1376 1316 1936 1481 1761 1749 2039 1765 2002 1538 2946 1913 1829 1138 1581 1647 1601 1469 1380 1771 1720 1096
2036 1664 1281 1312 1923 1448 1762 1787 2094 1763 2002 1498 2946 1976 1824 1165 1585 1677 1630 1421 1371 1838 1742 1128
2011 1682 1305 1346 1923 1486 1744 1795 2054 1755 2041 1498 2960 1953 1886 1138 1620 1673 1609 1469 1358 1749 1782 1132
1979 1729 1264 1381 1921 1495 1756 1759 2064 1775 2023 1542 2974 1958 1900 1117 1637 1621 1648 1438 1376 1749 1755 1146
1971 1725 1261 1361 1865 1524 1706 1743 2021 1843 1985 1562 2974 1962 1851 1108 1663 1630 1639 1438 1367 1794 1755 1155
1934 1735 1261 1343 1949 1492 1678 1789 2017 1874 2040 1595 2919 1918 1794 1117 1676 1569 1622 1486 1376 1754 1826 1187
1959 1761 1300 1356 1950 1541 1732 1836 1999 1885 2000 1623 2928 1834 1763 1086 1633 1557 1579 1529 1398 1780 1790 1169
1971 1734 1320 1272 1996 1520 1721 1815 2040 1871 1987 1623 2933 1856 1745 1099 1615 1556 1626 1481 1411 1838 1759 1169
1987 1664 1352 1298 1982 1503 1751 1847 2017 1832 1968 1554 2919 1896 1789 1104 1637 1608 1605 1529 1420 1833 1733 1119
1951 1716 1368 1322 1979 1487 1755 1853 2084 1811 1990 1550 2942 1914 1833 1112 1616 1595 1613 1547 1420 1789 1697 1105
1967 1721 1380 1334 1887 1477 1777 1807 2106 1768 1947 1526 2992 1950 1882 1103 1581 1604 1648 1508 1406 1816 1662 1064
1967 1690 1413 1339 1894 1443 1723 1802 2148 1740 2016 1534 2974 1985 1873 1095 1598 1552 1682 1486 1424 1802 1666 1059
1983 1731 1463 1342 1838 1447 1734 1799 2135 1766 1958 1522 2956 2012 1842 1086 1616 1582 1614 1456 1450 1811 1711 1069
1971 1758 1483 1277 1901 1419 1675 1773 2101 1768 1900 1546 2960 1927 1798 1090 1559 1621 1626 1447 1441 1807 1759 1109
1959 1702 1497 1252 1913 1414 1666 1732 2100 1780 1891 1522 2937 1945 1798 1068 1533 1630 1661 1434 1411 1855 1773 1100
1967 1686 1465 1290 1917 1395 1632 1774 2098 1861 1960 1522 2928 1888 1780 1077 1568 1634 1626 1425 1429 1780 1751 1100
1910 1662 1447 1322 1927 1408 1690 1751 2089 1831 1915 1522 2956 1839 1789 1099 1550 1651 1639 1455 1411 1776 1790 1100
1926 1638 1432 1350 1936 1437 1730 1802 2089 1795 1966 1546 2960 1825 1824 1090 1542 1625 1716 1499 1372 1732 1737 1105
1922 1657 1431 1363 1890 1466 1751 1858 2118 1847 1984 1550 2969 1874 1842 1134 1551 1591 1665 1494 1398 1771 1760 1069
1951 1692 1434 1355 1889 1467 1735 1866 2099 1786 1977 1554 2965 1874 1869 1195 1546 1565 1618 1516 1420 1718 1773 1078
1955 1677 1448 1342 1901 1473 1782 1832 2057 1746 1913 1550 2978 1896 1873 1178 1481 1570 1613 1555 1415 1745 1746 1123
1967 1743 1401 1309 1904 1477 1789 1770 2033 1796 1932 1562 2933 1932 1917 1156 1507 1548 1562 1547 1411 1723 1676 1132
1942 1759 1373 1362 1917 1407 1759 1686 2053 1807 1891 1542 2965 1905 1913 1117 1533 1531 1549 1555 1472 1771 1724 1150
1979 1765 1391 1383 1910 1428 1734 1652 2066 1804 1946 1522 2978 1878 1891 1082 1576 1527 1600 1586 1477 1767 1711 1187
1967 1704 1422 1414 1808 1403 1725 1723 2109 1777 1816 1542 2933 1927 1851 1152 1715 1510 1652 1564 1446 1710 1746 1182
1983 1698 1396 1384 1808 1382 1675 1786 2088 1793 1812 1546 2924 1887 1829 1147 1720 1536 1699 1534 1402 1683 1760 1191
1995 1679 1415 1371 1831 1420 1728 1779 2089 1756 1838 1546 2960 1918 1833 1165 1694 1561 1682 1521 1463 1771 1817 1223
1959 1669 1404 1370 1827 1399 1744 1814 2097 1797 1903 1554 2951 1918 1882 1187 1628 1583 1656 1525 1450 1847 1777 1187
1971 1671 1429 1360 1768 1453 1756 1710 2098 1816 1866 1522 2896 1922 1882 1191 1611 1574 1674 1525 1494 1833 1795 1182
2007 1713 1408 1410 1843 1483 1714 1694 2097 1848 1982 1550 2892 1958 1829 1182 1567 1570 1626 1547 1420 1873 1835 1196
2003 1737 1404 1406 1823 1512 1718 1670 2104 1866 2000 1534 2910 1971 1860 1239 1550 1539 1605 1564 1464 1877 1768 1205
2015 1785 1409 1407 1798 1528 1709 1669 2067 1857 2010 1510 2915 2011 1855 1195 1537 1488 1596 1638 1464 1833 1755 1187
2032 1767 1420 1382 1833 1490 1705 1666 2040 1837 1975 1510 2924 1914 1829 1165 1507 1518 1605 1625 1477 1780 1786 1178
2023 1803 1389 1354 1878 1478 1667 1795 2031 1848 1983 1534 2928 1958 1877 1209 1485 1535 1579 1538 1481 1820 1786 1191
1983 1797 1382 1341 1831 1457 1642 1767 2081 1838 1913 1522 2969 1972 1895 1221 1485 1561 1553 1534 1538 1754 1777 1196
1991 1772 1374 1379 1877 1470 1717 1761 2085 1788 1926 1546 2951 2003 1895 1204 1485 1587 1507 1521 1555 1741 1808 1141
1967 1774 1375 1376 1880 1429 1697 1749 2067 1766 1931 1571 2924 1994 1922 1217 1472 1600 1476 1482 1534 1745 1799 1123
1967 1799 1403 1369 1880 1433 1741 1710 2082 1764 1904 1579 2951 2025 1948 1230 1564 1570 1528 1482 1581 1705 1790 1141
1947 1790 1381 1355 1889 1447 1775 1629 2091 1771 1956 1579 2965 1976 1966 1204 1603 1578 1536 1560 1555 1670 1750 1137
1959 1815 1385 1326 1926 1430 1800 1678 2010 1783 1995 1550 2937 1927 1961 1174 1598 1608 1566 1538 1502 1727 1763 1137
1947 1831 1424 1295 1897 1464 1759 1742 2023 1819 1973 1550 2937 1910 1975 1178 1594 1578 1613 1538 1472 1749 1764 1187
1951 1823 1432 1270 1896 1498 1768 1755 2014 1893 1984 1550 2937 1883 1961 1173 1629 1600 1652 1521 1480 1754 1772 1210
1942 1783 1439 1309 1892 1522 1725 1836 2016 1897 2024 1550 2910 1906 1917 1134 1620 1638 1579 1477 1432 1794 1773 1214
1967 1773 1465 1342 1841 1491 1700 1836 1980 1882 1985 1538 2915 1883 1895 1090 1676 1608 1562 1464 1450 1807 1777 1191
1934 1726 1459 1363 1842 1557 1704 1844 2026 1921 2009 1575 2919 1839 1926 1121 1629 1574 1579 1469 1489 1763 1764 1132
1947 1709 1453 1355 1881 1528 1683 1801 2011 1868 2054 1558 2928 1825 1891 1113 1650 1630 1570 1499 1472 1811 1719 1123
1991 1687 1468 1392 1874 1519 1698 1778 2032 1838 2078 1571 2960 1803 1891 1130 1646 1646 1613 1482 1468 1807 1706 1119
1959 1702 1476 1339 1865 1498 1707 1760 2031 1834 2026 1554 2987 1843 1908 1152 1607 1681 1639 1516 1446 1824 1661 1096
1934 1659 1496 1306 1893 1508 1703 1809 2057 1784 2096 1567 2978 1843 1811 1187 1568 1694 1618 1521 1459 1847 1706 1096
1979 1643 1514 1261 1839 1428 1720 1776 2074 1776 2072 1562 2974 1914 1776 1186 1633 1647 1613 1529 1472 1847 1724 1137
1955 1611 1455 1286 1860 1340 1741 1774 2030 1756 2052 1587 2974 1896 1780 1156 1598 1642 1656 1469 1476 1811 1764 1128
1934 1631 1461 1309 1829 1327 1712 1816 2026 1759 2028 1587 2974 1927 1754 1138 1620 1578 1592 1456 1446 1794 1769 1146
1938 1633 1433 1355 1860 1357 1686 1802 2004 1762 2031 1595 2956 1909 1785 1129 1594 1544 1545 1443 1542 1816 1809 1141
1918 1696 1393 1343 1877 1323 1706 1761 2011 1769 1972 1611 2951 1923 1860 1086 1555 1561 1558 1469 1533 1758 1791 1169
1849 1656 1382 1370 1864 1494 1654 1642 2084 1770 2023 1567 2951 1928 1873 1208 1655 1531 1579 1408 1349 1895 1755 1096
1841 1683 1395 1399 1861 1491 1645 1668 2092 1769 2018 1583 2901 1950 1855 1230 1655 1510 1673 1408 1336 1873 1781 1150
1882 1727 1403 1383 1881 1471 1637 1738 2138 1798 1983 1583 2919 1950 1851 1217 1638 1505 1630 1408 1384 1864 1772 1114
1914 1751 1405 1388 1890 1488 1678 1779 2089 1779 2024 1615 2960 1945 1829 1182 1646 1497 1592 1408 1371 1851 1759 1119
1959 1755 1413 1435 1878 1450 1639 1800 2078 1837 1979 1639 2951 1923 1855 1143 1663 1574 1648 1356 1424 1785 1773 1123
1959 1770 1398 1372 1846 1412 1642 1783 2069 1826 1976 1591 2937 1927 1886 1195 1680 1599 1691 1338 1411 1754 1826 1155
1991 1815 1397 1367 1817 1382 1609 1812 2073 1825 1967 1567 2933 1954 1895 1143 1641 1621 1661 1347 1393 1745 1755 1105
2007 1788 1396 1341 1811 1414 1667 1793 2028 1818 1950 1587 2896 1954 1908 1125 1615 1638 1673 1365 1393 1741 1773 1164
2023 1739 1395 1319 1824 1405 1645 1786 2021 1810 1957 1562 2910 1927 1904 1143 1616 1630 1712 1382 1397 1754 1804 1182
2040 1739 1425 1288 1841 1456 1666 1782 2057 1797 1978 1575 2906 1914 1847 1147 1533 1638 1656 1438 1349 1807 1826 1219
2023 1726 1382 1326 1851 1511 1741 1810 2045 1821 1936 1607 2910 1856 1767 1143 1485 1578 1656 1434 1437 1763 1817 1250
2023 1710 1324 1346 1825 1532 1774 1802 2041 1785 1975 1615 2942 1785 1802 1147 1520 1587 1609 1438 1463 1767 1875 1273
2019 1762 1337 1412 1893 1493 1794 1772 2011 1759 1975 1571 2983 1820 1767 1156 1546 1570 1600 1416 1402 1771 1870 1246
1983 1807 1336 1450 1922 1502 1770 1694 2103 1747 1905 1587 2937 1838 1732 1134 1585 1557 1592 1412 1393 1802 1844 1246
1951 1758 1344 1499 1910 1484 1837 1701 2104 1734 1893 1595 2933 1807 1758 1165 1672 1544 1605 1407 1398 1758 1808 1200
1991 1732 1429 1433 1904 1434 1721 1634 2085 1738 1953 1603 2960 1865 1838 1169 1694 1544 1617 1425 1363 1780 1844 1150
1971 1728 1483 1365 1909 1460 1661 1651 2068 1754 1943 1643 2946 1905 1798 1139 1724 1574 1652 1390 1240 1776 1844 1128
1975 1654 1462 1306 1922 1453 1649 1612 2073 1766 1913 1627 2924 1847 1802 1130 1711 1578 1601 1421 1275 1767 1830 1119
1995 1595 1470 1278 1867 1445 1686 1689 1993 1749 1951 1611 2924 1878 1811 1156 1685 1565 1613 1464 1315 1789 1804 1119
2019 1637 1468 1246 1858 1433 1661 1712 1937 1774 1944 1599 2919 1905 1816 1169 1659 1518 1592 1490 1314 1802 1883 1109
1991 1647 1385 1321 1841 1446 1756 1781 1937 1757 1909 1575 2887 1843 1847 1191 1646 1553 1545 1469 1323 1816 1817 1082
1963 1668 1401 1330 1856 1413 1798 1772 1950 1761 1919 1571 2892 1812 1864 1191 1611 1552 1532 1490 1441 1824 1764 1064
1967 1726 1418 1323 1783 1479 1804 1856 1975 1794 1974 1550 2901 1786 1816 1182 1581 1565 1571 1473 1467 1877 1723 1041
1971 1712 1426 1354 1830 1500 1829 1812 2025 1833 1979 1554 2896 1745 1838 1195 1603 1587 1515 1404 1450 1833 1772 1041
1963 1756 1436 1362 1875 1521 1782 1815 2071 1867 1991 1558 2883 1754 1816 1178 1615 1604 1545 1408 1507 1851 1693 1037
1975 1812 1435 1328 1867 1500 1778 1799 2103 1870 2028 1599 2906 1753 1811 1099 1650 1599 1549 1469 1507 1758 1763 1046
1979 1766 1386 1347 1867 1507 1762 1770 2135 1865 1984 1571 2933 1820 1829 1143 1624 1587 1575 1443 1459 1767 1835 1087
1975 1751 1376 1386 1875 1474 1711 1691 2126 1847 1992 1627 2901 1891 1847 1121 1624 1561 1592 1425 1463 1679 1844 1114
1995 1786 1391 1377 1841 1419 1653 1717 2081 1813 2003 1639 2937 1882 1882 1117 1572 1574 1622 1490 1441 1670 1808 1078
1967 1724 1364 1394 1813 1407 1662 1709 2077 1721 2047 1651 2951 1891 1908 1112 1603 1599 1661 1460 1428 1626 1795 1069
1971 1596 1532 1294 1805 1458 1608 1726 2157 1777 2026 1615 2942 1892 1824 1191 1594 1476 1613 1408 1485 1771 1701 1087
1975 1584 1508 1294 1860 1483 1604 1695 2155 1780 2026 1599 2965 1896 1811 1213 1624 1501 1571 1421 1459 1758 1741 1114
1971 1604 1474 1297 1876 1449 1557 1781 2109 1765 2049 1575 3001 1896 1851 1204 1711 1599 1558 1438 1407 1847 1759 1132
1971 1642 1495 1268 1889 1450 1578 1759 2087 1748 2057 1571 2997 1874 1842 1125 1667 1633 1520 1486 1398 1833 1808 1137
1979 1620 1500 1312 1884 1437 1706 1734 2053 1770 2066 1550 2987 1887 1829 1130 1672 1650 1575 1439 1372 1847 1786 1155
1975 1646 1493 1284 1862 1438 1718 1787 2006 1796 2012 1558 3001 1843 1811 1077 1654 1693 1567 1478 1381 1838 1777 1155
1971 1664 1465 1281 1805 1409 1709 1814 1988 1825 2000 1571 3015 1878 1838 1077 1680 1685 1579 1426 1376 1873 1781 1164
1971 1696 1458 1320 1822 1467 1730 1729 2035 1815 2008 1579 3015 1870 1802 1069 1633 1698 1601 1421 1416 1838 1830 1173
1971 1694 1408 1361 1835 1500 1735 1714 1991 1811 1954 1562 3047 1874 1807 1090 1659 1702 1631 1382 1424 1838 1874 1205
1975 1744 1379 1351 1894 1555 1653 1666 2001 1857 1927 1583 3006 1843 1829 1099 1637 1706 1614 1421 1385 1833 1843 1187
2003 1717 1328 1367 1848 1529 1629 1633 2009 1822 1917 1554 2942 1838 1864 1125 1585 1698 1618 1412 1389 1851 1812 1159
1999 1694 1336 1359 1819 1521 1692 1635 2044 1787 1965 1550 2906 1847 1824 1099 1542 1706 1635 1412 1385 1860 1813 1150
2015 1687 1322 1326 1828 1470 1684 1688 2042 1799 1958 1583 2874 1896 1855 1130 1524 1642 1643 1443 1389 1855 1782 1137
1999 1649 1334 1281 1844 1408 1705 1682 2042 1771 1989 1579 2833 1910 1855 1099 1537 1595 1631 1455 1402 1895 1737 1146
2003 1597 1377 1285 1807 1345 1705 1760 2028 1727 2037 1575 2851 1954 1811 1138 1546 1549 1643 1460 1459 1869 1746 1146
1955 1607 1414 1290 1812 1345 1709 1737 2077 1783 2010 1619 2878 1963 1798 1160 1559 1501 1626 1421 1459 1829 1812 1191
1951 1629 1461 1317 1791 1362 1677 1763 2081 1808 1998 1611 2901 1905 1824 1173 1572 1476 1600 1473 1481 1807 1817 1178
1914 1663 1482 1366 1764 1359 1677 1747 2082 1763 1957 1575 2915 1892 1802 1143 1620 1484 1510 1460 1476 1829 1826 1169
1906 1697 1494 1382 1756 1391 1635 1739 2076 1787 2002 1595 2933 1847 1780 1156 1620 1506 1523 1460 1498 1838 1821 1114
1878 1715 1430 1360 1746 1391 1673 1735 2073 1761 1968 1611 2924 1852 1807 1134 1594 1505 1498 1477 1472 1847 1848 1123
1902 1755 1473 1343 1780 1412 1706 1798 2036 1779 1981 1603 2924 1851 1780 1077 1594 1488 1489 1534 1520 1904 1808 1087
1938 1735 1523 1338 1826 1420 1721 1730 2018 1764 1991 1591 2942 1883 1833 1091 1620 1519 1515 1538 1538 1895 1813 1109
2015 1756 1526 1299 1843 1412 1758 1700 2015 1748 1990 1591 2933 1869 1860 1143 1564 1566 1570 1529 1603 1877 1822 1128
2052 1748 1527 1330 1820 1354 1750 1745 2032 1772 1913 1611 2933 1878 1891 1195 1590 1561 1545 1503 1594 1811 1835 1141
2112 1746 1523 1368 1837 1329 1749 1720 1966 1831 1954 1619 2960 1825 1851 1217 1607 1540 1596 1455 1560 1807 1813 1100
2100 1703 1458 1342 1845 1299 1741 1678 1982 1837 1988 1579 2965 1865 1864 1261 1633 1570 1600 1412 1507 1767 1901 1132
2088 1764 1404 1343 1890 1304 1749 1692 1981 1847 1988 1558 2987 1834 1758 1261 1554 1544 1571 1429 1498 1780 1875 1114
2032 1701 1411 1339 1902 1258 1719 1708 1988 1842 2071 1575 2978 1798 1771 1209 1589 1489 1579 1460 1455 1771 1830 1119
2027 1710 1432 1320 1940 1316 1782 1645 1984 1810 2113 1558 2960 1843 1824 1230 1606 1484 1588 1503 1424 1763 1844 1096
1991 1732 1420 1310 1945 1357 1799 1659 2130 1781 2088 1518 2978 1825 1869 1165 1611 1493 1605 1499 1446 1767 1835 1132
1955 1676 1430 1365 1849 1410 1741 1726 2100 1830 1918 1558 2942 1839 1847 1213 1637 1416 1716 1455 1511 1732 1808 1173
1926 1695 1450 1336 1904 1397 1744 1712 2032 1842 1930 1562 2919 1870 1847 1200 1650 1450 1673 1438 1546 1816 1790 1178
1979 1741 1443 1299 1808 1425 1736 1644 1990 1809 1994 1587 2878 1888 1891 1204 1646 1518 1656 1403 1577 1855 1812 1187
1971 1758 1380 1243 1821 1409 1715 1645 2033 1845 2009 1591 2874 1896 1838 1200 1616 1527 1613 1473 1542 1864 1835 1178
1947 1760 1391 1343 1822 1409 1711 1678 2037 1801 2026 1619 2883 1919 1829 1152 1559 1544 1519 1512 1506 1860 1804 1146
1951 1782 1414 1370 1798 1400 1681 1726 1996 1778 2010 1615 2869 1985 1785 1143 1546 1552 1553 1517 1506 1838 1804 1146
1979 1757 1341 1327 1782 1404 1610 1739 1999 1763 2007 1571 2887 1985 1780 1143 1581 1531 1558 1534 1537 1767 1862 1137
1999 1697 1388 1429 1854 1362 1636 1845 2038 1806 2042 1554 2887 1990 1776 1165 1602 1531 1562 1534 1498 1727 1826 1164
1930 1696 1472 1482 1861 1374 1649 1859 2016 1834 1992 1554 2869 1936 1802 1161 1624 1573 1541 1517 1446 1718 1835 1114
1967 1715 1469 1418 1844 1390 1597 1860 2017 1883 2008 1558 2865 1918 1802 1156 1624 1638 1571 1490 1485 1789 1822 1105
1963 1705 1461 1389 1923 1395 1540 1800 2065 1905 1991 1534 2919 1865 1811 1134 1676 1646 1562 1464 1489 1811 1818 1105
1922 1703 1504 1434 1907 1366 1607 1815 2112 1890 2017 1575 2924 1860 1829 1152 1624 1638 1579 1464 1411 1789 1746 1109
1862 1698 1459 1386 1899 1408 1560 1768 2139 1787 1980 1595 2924 1838 1847 1169 1620 1634 1571 1460 1393 1789 1746 1041
1894 1718 1422 1333 1886 1408 1585 1748 2165 1761 1978 1567 2924 1861 1833 1152 1637 1608 1626 1378 1432 1838 1711 1091
1886 1704 1366 1361 1869 1429 1626 1756 2125 1771 1978 1542 2887 1865 1824 1125 1624 1565 1601 1395 1402 1785 1719 1146
1890 1768 1354 1348 1788 1392 1684 1786 2074 1754 1997 1534 2856 1834 1767 1165 1603 1566 1613 1404 1393 1767 1737 1128
1942 1778 1340 1307 1767 1420 1662 1761 2052 1755 2001 1530 2865 1865 1767 1147 1603 1565 1601 1430 1433 1851 1795 1128
1983 1833 1351 1286 1775 1442 1703 1757 2007 1742 2001 1526 2883 1852 1749 1082 1607 1540 1652 1434 1433 1864 1804 1141
2032 1823 1383 1287 1832 1437 1670 1771 1990 1696 2025 1542 2910 1963 1665 1091 1607 1570 1669 1486 1450 1864 1844 1132
2044 1798 1426 1215 1824 1420 1725 1745 1980 1630 1964 1538 2946 1967 1723 1104 1611 1570 1682 1503 1472 1864 1817 1100
2027 1730 1400 1224 1834 1453 1724 1690 2043 1648 1971 1558 2942 2007 1767 1125 1602 1561 1686 1503 1463 1882 1800 1114
1955 1725 1401 1249 1863 1478 1733 1698 2032 1634 1896 1490 2937 2034 1789 1112 1607 1557 1682 1464 1437 1847 1782 1123
1934 1718 1437 1265 1847 1452 1813 1681 2054 1696 1884 1502 2928 2025 1763 1160 1629 1570 1566 1481 1459 1847 1803 1141
1922 1711 1430 1261 1761 1515 1817 1656 2071 1720 1832 1526 2937 1905 1847 1165 1481 1596 1540 1490 1459 1824 1844 1119
1926 1711 1419 1297 1817 1532 1809 1661 2166 1774 1881 1558 2924 1919 1820 1121 1498 1621 1566 1468 1463 1802 1871 1137
1938 1718 1430 1285 1819 1561 1833 1703 2133 1775 1898 1567 2924 1887 1842 1068 1511 1634 1587 1455 1476 1824 1897 1146
1999 1744 1455 1277 1840 1557 1858 1716 2211 1804 1969 1607 2924 1843 1820 1073 1520 1566 1600 1464 1507 1820 1959 1141
1991 1719 1413 1296 1839 1549 1724 1733 2218 1820 1977 1575 2933 1888 1864 1082 1498 1579 1669 1464 1476 1780 1942 1146
1987 1736 1409 1339 1873 1490 1724 1700 2225 1832 2056 1579 2933 1910 1873 1069 1642 1497 1669 1456 1437 1776 1857 1159
1963 1771 1416 1343 1865 1522 1728 1692 2172 1829 2066 1571 2919 1843 1851 1152 1611 1463 1635 1477 1420 1807 1892 1146
2003 1623 1394 1338 1776 1334 1716 1757 2105 1804 2138 1619 2910 1847 1908 1108 1628 1565 1605 1395 1441 1802 1742 1055
2011 1689 1394 1352 1774 1334 1703 1757 2133 1843 2124 1603 2896 1852 1864 1117 1585 1548 1583 1377 1393 1798 1720 1114
2011 1639 1424 1344 1768 1334 1678 1714 2101 1788 2149 1603 2946 1843 1847 1134 1607 1535 1609 1417 1375 1789 1684 1064
2015 1671 1414 1369 1755 1343 1733 1709 2092 1779 2112 1623 2951 1900 1847 1121 1624 1565 1605 1425 1358 1802 1688 1073
1995 1671 1415 1363 1764 1368 1766 1694 2100 1775 2082 1627 2942 1923 1877 1169 1576 1527 1583 1447 1371 1798 1670 1091
1975 1656 1428 1390 1752 1436 1775 1706 2134 1748 1998 1623 2951 1923 1847 1086 1533 1510 1596 1499 1371 1829 1652 1096
1963 1679 1419 1434 1782 1466 1805 1694 2077 1767 1950 1619 2969 1936 1869 1086 1624 1497 1566 1534 1428 1820 1683 1073
1959 1677 1424 1404 1758 1452 1796 1706 2031 1753 1906 1558 2901 1980 1908 1059 1598 1510 1545 1508 1428 1820 1764 1100
1951 1669 1463 1396 1761 1482 1745 1707 2100 1783 1897 1526 2896 1922 1900 1055 1572 1484 1532 1568 1459 1882 1777 1105
1955 1668 1455 1390 1756 1517 1691 1746 2113 1799 1902 1534 2901 1940 1860 981 1628 1506 1528 1533 1419 1895 1799 1046
1951 1666 1459 1383 1780 1546 1666 1764 2043 1811 1910 1490 2892 1909 1882 1042 1672 1523 1541 1507 1459 1860 1813 1059
1947 1670 1455 1294 1789 1512 1649 1753 2059 1807 1971 1522 2874 1918 1895 1060 1576 1548 1588 1490 1433 1860 1835 1082
1947 1674 1415 1349 1811 1522 1650 1752 2138 1823 2031 1575 2906 1869 1873 1104 1528 1553 1575 1451 1424 1847 1777 1114
1967 1661 1420 1360 1842 1496 1671 1727 2097 1788 2027 1599 2915 1909 1882 1069 1502 1595 1515 1373 1424 1767 1799 1096
1971 1727 1422 1325 1889 1444 1706 1681 2085 1754 2015 1579 2901 1954 1908 1073 1489 1655 1536 1412 1485 1789 1786 1169
1999 1746 1402 1300 1864 1294 1735 1643 2107 1748 2019 1647 2919 1953 1908 1034 1494 1655 1523 1390 1489 1785 1782 1155
2019 1721 1402 1302 1868 1332 1730 1617 2176 1745 1984 1643 2946 1891 1900 1025 1533 1698 1532 1395 1502 1789 1714 1164
2048 1758 1366 1353 1851 1310 1746 1641 2160 1756 1956 1647 2951 1918 1895 1003 1537 1698 1540 1408 1546 1807 1746 1150
2048 1770 1365 1293 1848 1286 1689 1657 2138 1772 1977 1651 2933 1882 1882 1060 1568 1677 1609 1456 1563 1847 1719 1155
2052 1727 1365 1303 1774 1325 1647 1638 2138 1810 2001 1663 2942 1798 1869 1095 1559 1673 1613 1443 1542 1780 1714 1114
2056 1704 1359 1319 1787 1439 1638 1649 2113 1844 2014 1655 2937 1811 1882 1138 1524 1698 1557 1464 1489 1820 1741 1114
2052 1761 1351 1343 1792 1430 1642 1698 2049 1875 2074 1615 2915 1833 1855 1095 1529 1600 1493 1490 1485 1824 1741 1091
2068 1705 1389 1249 1809 1401 1659 1722 2032 1888 2075 1603 2892 1855 1842 1134 1611 1609 1515 1486 1446 1820 1715 1105
2048 1737 1393 1289 1833 1418 1675 1754 2027 1822 2073 1591 2901 1891 1754 1160 1629 1587 1459 1434 1415 1789 1733 1114
2060 1753 1329 1276 1859 1413 1700 1762 2028 1842 2070 1583 2892 1935 1749 1147 1602 1518 1442 1477 1397 1838 1750 1146
2068 1642 1346 1273 1867 1436 1721 1763 2025 1837 2086 1562 2856 1931 1718 1134 1633 1488 1498 1490 1419 1816 1746 1146
2088 1620 1336 1291 1875 1427 1716 1767 2025 1779 2053 1683 2846 1944 1732 1161 1624 1535 1540 1486 1432 1842 1790 1191
2080 1679 1312 1211 1883 1514 1712 1750 2057 1747 2069 1695 2865 1896 1723 1152 1598 1522 1540 1516 1463 1820 1830 1173
2117 1544 1236 1207 1836 1522 1737 1735 2056 1828 2060 1699 2851 1891 1802 1108 1603 1505 1575 1529 1467 1807 1817 1187
2108 1449 1265 1220 1833 1533 1728 1756 2050 1795 2060 1691 2865 1865 1789 1095 1611 1527 1592 1499 1428 1794 1835 1191
2121 1628 1343 1263 1791 1493 1746 1731 2087 1838 1999 1575 2869 1753 1847 1117 1599 1626 1557 1503 1503 1829 1764 1059
2129 1606 1355 1260 1786 1484 1729 1753 2080 1785 1973 1583 2887 1758 1802 1169 1603 1600 1630 1468 1463 1771 1808 1082
2125 1573 1404 1276 1791 1485 1732 1758 1981 1762 1997 1627 2906 1815 1749 1182 1585 1570 1596 1412 1463 1789 1795 1082
2121 1609 1395 1288 1795 1459 1757 1779 1976 1776 2054 1631 2910 1833 1723 1139 1585 1570 1596 1412 1454 1763 1733 1078
2121 1674 1404 1339 1820 1468 1777 1801 1976 1824 2071 1643 2928 1878 1710 1130 1598 1536 1600 1390 1411 1754 1746 1087
2112 1626 1455 1349 1827 1447 1790 1809 1972 1841 2054 1631 2933 1905 1754 1121 1641 1557 1609 1390 1402 1754 1746 1082
2108 1608 1430 1370 1827 1414 1825 1753 1988 1837 2083 1615 2983 1900 1749 1117 1594 1536 1600 1407 1419 1833 1746 1087
2092 1648 1441 1408 1818 1423 1817 1775 2068 1820 2071 1567 2978 1856 1802 1138 1594 1544 1634 1464 1419 1727 1773 1087
2096 1603 1424 1433 1817 1419 1760 1766 2124 1807 2043 1558 2983 1856 1824 1152 1576 1514 1621 1403 1424 1745 1826 1091
2084 1628 1434 1371 1838 1361 1760 1752 2115 1759 2031 1546 2987 1856 1816 1186 1563 1553 1622 1407 1459 1816 1840 1100
2068 1660 1427 1391 1842 1370 1759 1726 2095 1750 1969 1575 2978 1847 1820 1178 1568 1536 1604 1425 1446 1833 1853 1082
2068 1660 1427 1390 1874 1391 1754 1740 2065 1773 1922 1575 2933 1842 1860 1182 1576 1574 1592 1429 1415 1811 1835 1096
2076 1654 1371 1382 1886 1374 1749 1731 2064 1806 1947 1587 2946 1838 1829 1147 1568 1591 1604 1356 1459 1860 1808 1087
2080 1691 1375 1407 1833 1408 1807 1720 2017 1791 1999 1550 2946 1856 1811 1147 1551 1621 1596 1390 1455 1860 1768 1082
2092 1642 1341 1437 1846 1474 1786 1751 2025 1767 1999 1558 2915 1825 1824 1139 1533 1549 1575 1404 1463 1811 1737 1114
2125 1611 1358 1428 1842 1458 1788 1712 2014 1770 2012 1526 2915 1807 1811 1125 1481 1527 1583 1421 1468 1785 1728 1137
2121 1620 1344 1420 1810 1466 1737 1741 2012 1765 2045 1567 2933 1878 1794 1095 1512 1514 1592 1447 1476 1785 1679 1105
2117 1611 1336 1386 1840 1438 1725 1707 1979 1749 2039 1550 2906 1812 1754 1126 1520 1514 1570 1521 1393 1776 1688 1119
2141 1622 1344 1371 1915 1357 1713 1785 1983 1753 2007 1595 2846 1807 1727 1130 1572 1519 1570 1512 1384 1776 1640 1178
2137 1634 1383 1347 1877 1345 1674 1785 2044 1765 1996 1599 2856 1807 1705 1108 1572 1570 1519 1525 1345 1789 1666 1146
2133 1669 1361 1325 1898 1349 1656 1777 2020 1708 2016 1603 2865 1847 1727 1130 1620 1625 1553 1490 1367 1802 1693 1128
2161 1687 1366 1326 1927 1336 1715 1742 1999 1724 2028 1579 2846 1781 1749 1125 1611 1630 1536 1451 1380 1789 1751 1169
2177 1699 1400 1323 1927 1356 1740 1769 2044 1700 2009 1591 2865 1883 1767 1077 1629 1617 1527 1416 1432 1798 1760 1159
2161 1586 1399 1325 1905 1378 1736 1704 2011 1763 1988 1579 2901 1896 1785 1077 1607 1625 1549 1425 1481 1785 1906 1096
2177 1597 1367 1331 1872 1382 1771 1679 1947 1785 1940 1571 2919 1958 1802 1099 1616 1608 1596 1442 1489 1824 1901 1105
2165 1556 1342 1356 1872 1399 1746 1726 2030 1834 1941 1583 2924 1940 1807 1099 1598 1600 1562 1412 1468 1780 1861 1064
2137 1552 1372 1364 1838 1429 1759 1756 2075 1836 1927 1562 2919 1944 1802 1090 1620 1553 1600 1404 1481 1780 1830 1037
2141 1524 1372 1397 1829 1421 1759 1754 2071 1841 1967 1550 2928 1878 1820 1059 1594 1544 1605 1430 1481 1807 1826 1055
2133 1626 1312 1384 1830 1442 1743 1766 2075 1806 1933 1575 2924 1869 1833 1073 1585 1527 1588 1430 1424 1824 1742 1032
2104 1676 1325 1393 1859 1372 1747 1783 2084 1826 1992 1667 2924 1825 1851 1095 1620 1540 1600 1417 1433 1780 1751 982
2076 1650 1422 1405 1851 1403 1777 1781 1960 1755 2042 1575 2815 1816 1886 1104 1559 1587 1605 1381 1481 1763 1817 1073
2036 1674 1441 1372 1864 1395 1757 1768 2021 1730 2017 1538 2806 1816 1886 1082 1607 1591 1639 1351 1489 1789 1826 1069
2019 1592 1419 1372 1860 1399 1741 1780 2042 1705 2052 1567 2801 1856 1904 1108 1646 1608 1609 1430 1507 1820 1817 1069
2003 1605 1364 1349 1846 1371 1679 1779 2022 1689 2046 1542 2833 1865 1855 1156 1654 1527 1651 1347 1472 1789 1830 1059
2011 1582 1372 1427 1829 1413 1650 1752 2039 1587 2067 1530 2874 1878 1824 1165 1598 1493 1643 1400 1490 1838 1768 1046
2011 1698 1410 1419 1815 1483 1633 1765 2025 1612 2093 1534 2924 1896 1780 1156 1589 1467 1591 1395 1498 1842 1746 1100
2019 1652 1419 1423 1814 1449 1633 1781 2029 1612 2135 1530 2928 1900 1794 1178 1650 1476 1608 1408 1485 1842 1728 1119
2003 1658 1433 1361 1793 1367 1650 1785 1974 1637 2079 1510 2942 1909 1749 1108 1624 1467 1587 1382 1494 1811 1737 1114
1987 1672 1420 1335 1824 1363 1679 1777 1971 1673 2065 1546 2946 1900 1785 1051 1624 1523 1570 1425 1490 1811 1711 1155
1967 1659 1403 1280 1853 1333 1654 1780 1984 1858 2032 1595 2928 1949 1811 1060 1615 1523 1566 1394 1476 1780 1729 1141
1999 1698 1408 1284 1850 1309 1626 1745 1986 1828 2023 1583 2874 1941 1847 1064 1628 1548 1579 1390 1459 1754 1742 1141
1987 1728 1419 1293 1928 1343 1609 1734 1986 1854 1970 1579 2896 1945 1860 1090 1646 1557 1575 1334 1503 1736 1790 1132
1951 1693 1363 1310 1948 1344 1613 1713 2017 1809 2004 1583 2924 1958 1882 1138 1650 1544 1631 1351 1446 1696 1777 1150
1934 1718 1384 1360 1952 1352 1599 1746 2045 1805 2008 1575 2919 1990 1913 1134 1637 1540 1588 1369 1485 1683 1777 1114
1930 1754 1421 1354 1917 1315 1688 1724 2069 1747 2013 1530 2942 1927 1900 1151 1676 1552 1592 1290 1472 1683 1808 1119
1886 1688 1404 1367 1929 1304 1728 1733 2090 1765 1978 1542 2951 1936 1873 1169 1676 1544 1613 1290 1468 1723 1822 1109
1890 1691 1361 1367 1842 1324 1720 1736 2099 1781 1993 1546 2942 1923 1855 1160 1659 1540 1605 1355 1454 1718 1773 1114
1938 1718 1433 1416 1826 1406 1741 1770 2150 1835 2001 1530 2946 1923 1847 1169 1589 1552 1613 1295 1485 1705 1769 1087
1967 1698 1434 1422 1830 1386 1754 1788 2111 1829 2013 1470 2965 1901 1776 1169 1572 1548 1618 1286 1459 1727 1777 1123
1971 1662 1376 1424 1848 1390 1699 1821 2063 1828 2052 1494 2960 1905 1771 1121 1567 1540 1622 1356 1459 1714 1786 1137
1991 1685 1399 1420 1832 1379 1699 1825 2029 1760 2111 1478 2960 1892 1807 1138 1585 1531 1605 1356 1472 1688 1786 1141
1987 1590 1408 1438 1810 1338 1732 1674 2052 1742 2140 1498 2942 1927 1816 1095 1611 1523 1592 1352 1454 1679 1804 1132
1963 1565 1383 1419 1828 1325 1716 1644 2049 1729 2135 1494 2924 1887 1816 1091 1659 1518 1579 1403 1489 1767 1839 1150
1959 1569 1410 1401 1807 1329 1716 1626 2084 1718 2123 1546 2906 1905 1851 1090 1689 1531 1571 1390 1489 1776 1852 1132
1951 1612 1428 1401 1802 1338 1716 1649 2091 1662 2088 1550 2910 1856 1855 1161 1702 1561 1570 1391 1507 1771 1826 1123
1938 1618 1381 1409 1813 1343 1703 1658 2099 1712 2050 1587 2915 1848 1855 1139 1702 1578 1536 1360 1511 1767 1812 1119
1942 1732 1377 1425 1836 1330 1683 1802 2089 1716 2059 1542 2933 1799 1855 1161 1685 1591 1545 1386 1503 1785 1795 1146
1951 1754 1340 1445 1813 1358 1688 1803 2061 1695 2056 1562 2942 1803 1855 1152 1659 1600 1536 1417 1507 1771 1799 1141
1934 1761 1346 1414 1843 1371 1679 1786 2041 1691 2080 1558 2951 1794 1873 1147 1602 1613 1540 1434 1503 1718 1786 1173
1934 1742 1355 1380 1839 1375 1684 1678 2034 1744 2084 1558 3001 1843 1882 1121 1602 1634 1536 1352 1503 1754 1782 1169
1967 1780 1408 1392 1877 1468 1747 1696 2145 1877 2048 1558 2915 1887 1838 1161 1680 1458 1472 1499 1406 1776 1892 1159
1971 1771 1395 1480 1856 1480 1754 1680 2086 1808 2072 1542 2924 1914 1860 1183 1672 1505 1485 1499 1411 1763 1804 1146
1983 1698 1388 1432 1823 1468 1805 1648 2047 1798 2106 1571 2960 1892 1842 1160 1672 1484 1472 1508 1406 1824 1790 1132
1947 1658 1414 1429 1836 1476 1818 1589 2023 1781 2104 1562 2915 1905 1807 1195 1633 1467 1421 1551 1415 1816 1857 1141
1942 1631 1436 1430 1835 1444 1788 1618 2017 1783 2091 1575 2851 1936 1745 1195 1594 1458 1442 1486 1415 1776 1790 1119
1951 1626 1385 1405 1836 1495 1682 1619 2183 1735 2095 1591 2837 1888 1701 1226 1533 1497 1553 1447 1446 1771 1777 1105
1955 1618 1397 1378 1823 1480 1665 1646 2186 1805 2054 1635 2828 1861 1701 1222 1542 1518 1515 1438 1415 1789 1755 1082
1959 1660 1399 1405 1823 1481 1722 1674 2207 1814 2016 1619 2783 1896 1696 1252 1525 1518 1493 1451 1459 1763 1737 1082
1983 1715 1413 1379 1827 1427 1726 1786 2193 1815 1977 1595 2833 1870 1767 1226 1546 1591 1558 1378 1446 1745 1719 1109
2003 1711 1383 1423 1774 1406 1781 1774 2181 1773 1927 1599 2896 1905 1802 1230 1589 1599 1558 1399 1455 1749 1755 1137
1971 1699 1432 1399 1777 1417 1819 1761 2030 1764 1983 1623 2933 1958 1847 1204 1594 1604 1601 1421 1393 1758 1732 1173
1963 1669 1422 1338 1786 1429 1787 1712 2040 1775 2012 1607 2869 1950 1820 1174 1555 1600 1609 1369 1424 1758 1719 1232
1967 1664 1448 1353 1853 1452 1807 1707 2037 1674 2020 1595 2865 1909 1811 1143 1581 1651 1545 1347 1398 1776 1737 1237
1975 1666 1415 1370 1845 1481 1799 1706 2055 1687 2037 1623 2851 1815 1758 1152 1624 1651 1523 1412 1402 1798 1737 1232
1947 1650 1453 1309 1890 1510 1739 1691 2063 1714 2108 1627 2874 1815 1811 1108 1659 1673 1540 1429 1393 1824 1746 1223
1955 1675 1457 1328 1874 1486 1755 1707 2114 1718 2044 1599 2860 1739 1789 1104 1637 1656 1515 1434 1428 1829 1777 1159
1959 1704 1465 1345 1894 1499 1776 1762 2131 1596 2044 1623 2942 1739 1798 1125 1685 1617 1523 1490 1415 1811 1799 1155
1942 1695 1461 1321 1863 1424 1732 1745 2127 1663 2033 1639 2956 1744 1794 1086 1689 1596 1630 1499 1433 1794 1817 1159
1938 1654 1465 1324 1945 1448 1733 1717 2115 1646 2021 1647 2951 1869 1811 1095 1729 1596 1609 1512 1446 1785 1804 1128
1951 1667 1436 1301 1971 1447 1758 1754 2139 1634 2030 1627 2933 1891 1794 1117 1737 1570 1575 1503 1424 1754 1831 1132
1963 1659 1461 1301 1984 1443 1763 1763 2089 1609 2007 1615 2937 1927 1838 1152 1707 1544 1575 1499 1433 1727 1826 1132
1963 1666 1456 1298 1955 1422 1759 1734 2054 1682 1991 1607 2910 1936 1798 1134 1711 1561 1592 1525 1490 1736 1835 1141
1963 1706 1452 1278 1930 1460 1730 1772 2067 1723 1995 1623 2896 1940 1820 1152 1703 1566 1553 1499 1463 1736 1808 1132
1967 1710 1477 1286 1848 1449 1683 1805 2084 1740 1972 1599 2919 1914 1785 1130 1629 1514 1549 1447 1472 1732 1817 1159
1979 1760 1475 1322 1822 1424 1671 1788 2110 1740 1928 1595 2928 1874 1785 1117 1633 1536 1558 1456 1490 1758 1786 1169
1971 1759 1448 1299 1789 1432 1651 1797 2133 1764 1951 1591 2924 1896 1794 1108 1685 1566 1587 1460 1476 1732 1777 1182
1967 1674 1459 1303 1757 1415 1663 1797 2154 1746 1968 1603 2937 1896 1855 1117 1676 1604 1588 1430 1433 1754 1768 1082
1967 1704 1443 1322 1786 1423 1668 1788 2169 1788 1943 1603 2933 1887 1873 1082 1668 1583 1592 1438 1442 1767 1742 1091
1975 1690 1396 1310 1781 1411 1702 1785 2139 1774 2026 1603 2924 1865 1922 1099 1655 1595 1635 1460 1424 1780 1733 1078
2076 1721 1464 1320 1874 1437 2266 1705 1890 1684 1844 1426 2601 1910 1855 1142 1622 1564 1650 1354 1444 1891 1673 1037
2003 1807 1437 1382 1850 1470 2371 1699 1939 1690 1956 1406 2751 1892 1794 1247 1636 1564 1702 1493 1549 1820 1682 1064
1987 1762 1432 1367 1892 1473 2528 1708 1990 1741 1877 1382 2742 1941 1833 1282 1623 1542 1710 1515 1488 1820 1629 1046
2011 1777 1437 1440 1892 1479 2583 1713 2018 1772 1908 1382 2701 1954 1842 1287 1562 1572 1762 1484 1417 1727 1709 1028
1987 1772 1451 1441 1949 1530 2578 1743 2000 1724 1902 1350 2687 1941 1816 1256 1554 1598 1745 1445 1413 1802 1691 1014
2032 1766 1495 1442 1924 1539 2533 1727 1957 1768 1861 1326 2678 1981 1842 1278 1562 1620 1766 1467 1417 1855 1686 1037
1991 1723 1483 1432 1920 1484 2517 1714 1932 1804 1835 1338 2646 2003 1771 1238 1571 1628 1770 1458 1356 1864 1646 1000
2011 1671 1483 1498 1903 1527 2509 1713 1933 1834 1857 1342 2615 1927 1714 1221 1575 1624 1740 1393 1356 1882 1709 996
1979 1736 1495 1449 1847 1527 2519 1683 1914 1848 1849 1342 2637 1967 1683 1160 1623 1624 1723 1393 1448 1944 1709 1019
2015 1698 1531 1445 1794 1526 2553 1667 1914 1897 1886 1366 2637 2002 1692 1164 1645 1632 1778 1415 1553 1913 1718 1032
2011 1660 1527 1453 1845 1522 2587 1714 1932 1898 1869 1386 2655 1980 1648 1146 1653 1654 1808 1389 1526 1939 1682 1046
2056 1679 1538 1477 1828 1543 2516 1711 1938 1870 1869 1394 2646 1962 1727 1102 1645 1632 1821 1346 1509 1961 1739 1087
2056 1720 1547 1428 1808 1539 2422 1710 1959 1835 1867 1414 2674 1967 1696 1102 1675 1653 1813 1372 1483 1944 1788 1114
2080 1653 1551 1433 1861 1571 2360 1732 1995 1852 1874 1438 2646 1909 1749 1137 1653 1641 1791 1350 1444 1939 1757 1119
2072 1704 1502 1445 1918 1522 2279 1766 1927 1805 1898 1430 2660 1869 1736 1120 1614 1641 1740 1320 1422 1970 1726 1150
2060 1718 1485 1460 1824 1524 2261 1750 1905 1740 1890 1426 2619 1883 1807 1142 1627 1636 1718 1298 1400 1992 1758 1119
2072 1735 1480 1456 1796 1504 2320 1785 1870 1740 1842 1378 2651 1901 1754 1238 1636 1662 1628 1376 1396 2032 1740 1137
2072 1723 1448 1477 1787 1457 2364 1837 1829 1752 1851 1338 2655 1918 1767 1265 1614 1684 1667 1324 1409 1970 1713 1105
2076 1740 1411 1464 1781 1395 2347 1882 1809 1714 1835 1306 2660 1945 1741 1304 1627 1666 1663 1437 1422 1948 1753 1114
2044 1732 1371 1446 1733 1349 2417 1849 1849 1708 1823 1322 2669 1954 1789 1378 1636 1645 1723 1494 1444 1953 1771 1064
2036 1765 1400 1419 1843 1367 2460 1844 1867 1773 1838 1350 2696 1954 1767 1352 1601 1615 1719 1533 1430 1904 1758 1082
2044 1675 1328 1395 1872 1367 2476 1814 1919 1753 1832 1394 2674 1976 1763 1308 1618 1598 1778 1493 1439 1842 1722 1037
2011 1697 1345 1387 1906 1379 2510 1766 1982 1735 1899 1402 2665 1918 1807 1269 1610 1594 1753 1554 1426 1891 1731 1037
1995 1695 1379 1412 1954 1430 2532 1701 1973 1731 1902 1414 2683 1869 1776 1229 1596 1594 1774 1419 1409 1869 1700 1032
1991 1720 1429 1419 1988 1514 2538 1730 1976 1692 1894 1422 2674 1891 1741 1190 1631 1619 1714 1389 1374 1842 1678 1069
1983 1743 1408 1420 1919 1518 2529 1730 1992 1674 1902 1394 2701 1834 1705 1199 1675 1619 1714 1380 1370 1895 1655 1037
1955 1834 1486 1455 1866 1571 2497 1759 1982 1714 1985 1362 2719 1834 1723 1134 1636 1624 1684 1415 1361 1895 1651 1059
1975 1833 1477 1496 1892 1605 2450 1776 1952 1723 1907 1390 2692 1883 1674 1077 1653 1598 1650 1449 1396 1908 1651 1059
1979 1853 1441 1475 1854 1599 2484 1806 1918 1719 1933 1382 2692 1901 1661 1055 1662 1620 1632 1510 1401 1922 1673 1023
1983 1769 1433 1428 1834 1565 2499 1757 1942 1788 1922 1362 2683 1888 1692 1033 1615 1590 1671 1484 1405 1939 1646 1041
1983 1736 1442 1394 1854 1586 2487 1770 1952 1783 1922 1370 2692 1955 1705 1033 1641 1556 1692 1514 1427 1864 1709 1073
2052 1778 1483 1294 1858 1457 2504 1645 1965 1678 1849 1318 2692 2016 1723 1181 1662 1628 1718 1350 1474 1948 1687 1078
1999 1773 1489 1265 1896 1444 2527 1683 1984 1731 1896 1278 2696 1963 1749 1212 1692 1607 1770 1354 1439 1922 1598 1096
1967 1846 1459 1318 1833 1436 2487 1679 1961 1743 1912 1302 2719 1892 1763 1216 1688 1632 1804 1376 1413 1913 1580 1091
1947 1857 1434 1353 1807 1381 2517 1687 1958 1786 1890 1322 2751 1848 1802 1247 1684 1611 1774 1406 1413 1860 1585 1064
1942 1857 1393 1392 1802 1448 2467 1687 1972 1764 1960 1306 2765 1874 1855 1247 1688 1620 1757 1398 1439 1900 1589 1050
1951 1819 1406 1394 1746 1466 2379 1698 1977 1715 1958 1334 2728 1847 1807 1243 1675 1633 1684 1458 1440 1798 1625 1050
2003 1782 1450 1424 1717 1496 2285 1682 1980 1708 1939 1398 2724 1892 1811 1243 1675 1654 1632 1471 1409 1824 1731 1055
2019 1812 1450 1427 1792 1471 2279 1694 1991 1724 1907 1414 2756 1896 1776 1177 1723 1641 1615 1454 1417 1802 1762 1050
2023 1821 1472 1431 1830 1485 2258 1686 1956 1700 1934 1418 2724 1954 1811 1199 1714 1602 1628 1424 1400 1860 1753 1078
2044 1740 1479 1402 1817 1515 2246 1682 1932 1718 1888 1466 2728 1963 1789 1199 1770 1589 1701 1424 1396 1833 1793 1082
2044 1712 1496 1402 1882 1506 2330 1674 1930 1761 1884 1482 2742 1981 1789 1238 1735 1577 1740 1358 1387 1913 1784 1078
2056 1770 1460 1397 1932 1498 2387 1678 1896 1852 1881 1438 2724 1963 1741 1225 1775 1564 1740 1354 1413 1904 1722 1064
2036 1694 1413 1417 1911 1497 2371 1666 1859 1807 1916 1374 2669 1994 1714 1269 1744 1577 1735 1384 1383 1886 1691 1087
2072 1675 1399 1392 1876 1509 2383 1653 1839 1893 1927 1338 2669 1985 1714 1251 1770 1589 1740 1406 1361 1869 1682 1078
2080 1709 1388 1378 1903 1474 2403 1623 1867 1879 1965 1326 2665 1949 1710 1238 1735 1623 1744 1363 1357 1855 1677 1087
2104 1764 1340 1366 1877 1470 2422 1627 1833 1894 1967 1362 2669 1993 1745 1199 1748 1611 1770 1406 1374 1807 1651 1087
2084 1697 1383 1428 1839 1473 2417 1636 1837 1761 1947 1406 2696 1993 1771 1207 1701 1632 1795 1394 1405 1829 1687 1087
2060 1724 1431 1380 1839 1481 2493 1628 1886 1809 1922 1430 2715 2011 1776 1186 1692 1602 1795 1394 1409 1877 1727 1087
2011 1769 1419 1358 1870 1493 2440 1671 1941 1733 1938 1466 2737 2037 1745 1177 1670 1637 1791 1420 1409 1895 1754 1091
1955 1755 1438 1389 1846 1481 2469 1707 1978 1723 1917 1482 2737 2060 1754 1190 1692 1671 1812 1459 1409 1931 1727 1096
1934 1792 1463 1434 1876 1434 2435 1720 2027 1692 1930 1450 2746 2042 1705 1164 1714 1701 1761 1472 1391 1979 1749 1087
1938 1835 1436 1390 1851 1431 2440 1706 2074 1777 1929 1402 2760 2038 1701 1138 1697 1696 1770 1489 1348 1970 1699 1091
1938 1848 1461 1456 1858 1461 2427 1715 2067 1773 1948 1398 2765 2007 1718 1146 1675 1722 1800 1489 1330 1988 1695 1069
1947 1790 1469 1444 1815 1458 2443 1671 2074 1813 1901 1402 2742 1985 1696 1137 1654 1701 1791 1445 1352 1961 1633 1032
1991 1882 1489 1418 1825 1434 2385 1691 2044 1768 1904 1354 2742 1953 1710 1159 1640 1636 1723 1393 1321 1931 1705 1046
1983 1823 1514 1355 1745 1501 2423 1669 2037 1800 1897 1346 2733 1971 1723 1220 1632 1572 1693 1393 1356 1904 1780 1059
2007 1754 1496 1325 1766 1488 2461 1660 2016 1765 1930 1382 2687 1976 1741 1299 1632 1611 1680 1376 1352 1877 1838 1100
2044 1747 1453 1275 1743 1468 2465 1639 1993 1786 1925 1402 2687 1963 1692 1304 1645 1564 1676 1411 1426 1838 1802 1091
2092 1764 1438 1293 1753 1450 2516 1668 1989 1769 1954 1394 2724 1972 1736 1295 1666 1585 1642 1402 1383 1754 1859 1141
2100 1687 1451 1278 1782 1499 2632 1630 1969 1853 1938 1410 2710 1976 1705 1287 1636 1611 1659 1463 1396 1745 1815 1137
1967 1707 1463 1486 1849 1479 2505 1644 1991 1739 1946 1374 2646 2007 1718 1216 1680 1649 1795 1454 1396 1913 1598 1028
1983 1709 1471 1483 1827 1505 2434 1727 2012 1726 1871 1430 2619 2047 1710 1194 1684 1645 1774 1454 1422 1975 1691 1055
2015 1712 1460 1499 1831 1542 2442 1716 2008 1741 1854 1462 2660 2060 1692 1260 1627 1637 1808 1449 1417 1966 1726 1078
1987 1692 1483 1447 1858 1542 2438 1703 2001 1817 1886 1446 2669 2025 1688 1308 1640 1667 1740 1419 1426 1988 1718 1055
1995 1652 1461 1340 1867 1529 2409 1687 1976 1917 1869 1446 2646 1972 1745 1286 1640 1637 1727 1445 1466 1984 1700 1023
2003 1645 1481 1338 1881 1550 2422 1636 1964 1913 1895 1462 2651 1932 1745 1282 1605 1602 1770 1480 1417 1992 1740 1037
1938 1659 1479 1349 1877 1554 2416 1643 1955 1915 1954 1434 2710 1901 1767 1282 1644 1598 1804 1463 1422 1913 1704 1028
1942 1698 1453 1345 1848 1508 2459 1673 1923 1900 1959 1422 2715 1861 1820 1256 1653 1624 1740 1446 1378 1970 1709 1032
1951 1710 1446 1346 1786 1549 2484 1672 1952 1859 1907 1438 2687 1870 1869 1216 1653 1577 1765 1433 1404 1961 1744 1041
1910 1740 1474 1433 1775 1546 2480 1701 1980 1819 1881 1434 2696 1910 1833 1186 1618 1559 1740 1372 1396 1948 1708 1087
1926 1787 1465 1394 1807 1628 2503 1757 1987 1840 1829 1414 2687 1967 1842 1164 1640 1568 1740 1307 1444 1957 1726 1073
1955 1780 1468 1406 1864 1617 2554 1694 1992 1860 1810 1450 2710 2007 1824 1151 1632 1615 1722 1320 1457 1979 1749 1082
1955 1805 1491 1429 1862 1609 2470 1660 2012 1897 1814 1446 2674 1998 1824 1151 1697 1607 1753 1324 1461 1891 1758 1064
1955 1827 1478 1412 1948 1572 2378 1668 1973 1897 1859 1446 2715 2029 1860 1172 1731 1602 1744 1324 1418 1886 1740 1064
1963 1781 1468 1400 1987 1572 2401 1647 1946 1840 1898 1466 2692 2025 1767 1142 1775 1615 1766 1389 1400 1833 1762 1050
1959 1755 1451 1440 1986 1526 2318 1637 1948 1821 1929 1466 2665 1998 1807 1142 1805 1590 1727 1458 1431 1864 1771 1069
2015 1755 1459 1372 1964 1507 2284 1637 1927 1809 1902 1414 2610 1990 1794 1107 1758 1508 1727 1428 1365 1860 1726 1078
2036 1721 1473 1343 1984 1531 2350 1662 1987 1817 1906 1398 2660 1986 1714 1112 1688 1495 1701 1432 1356 1895 1793 1073
2040 1762 1484 1338 1949 1552 2422 1654 2022 1854 1879 1398 2628 1959 1648 1090 1632 1521 1714 1476 1383 1895 1820 1096
2064 1811 1466 1339 1946 1578 2407 1710 2000 1871 1848 1386 2633 1958 1701 1124 1597 1508 1705 1363 1387 2001 1864 1105
2068 1815 1420 1324 1969 1526 2437 1718 1985 1870 1853 1426 2678 1976 1652 1120 1588 1525 1727 1359 1357 1913 1811 1096
2011 1851 1466 1397 1961 1537 2506 1723 2013 1851 1896 1462 2687 1860 1670 1185 1636 1615 1727 1376 1405 1917 1793 1105
1995 1847 1485 1344 1970 1501 2455 1723 1938 1822 1859 1486 2665 1860 1723 1137 1623 1619 1799 1385 1439 1891 1735 1146
1991 1752 1443 1366 1966 1476 2458 1794 1947 1777 1858 1474 2733 1909 1705 1072 1649 1602 1774 1346 1444 1900 1696 1128
1999 1778 1418 1361 1966 1442 2466 1719 1986 1819 1864 1462 2769 1900 1723 1063 1653 1654 1782 1459 1409 1855 1637 1109
2032 1777 1491 1328 1915 1487 2452 1695 2017 1795 1863 1442 2751 1846 1763 1089 1645 1666 1791 1523 1426 1917 1664 1187
2048 1753 1453 1314 1853 1496 2375 1685 1944 1789 1825 1422 2742 1878 1723 1072 1697 1637 1808 1558 1427 1886 1726 1155
2040 1761 1467 1358 1868 1496 2472 1677 1984 1754 1885 1466 2742 1913 1679 1102 1710 1641 1774 1532 1396 1882 1753 1119
2036 1791 1526 1388 1859 1483 2481 1606 1969 1751 1879 1486 2683 1882 1661 1194 1671 1594 1774 1554 1383 1864 1766 1123
2056 1761 1591 1396 1811 1513 2465 1636 1976 1708 1909 1506 2655 1874 1732 1199 1679 1564 1748 1502 1427 1864 1829 1123
2019 1687 1299 1480 1814 1358 2415 1656 2079 1793 1915 1314 2683 1905 1789 1221 1736 1696 1796 1493 1448 1847 1771 1059
2019 1698 1306 1487 1801 1345 2370 1659 2084 1782 1903 1338 2646 1848 1851 1216 1736 1692 1809 1428 1440 1798 1735 1032
2036 1698 1365 1399 1765 1382 2359 1617 2034 1758 1869 1322 2665 1892 1824 1216 1749 1684 1817 1445 1488 1842 1775 1059
2036 1799 1372 1383 1808 1428 2399 1642 2040 1787 1843 1350 2651 1923 1785 1129 1736 1641 1843 1428 1479 1851 1775 1078
2036 1787 1420 1342 1837 1437 2424 1664 1956 1793 1778 1374 2642 1901 1851 1081 1697 1581 1761 1393 1510 1869 1744 1132
2027 1771 1453 1305 1845 1470 2387 1643 1899 1773 1826 1378 2633 1901 1855 1041 1693 1555 1757 1415 1479 1877 1757 1146
1999 1718 1445 1249 1879 1487 2387 1655 1870 1796 1859 1366 2646 1865 1873 1059 1680 1530 1770 1493 1439 1939 1811 1178
1975 1760 1465 1313 1886 1466 2375 1705 1907 1818 1875 1370 2646 1888 1873 1125 1636 1547 1697 1489 1391 1904 1753 1155
1975 1698 1457 1339 1800 1454 2380 1664 1872 1814 1905 1422 2637 1888 1926 1208 1684 1572 1659 1528 1413 1913 1731 1132
1955 1663 1486 1358 1854 1454 2346 1630 1963 1872 1928 1422 2660 1941 1860 1269 1705 1607 1659 1554 1444 1864 1700 1091
1967 1679 1515 1336 1848 1492 2422 1659 1930 1825 1904 1430 2715 1968 1824 1321 1688 1619 1706 1558 1461 1824 1705 1073
1955 1732 1469 1436 1834 1492 2464 1669 1987 1744 1896 1462 2715 2034 1776 1282 1675 1564 1629 1463 1448 1763 1727 1073
1979 1750 1430 1410 1821 1492 2480 1651 1940 1701 1834 1466 2737 2029 1789 1273 1740 1547 1706 1432 1501 1749 1740 1078
1963 1704 1404 1370 1910 1509 2472 1648 1999 1731 1832 1474 2765 1998 1789 1313 1766 1555 1736 1419 1505 1736 1726 1069
2003 1734 1353 1352 1861 1522 2460 1641 2018 1671 1881 1458 2787 1998 1833 1286 1735 1538 1757 1384 1531 1727 1762 1073
2023 1740 1365 1359 1866 1509 2422 1653 1994 1723 1868 1438 2783 1998 1855 1238 1735 1538 1693 1376 1509 1771 1877 1078
2088 1730 1429 1297 1871 1493 2383 1642 1966 1780 1920 1426 2756 2051 1855 1242 1757 1653 1710 1376 1540 1820 1837 1082
2092 1701 1443 1292 1897 1499 2387 1677 1928 1790 1981 1398 2719 2069 1811 1186 1688 1662 1705 1402 1544 1891 1802 1078
2112 1774 1462 1339 1893 1496 2367 1670 1921 1782 1959 1350 2719 2051 1847 1151 1614 1687 1706 1363 1518 1926 1887 1037
2096 1790 1461 1331 1879 1508 2400 1703 1917 1835 1904 1346 2715 2002 1873 1124 1575 1671 1731 1358 1479 1975 1909 1037
2100 1791 1515 1342 1817 1508 2396 1691 1930 1827 1890 1362 2705 1958 1851 1159 1562 1688 1770 1419 1444 1922 1833 1064
2064 1796 1510 1361 1838 1482 2342 1647 1919 1818 1826 1350 2683 1900 1824 1186 1549 1688 1779 1419 1418 1908 1797 1087
2060 1808 1545 1353 1772 1454 2343 1591 1950 1874 1809 1366 2705 1945 1811 1220 1606 1705 1762 1398 1339 1829 1761 1146
2036 1777 1534 1318 1677 1466 2412 1617 1944 1849 1852 1434 2692 1976 1745 1194 1671 1671 1770 1389 1335 1749 1730 1210
2023 1749 1556 1376 1684 1500 2421 1642 1936 1797 1882 1438 2646 1954 1696 1181 1723 1628 1736 1359 1347 1758 1757 1219
1999 1746 1559 1373 1763 1455 2457 1668 1931 1779 1918 1450 2642 1958 1696 1195 1762 1628 1710 1315 1391 1851 1775 1255
1979 1751 1520 1402 1746 1485 2514 1655 1926 1711 1940 1498 2687 1976 1665 1203 1827 1611 1731 1311 1422 1882 1789 1273
1979 1725 1461 1443 1817 1493 2502 1668 1964 1657 2004 1486 2633 1904 1771 1173 1805 1534 1800 1346 1439 1922 1825 1200
1991 1714 1434 1413 1881 1459 2435 1676 1921 1669 1987 1430 2669 1855 1785 1146 1788 1585 1808 1372 1457 1961 1772 1214
1987 1758 1361 1400 1923 1400 2412 1634 1919 1657 1983 1446 2651 1887 1741 1129 1710 1615 1817 1424 1470 1957 1722 1210
2027 1694 1382 1315 1889 1440 2309 1695 1896 1704 1872 1430 2615 1959 1833 1177 1657 1555 1731 1311 1392 1869 1753 1078
1999 1670 1386 1316 1886 1445 2321 1716 1916 1747 1858 1442 2615 1972 1807 1190 1618 1598 1817 1345 1370 1900 1771 1041
2027 1695 1433 1351 2003 1454 2375 1694 1911 1717 1830 1434 2578 1976 1771 1269 1636 1581 1817 1302 1401 1900 1828 1069
1991 1704 1390 1347 1998 1458 2371 1664 1925 1688 1803 1438 2587 1950 1749 1282 1644 1598 1847 1324 1431 1838 1855 1078
1995 1703 1348 1322 1992 1484 2337 1655 1982 1703 1830 1434 2610 1949 1763 1308 1649 1559 1826 1341 1448 1869 1864 1105
2036 1699 1450 1355 1973 1488 2329 1643 2012 1683 1757 1406 2596 1918 1718 1291 1605 1512 1770 1354 1475 1882 1829 1078
2032 1721 1464 1376 1951 1499 2336 1626 2009 1661 1740 1386 2569 1949 1710 1299 1579 1551 1757 1371 1479 1807 1767 1073
2040 1742 1445 1426 1859 1494 2365 1613 2012 1648 1773 1406 2624 1923 1732 1247 1653 1564 1808 1402 1435 1811 1727 1132
2048 1754 1446 1467 1846 1520 2373 1655 1986 1688 1812 1402 2646 1967 1767 1186 1645 1525 1795 1389 1409 1763 1660 1064
2036 1726 1493 1448 1838 1503 2427 1672 1981 1694 1830 1402 2637 1949 1749 1181 1740 1521 1834 1406 1378 1741 1669 1041
2015 1755 1443 1451 1787 1436 2432 1693 1977 1709 1849 1422 2633 1967 1816 1221 1848 1572 1804 1441 1422 1723 1695 1069
2015 1765 1498 1458 1801 1424 2449 1709 1959 1724 1861 1426 2669 1941 1847 1182 1852 1551 1795 1432 1452 1842 1749 1087
2011 1752 1510 1420 1817 1416 2420 1702 1959 1769 1849 1418 2665 1963 1802 1155 1766 1564 1757 1406 1461 1811 1775 1014
2032 1726 1501 1410 1835 1370 2420 1686 2020 1729 1865 1410 2660 2003 1767 1168 1787 1564 1739 1406 1479 1882 1798 1073
2036 1767 1513 1443 1795 1356 2441 1664 2096 1719 1856 1394 2637 2030 1758 1186 1701 1560 1722 1428 1518 1931 1775 1105
2040 1759 1550 1412 1809 1411 2409 1643 2100 1710 1873 1362 2646 2029 1736 1173 1645 1568 1778 1428 1500 1939 1744 1078
2064 1758 1504 1427 1800 1395 2400 1622 2110 1726 1897 1362 2646 2087 1714 1238 1731 1577 1770 1458 1487 1895 1740 1055
2052 1779 1459 1424 1812 1446 2408 1594 2084 1744 1908 1346 2646 2091 1727 1229 1757 1607 1765 1471 1479 1935 1713 1064
2056 1792 1468 1370 1813 1432 2412 1552 2054 1774 1892 1362 2651 2069 1736 1221 1766 1692 1795 1484 1444 1913 1673 1055
2056 1797 1469 1374 1877 1445 2383 1578 1942 1759 1902 1374 2655 2091 1763 1229 1762 1744 1825 1484 1422 1877 1740 1059
2036 1850 1423 1396 1885 1415 2428 1554 1926 1761 1919 1366 2605 2105 1767 1221 1644 1743 1812 1480 1448 1869 1723 1050
2044 1774 1427 1345 1907 1428 2438 1566 1937 1754 1893 1354 2619 2039 1749 1164 1597 1714 1791 1445 1431 1869 1660 1069
2064 1761 1495 1370 1856 1376 2444 1628 1947 1709 1900 1374 2583 1990 1771 1208 1597 1666 1791 1454 1457 1847 1669 1087
2060 1756 1507 1407 1849 1398 2452 1648 1935 1683 1869 1370 2565 1981 1767 1260 1619 1663 1718 1480 1497 1886 1736 1091
2056 1745 1484 1395 1816 1381 2406 1652 1931 1680 1904 1390 2587 1932 1758 1243 1619 1603 1684 1497 1497 1869 1625 1096
2064 1711 1469 1375 1812 1450 2372 1706 1943 1682 1918 1410 2642 1909 1661 1181 1666 1594 1659 1480 1440 1869 1656 1114
2044 1839 1470 1396 1795 1445 2276 1694 1899 1638 1973 1430 2651 1945 1718 1168 1675 1629 1688 1502 1514 1877 1695 1123
2023 1791 1443 1371 1829 1441 2255 1706 1894 1630 1950 1418 2705 1985 1683 1172 1679 1633 1676 1510 1510 1931 1620 1105
2032 1799 1426 1374 1823 1454 2243 1728 1928 1699 1955 1414 2719 1954 1701 1155 1658 1543 1706 1523 1444 1864 1611 1100
2015 1809 1412 1372 1838 1458 2296 1695 1943 1703 1968 1402 2728 1923 1661 1142 1619 1564 1697 1480 1466 1838 1678 1073
1983 1767 1444 1418 1923 1544 2507 1762 1992 1797 1887 1386 2665 1910 1679 1089 1645 1556 1752 1515 1479 1820 1717 1069
1975 1764 1461 1405 1871 1465 2495 1802 1975 1808 1885 1386 2701 1932 1701 1221 1628 1551 1786 1480 1492 1780 1704 1109
1979 1813 1479 1449 1833 1453 2445 1767 2017 1866 1876 1394 2687 1945 1736 1234 1584 1543 1769 1454 1470 1771 1709 1173
1971 1864 1471 1505 1809 1474 2413 1753 2008 1858 1891 1402 2701 1909 1732 1255 1640 1590 1748 1437 1453 1749 1775 1173
1955 1826 1454 1554 1749 1417 2441 1759 2037 1843 1888 1410 2665 1891 1789 1238 1644 1577 1800 1420 1452 1780 1713 1159
1971 1816 1407 1533 1750 1413 2400 1718 2017 1836 1854 1410 2651 1940 1807 1251 1588 1572 1782 1398 1408 1855 1713 1128
1979 1822 1379 1511 1742 1471 2349 1662 1997 1786 1899 1438 2633 1923 1736 1111 1609 1598 1817 1389 1395 1877 1695 1137
1975 1796 1363 1491 1775 1509 2374 1666 2049 1772 1922 1442 2610 1936 1758 1129 1618 1615 1817 1410 1395 1864 1700 1069
1983 1765 1391 1460 1759 1496 2375 1704 2043 1806 1933 1430 2615 1990 1732 1129 1592 1615 1826 1462 1457 1904 1669 1041
1979 1790 1361 1445 1799 1570 2346 1690 2011 1813 1902 1414 2646 2034 1705 1133 1557 1658 1765 1467 1426 1877 1713 1041
1975 1793 1343 1407 1839 1549 2413 1749 2014 1759 1918 1374 2683 1980 1723 1133 1605 1688 1719 1441 1422 1829 1718 1087
1975 1771 1308 1414 1910 1541 2446 1776 2011 1785 1859 1342 2705 1967 1794 1212 1640 1658 1689 1424 1369 1758 1744 1096
1975 1720 1343 1390 1905 1513 2433 1794 1949 1783 1820 1358 2733 1900 1789 1216 1714 1654 1727 1437 1395 1807 1744 1119
1987 1726 1326 1397 1893 1472 2433 1824 1953 1752 1822 1374 2737 1896 1824 1260 1688 1611 1748 1424 1321 1816 1762 1132
2011 1700 1406 1422 1915 1427 2466 1835 1971 1722 1888 1334 2760 1905 1820 1277 1662 1632 1753 1402 1330 1838 1731 1141
1991 1697 1439 1457 1882 1456 2398 1780 1953 1739 1978 1350 2765 1873 1851 1229 1684 1650 1830 1419 1352 1802 1717 1109
2007 1701 1500 1418 1827 1486 2419 1758 1961 1795 1986 1366 2778 1882 1820 1255 1644 1649 1843 1441 1400 1913 1726 1064
2019 1725 1527 1399 1854 1514 2452 1741 1979 1730 1993 1350 2769 1860 1794 1181 1597 1654 1809 1424 1405 1895 1700 1041
2015 1751 1512 1403 1874 1560 2411 1710 1958 1735 1977 1378 2733 1940 1771 1138 1640 1671 1808 1359 1418 1886 1642 1023
2027 1774 1458 1411 1853 1590 2370 1714 1920 1834 1953 1422 2715 1931 1789 1094 1653 1632 1749 1389 1422 1829 1611 1032
2036 1766 1435 1410 1845 1585 2385 1736 1905 1857 1894 1446 2687 1972 1714 1072 1636 1624 1723 1381 1413 1869 1687 1032
2015 1766 1414 1394 1815 1567 2410 1732 1928 1819 1915 1430 2674 1989 1741 1059 1675 1615 1744 1381 1409 1873 1656 1005
1991 1725 1361 1382 1803 1516 2418 1738 1957 1854 1859 1414 2692 2020 1754 1116 1697 1521 1778 1389 1405 1891 1656 1023
1967 1685 1354 1357 1801 1485 2531 1780 1975 1811 1865 1398 2710 1966 1741 1164 1684 1572 1753 1402 1422 1869 1696 996
1979 1709 1376 1336 1846 1476 2559 1771 2020 1747 1855 1398 2683 1944 1665 1168 1710 1581 1821 1380 1452 1948 1766 964
1999 1732 1452 1292 1796 1479 2532 1754 2042 1717 1880 1390 2687 1971 1683 1177 1710 1568 1868 1349 1413 2006 1762 946
2011 1767 1436 1318 1825 1446 2516 1725 2021 1663 1878 1378 2692 1971 1657 1142 1649 1590 1821 1345 1448 1975 1802 964
2064 1745 1486 1309 1829 1471 2503 1711 2002 1648 1914 1382 2655 2073 1696 1151 1654 1658 1765 1310 1474 1975 1819 973
2112 1771 1529 1298 1827 1524 2424 1657 2014 1617 1911 1358 2665 2029 1674 1098 1658 1641 1787 1328 1474 1970 1851 1005
2080 1769 1534 1289 1803 1444 2445 1644 1984 1645 1858 1346 2665 2030 1683 1125 1632 1646 1731 1337 1439 1935 1784 1028
2108 1665 1459 1338 1855 1457 2563 1597 1907 1815 1922 1414 2737 1941 1714 1216 1640 1594 1723 1446 1422 1763 1806 1132
2056 1723 1496 1356 1842 1486 2566 1588 1878 1772 1860 1462 2746 1959 1688 1146 1714 1517 1723 1463 1435 1718 1832 1087
2040 1700 1535 1388 1827 1461 2521 1605 1909 1766 1878 1458 2719 1985 1652 1173 1748 1568 1770 1428 1396 1723 1797 1087
1951 1740 1519 1404 1856 1440 2512 1529 1910 1763 1913 1454 2696 1972 1652 1164 1727 1547 1851 1445 1448 1851 1788 1082
1947 1777 1494 1429 1813 1425 2384 1533 1887 1723 1895 1470 2705 2012 1643 1116 1718 1495 1903 1397 1448 1847 1735 1082
1967 1792 1413 1380 1846 1401 2401 1607 1916 1731 1932 1514 2665 2034 1665 1155 1740 1529 1928 1423 1431 1833 1673 1055
2007 1768 1373 1383 1839 1427 2314 1611 1946 1783 1938 1438 2683 2003 1763 1151 1675 1555 1933 1424 1431 1860 1673 1059
2040 1815 1329 1379 1895 1419 2377 1619 1914 1815 1909 1446 2705 1963 1829 1116 1636 1547 1894 1432 1444 1864 1722 1078
2084 1784 1304 1384 1916 1482 2361 1688 1940 1840 1874 1438 2678 1963 1771 1138 1627 1538 1873 1419 1483 1860 1709 1082
2084 1755 1298 1375 1956 1535 2485 1737 1976 1872 1842 1406 2646 1870 1811 1160 1575 1560 1804 1472 1505 1860 1766 1078
2060 1761 1365 1365 1892 1572 2451 1721 1970 1876 1774 1410 2633 1861 1802 1177 1528 1568 1765 1441 1479 1838 1797 1091
2060 1792 1387 1338 1871 1567 2527 1709 1971 1877 1798 1430 2610 1857 1736 1203 1541 1525 1753 1480 1505 1864 1775 1069
2019 1772 1453 1334 1832 1596 2468 1714 1996 1864 1852 1414 2583 1879 1785 1212 1536 1517 1705 1454 1575 1926 1718 1073
2011 1808 1508 1343 1819 1566 2496 1713 2003 1866 1822 1426 2574 1906 1794 1177 1597 1543 1680 1449 1535 1860 1749 1073
1995 1754 1547 1350 1834 1499 2397 1714 1991 1809 1851 1462 2619 1967 1776 1168 1666 1530 1697 1475 1527 1855 1775 1073
1991 1753 1506 1383 1893 1482 2405 1672 2042 1782 1851 1430 2646 1994 1763 1234 1675 1551 1684 1462 1527 1873 1749 1073
1975 1754 1480 1381 1926 1445 2392 1732 2036 1790 1859 1426 2710 1981 1727 1277 1653 1611 1692 1406 1496 1869 1780 1105
1975 1736 1435 1420 1949 1437 2409 1748 2049 1776 1796 1422 2742 1963 1692 1277 1653 1607 1705 1423 1457 1851 1833 1100
1999 1707 1474 1473 1936 1453 2418 1715 2007 1785 1819 1446 2756 1870 1732 1299 1631 1585 1680 1458 1448 1917 1833 1132
2019 1781 1439 1457 1873 1478 2412 1650 2030 1832 1863 1438 2701 1892 1745 1356 1649 1607 1646 1445 1440 1944 1819 1150
2064 1759 1457 1452 1840 1501 2433 1678 1958 1829 1868 1458 2719 1879 1727 1273 1662 1581 1684 1424 1383 1939 1833 1123
2048 1713 1527 1478 1822 1479 2434 1654 1948 1776 1859 1474 2678 1905 1745 1203 1627 1551 1680 1458 1374 1953 1793 1087
2092 1737 1496 1430 1818 1450 2450 1647 1903 1746 1870 1474 2678 1936 1723 1238 1627 1585 1736 1523 1365 1882 1789 1096
2076 1755 1493 1428 1818 1429 2442 1680 1927 1722 1855 1398 2701 2020 1701 1190 1575 1594 1778 1523 1339 1860 1775 1050
2108 1718 1496 1399 1882 1457 2509 1720 1877 1711 1833 1390 2737 1999 1705 1177 1571 1585 1868 1528 1343 1842 1753 1005
2080 1749 1490 1362 1880 1464 2446 1763 1908 1716 1849 1314 2733 1994 1771 1138 1584 1594 1860 1614 1374 1851 1753 1032
2096 1769 1424 1364 1916 1514 2461 1704 1936 1754 1894 1294 2710 1999 1776 1177 1619 1594 1860 1601 1356 1851 1700 1032
2036 1711 1477 1377 1933 1556 2434 1691 1957 1771 1905 1262 2660 1999 1794 1107 1680 1573 1834 1558 1378 1926 1655 1019
2048 1683 1416 1378 1911 1557 2408 1695 1945 1723 1912 1334 2628 1998 1794 1164 1710 1590 1877 1558 1396 1917 1624 1023
1987 1720 1432 1440 1864 1516 2413 1673 1988 1724 1947 1330 2655 2016 1798 1159 1684 1603 1860 1545 1378 1908 1638 1046
2023 1728 1524 1448 1764 1539 2458 1645 2023 1657 1926 1494 2669 1914 1763 1168 1666 1564 1748 1419 1466 1816 1838 1059
2027 1738 1537 1414 1801 1488 2493 1661 2077 1698 1913 1490 2692 1932 1767 1159 1558 1555 1748 1389 1457 1816 1824 1082
2036 1723 1464 1425 1774 1505 2396 1664 2067 1723 1898 1434 2733 1866 1807 1190 1523 1551 1689 1354 1444 1816 1793 1059
2064 1736 1451 1420 1760 1539 2392 1672 2075 1673 1882 1414 2760 1870 1820 1181 1566 1577 1706 1284 1492 1811 1802 1078
2048 1731 1434 1423 1808 1538 2351 1652 2080 1622 1900 1382 2746 1843 1771 1190 1588 1594 1706 1315 1461 1816 1771 1132
2032 1719 1490 1448 1843 1524 2371 1655 1959 1683 1857 1366 2728 1879 1749 1199 1562 1590 1727 1358 1413 1847 1775 1096
2023 1735 1505 1473 1831 1520 2365 1664 1997 1689 1879 1354 2696 1932 1798 1212 1597 1645 1688 1358 1417 1864 1709 1082
2032 1748 1514 1482 1848 1519 2394 1678 1976 1670 1882 1374 2665 1985 1745 1168 1627 1633 1753 1389 1395 1900 1673 1119
2032 1721 1466 1492 1866 1438 2412 1669 1968 1747 1927 1362 2655 1945 1758 1182 1623 1633 1731 1467 1378 1917 1678 1073
2036 1762 1439 1477 1921 1455 2440 1703 1944 1806 1861 1362 2683 1962 1727 1134 1606 1598 1774 1458 1435 1904 1651 1009
2032 1836 1362 1416 1916 1435 2403 1704 2001 1820 1864 1370 2660 1905 1727 1177 1649 1629 1748 1402 1400 1935 1651 1023
1995 1801 1335 1399 1907 1452 2378 1698 2003 1824 1924 1378 2678 1860 1705 1195 1654 1611 1825 1393 1400 1869 1682 1037
2019 1737 1361 1398 1885 1459 2369 1673 2043 1860 1884 1386 2678 1833 1789 1234 1671 1633 1770 1419 1383 1798 1700 1037
1991 1798 1426 1347 1868 1515 2365 1657 2019 1862 1879 1394 2687 1856 1838 1186 1684 1633 1813 1358 1326 1780 1727 1069
1995 1753 1479 1339 1791 1506 2328 1617 1971 1825 1883 1406 2678 1825 1851 1273 1662 1692 1783 1363 1295 1798 1762 1096
1991 1703 1504 1328 1754 1528 2431 1596 1943 1805 1954 1370 2687 1861 1847 1260 1641 1637 1826 1389 1343 1820 1811 1137
2019 1750 1491 1335 1750 1544 2465 1603 1962 1772 1894 1402 2674 1839 1838 1242 1641 1598 1800 1406 1339 1900 1784 1137
1983 1794 1458 1308 1707 1558 2479 1624 1939 1732 1885 1382 2692 1817 1811 1238 1645 1594 1847 1389 1304 1931 1758 1128
1991 1763 1433 1315 1689 1605 2495 1689 1994 1705 1847 1366 2665 1825 1754 1234 1614 1645 1813 1406 1348 1908 1727 1137
1979 1809 1343 1358 1741 1629 2499 1754 2025 1705 1846 1358 2655 1865 1802 1234 1649 1645 1766 1423 1330 1864 1687 1119
2019 1799 1369 1419 1801 1574 2446 1774 2070 1656 1805 1406 2674 1892 1811 1247 1653 1692 1714 1462 1291 1785 1633 1100
2040 1751 1390 1481 1823 1594 2416 1754 1992 1702 1803 1342 2655 1954 1794 1251 1653 1705 1671 1441 1291 1727 1682 1069
2040 1753 1373 1511 1857 1514 2466 1771 1984 1710 1853 1342 2696 1963 1811 1260 1640 1692 1646 1471 1335 1780 1740 1069
2044 1761 1376 1503 1958 1453 2371 1745 1955 1693 1865 1322 2687 1954 1842 1278 1657 1645 1641 1506 1330 1785 1749 1059
2040 1732 1400 1495 1839 1379 2426 1759 2035 1676 1862 1310 2669 1998 1829 1203 1645 1649 1675 1489 1348 1829 1780 1078
2032 1728 1411 1481 1808 1363 2400 1761 2035 1747 1786 1294 2655 1976 1816 1177 1654 1598 1684 1454 1409 1877 1806 1069
2032 1753 1383 1416 1795 1342 2461 1783 2056 1737 1783 1290 2705 1981 1838 1155 1654 1602 1714 1523 1453 1931 1802 1082
2032 1752 1386 1428 1824 1385 2411 1750 2111 1765 1785 1326 2633 1927 1829 1133 1640 1619 1714 1489 1479 1873 1811 1078
2027 1682 1391 1469 1770 1345 2428 1720 2074 1752 1806 1306 2674 1940 1820 1155 1658 1632 1706 1480 1488 1877 1802 1087
2040 1685 1398 1452 1829 1340 2399 1661 2004 1790 1874 1326 2696 1901 1776 1199 1719 1671 1783 1502 1430 1873 1824 1069
1979 1743 1350 1384 1916 1442 2380 1595 1926 1661 1982 1394 2655 1896 1718 1081 1709 1594 1855 1406 1439 1869 1700 1141
1995 1728 1425 1427 1905 1429 2422 1592 1925 1746 1962 1354 2660 1896 1736 1086 1614 1560 1894 1415 1417 1816 1762 1091
1959 1714 1439 1392 1872 1433 2427 1705 1913 1799 1919 1358 2678 1892 1630 1116 1606 1616 1851 1411 1470 1758 1780 1091
1999 1730 1508 1400 1852 1546 2449 1668 1954 1782 1928 1330 2633 1955 1630 1143 1566 1547 1795 1415 1457 1785 1824 1059
1975 1760 1526 1408 1817 1583 2418 1698 1927 1786 1914 1334 2651 1981 1568 1177 1606 1551 1786 1415 1431 1824 1793 1041
1987 1777 1471 1420 1804 1603 2393 1702 1955 1782 1926 1402 2628 1981 1568 1216 1584 1543 1722 1432 1453 1860 1753 1050
1942 1800 1400 1317 1848 1619 2372 1739 1951 1770 1948 1422 2596 1989 1559 1208 1632 1555 1671 1445 1457 1882 1735 1059
1975 1865 1410 1366 1860 1611 2335 1674 1925 1706 1950 1426 2646 2033 1665 1168 1627 1542 1671 1428 1396 1913 1735 1050
1942 1850 1387 1446 1881 1544 2326 1697 1950 1618 1931 1470 2665 1967 1612 1186 1623 1551 1744 1437 1391 1931 1752 1050
2003 1747 1333 1439 1877 1532 2375 1676 1942 1592 1915 1470 2665 1989 1679 1212 1658 1577 1778 1450 1378 1913 1779 1064
1991 1738 1346 1523 1898 1488 2362 1670 1877 1595 1885 1450 2687 1985 1718 1212 1679 1581 1847 1476 1439 1886 1797 1059
2003 1696 1355 1541 1848 1513 2338 1674 1892 1606 1881 1434 2701 1962 1749 1177 1675 1542 1791 1488 1417 1886 1735 1059
1999 1653 1398 1518 1865 1559 2370 1670 1947 1607 1917 1450 2665 1976 1696 1207 1675 1551 1782 1497 1422 1935 1721 1096
2032 1727 1411 1469 1873 1570 2371 1688 1990 1713 1947 1418 2687 2029 1754 1203 1671 1594 1778 1445 1430 1931 1721 1096
2032 1793 1493 1463 1856 1569 2401 1761 2001 1739 1974 1394 2692 2011 1767 1177 1653 1560 1727 1454 1444 1966 1726 1087
2027 1834 1492 1383 1861 1542 2433 1787 2027 1747 1935 1402 2665 1989 1785 1168 1671 1538 1688 1441 1383 1992 1695 1046
2032 1894 1480 1358 1895 1496 2378 1742 2052 1727 1933 1374 2678 2065 1816 1238 1649 1581 1731 1411 1457 2050 1704 1041
2044 1894 1408 1391 1886 1463 2403 1674 1993 1744 1919 1362 2696 1981 1798 1199 1675 1508 1727 1428 1409 2028 1700 1041
2003 1868 1398 1379 1882 1422 2382 1661 1882 1795 1884 1346 2642 1945 1847 1212 1736 1478 1697 1546 1401 1992 1664 1069
1987 1833 1401 1348 1940 1399 2352 1631 1887 1835 1840 1342 2637 1990 1847 1277 1731 1495 1688 1515 1405 1922 1735 1091
1991 1836 1393 1391 1918 1382 2356 1610 1932 1876 1870 1342 2705 2026 1833 1264 1727 1491 1697 1506 1392 1864 1744 1150
2015 1829 1404 1425 1875 1432 2411 1612 1925 1909 1899 1358 2742 1972 1776 1181 1709 1478 1701 1519 1392 1763 1766 1137
2011 1800 1438 1375 1902 1445 2409 1663 1923 1916 1863 1362 2719 2070 1780 1211 1701 1577 1701 1519 1448 1745 1801 1128
2019 1766 1447 1385 1914 1521 2429 1737 1992 1842 1861 1350 2724 2097 1732 1229 1657 1615 1736 1462 1453 1785 1824 1091
2019 1766 1416 1447 1864 1508 2408 1728 2001 1843 1936 1350 2774 2043 1727 1177 1631 1589 1770 1471 1461 1780 1686 1064
2036 1718 1412 1399 1874 1542 2400 1749 1994 1778 1956 1346 2696 2029 1701 1159 1592 1632 1748 1458 1439 1838 1700 1105
2011 1671 1437 1413 1932 1523 2383 1700 1978 1770 1943 1338 2655 2003 1736 1225 1605 1628 1791 1463 1365 1922 1695 1105
2052 1706 1421 1436 1963 1468 2341 1674 2007 1754 1997 1310 2683 1874 1767 1207 1584 1636 1765 1450 1391 1935 1700 1091
2068 1752 1393 1447 1942 1387 2349 1600 1951 1781 1999 1318 2710 1852 1758 1212 1575 1619 1723 1441 1383 1904 1682 1105
2040 1768 1422 1432 1919 1432 2399 1588 1913 1745 1961 1334 2678 1843 1802 1207 1601 1602 1774 1410 1395 1908 1749 1128
1979 1745 1439 1429 1925 1428 2416 1775 1994 1761 1950 1426 2783 1954 1626 1151 1640 1615 1782 1467 1365 1944 1776 1073
1995 1724 1488 1422 1973 1362 2442 1776 1973 1794 1896 1422 2787 1931 1630 1133 1679 1602 1739 1472 1347 1922 1771 1046
1971 1701 1521 1475 1947 1416 2396 1794 1982 1772 1919 1342 2751 1874 1595 1151 1727 1628 1722 1493 1304 1900 1686 1046
2048 1740 1535 1497 1938 1432 2331 1753 1942 1767 1923 1330 2710 1897 1683 1186 1714 1606 1709 1445 1273 1816 1704 1055
2036 1748 1562 1487 1990 1456 2477 1765 1973 1818 1899 1342 2683 1888 1727 1150 1727 1602 1744 1411 1295 1860 1757 1073
2019 1742 1590 1444 1987 1508 2564 1786 1975 1795 1900 1358 2692 1897 1718 1155 1757 1538 1718 1463 1326 1816 1717 1078
2056 1811 1551 1455 1909 1507 2547 1757 2000 1791 1952 1366 2696 1897 1811 1177 1766 1538 1766 1502 1321 1776 1673 1046
2096 1824 1554 1455 1871 1507 2571 1769 2000 1775 1927 1410 2683 2007 1816 1168 1701 1555 1774 1485 1313 1727 1784 1064
2068 1827 1623 1474 1905 1486 2617 1856 2008 1788 1911 1410 2678 2056 1824 1137 1696 1576 1800 1523 1326 1767 1722 1073
2084 1819 1557 1427 1906 1462 2513 1812 1945 1778 1968 1406 2710 2047 1838 1124 1684 1580 1766 1484 1352 1714 1704 1078
2092 1827 1536 1479 1863 1482 2491 1679 1938 1821 1954 1382 2701 2025 1869 1133 1666 1645 1774 1462 1369 1727 1784 1078
2048 1783 1567 1486 1876 1486 2515 1691 1934 1847 1971 1402 2692 1999 1807 1120 1631 1619 1761 1389 1400 1789 1860 1159
2060 1789 1578 1461 1868 1498 2536 1656 1930 1868 1975 1402 2687 1919 1820 1146 1640 1517 1757 1423 1418 1820 1829 1146
2100 1778 1522 1407 1814 1498 2495 1585 1931 1835 1962 1422 2701 1932 1794 1151 1671 1534 1714 1397 1431 1829 1855 1155
2133 1774 1586 1438 1787 1422 2495 1577 1991 1792 1891 1406 2655 1936 1824 1137 1692 1513 1727 1471 1409 1869 1846 1132
2096 1767 1519 1399 1847 1417 2416 1647 1987 1753 1863 1434 2660 1896 1798 1159 1705 1521 1727 1467 1396 1877 1806 1119
2092 1775 1493 1380 1852 1376 2384 1652 1975 1708 1812 1410 2692 1936 1851 1159 1705 1564 1770 1480 1396 1842 1770 1087
2068 1766 1502 1394 1855 1342 2355 1639 1991 1703 1832 1366 2701 1950 1851 1159 1666 1636 1774 1415 1378 1820 1855 1055
2032 1775 1481 1402 1872 1354 2413 1643 2014 1720 1792 1362 2710 1932 1855 1159 1645 1671 1787 1437 1417 1780 1811 1028
2056 1768 1462 1436 1844 1434 2364 1610 2006 1796 1822 1374 2733 1958 1829 1207 1623 1688 1757 1389 1413 1838 1828 1028
2040 1751 1520 1425 1827 1377 2345 1609 2018 1774 1840 1378 2733 1967 1855 1181 1606 1649 1748 1389 1444 1833 1864 1023
2072 1746 1523 1463 1819 1442 2333 1626 2018 1802 1849 1382 2705 1927 1851 1181 1614 1662 1697 1393 1474 1869 1881 1037
2052 1750 1547 1454 1828 1438 2316 1657 2006 1797 1812 1426 2669 1910 1873 1177 1662 1666 1718 1402 1496 1935 1753 1069
2044 1754 1612 1462 1802 1406 2278 1695 1989 1781 1847 1422 2655 1865 1917 1151 1709 1623 1757 1376 1474 1957 1775 1069
1995 1829 1564 1407 1834 1385 2331 1692 1990 1749 1844 1434 2655 1817 1917 1094 1709 1598 1783 1376 1483 1908 1735 1091
2015 1855 1549 1440 1864 1451 2329 1716 1979 1775 1868 1434 2674 1817 1908 1107 1744 1615 1791 1423 1479 1904 1744 1087
1987 1856 1543 1401 1860 1459 2299 1703 1991 1756 1870 1442 2660 1795 1882 1155 1718 1581 1748 1389 1448 1860 1730 1064
2007 1852 1473 1421 1860 1451 2290 1664 2051 1769 1910 1450 2692 1821 1873 1194 1736 1559 1791 1420 1466 1829 1739 1037
2007 1804 1367 1396 1865 1479 2286 1617 2021 1767 1869 1458 2674 1870 1842 1185 1723 1547 1752 1433 1448 1873 1819 1032
1999 1724 1357 1431 1878 1508 2266 1663 1957 1776 1864 1462 2660 1896 1816 1220 1727 1521 1735 1454 1470 1864 1864 1019
1987 1732 1557 1429 1919 1499 2423 1704 2017 1707 1887 1422 2524 2030 1829 1094 1593 1568 1808 1515 1557 1961 1744 1137
1991 1758 1560 1421 1929 1478 2406 1667 2021 1694 1870 1374 2565 1994 1820 1120 1567 1547 1787 1480 1496 1961 1744 1119
1995 1754 1549 1483 1933 1478 2401 1714 2035 1695 1874 1370 2555 1981 1833 1177 1575 1573 1808 1458 1509 1908 1727 1055
1987 1773 1590 1451 1952 1502 2421 1762 2023 1711 1854 1378 2615 1928 1776 1155 1580 1526 1821 1397 1487 1922 1744 1055
1975 1847 1590 1414 1953 1516 2412 1761 2022 1741 1837 1370 2637 1945 1776 1212 1623 1568 1774 1376 1430 1908 1691 1046
2019 1789 1508 1421 1917 1550 2432 1694 1994 1735 1857 1354 2678 1905 1763 1251 1619 1534 1718 1380 1422 1908 1748 1046
2027 1723 1486 1396 1875 1554 2441 1666 1976 1727 1884 1390 2683 1923 1820 1260 1636 1547 1731 1376 1404 1935 1744 1069
2019 1692 1527 1355 1870 1537 2390 1666 1978 1765 1867 1434 2655 1941 1771 1225 1623 1551 1705 1354 1369 1935 1668 1082
2032 1714 1499 1317 1824 1508 2421 1632 1994 1731 1915 1434 2637 1936 1789 1295 1619 1572 1697 1380 1382 1944 1659 1091
2048 1655 1447 1329 1820 1449 2424 1602 2023 1705 1936 1422 2615 1910 1776 1299 1597 1598 1675 1367 1413 1975 1690 1087
2019 1720 1461 1330 1784 1431 2408 1615 2061 1691 1936 1426 2615 1919 1745 1273 1597 1624 1693 1380 1396 1975 1668 1069
2027 1791 1469 1325 1818 1389 2411 1647 2025 1703 1963 1434 2565 1918 1692 1247 1558 1641 1684 1397 1387 1904 1659 1069
2019 1825 1426 1326 1797 1401 2495 1604 2051 1684 1991 1398 2605 1927 1688 1216 1554 1671 1705 1406 1356 1926 1757 1073
1983 1812 1420 1411 1840 1382 2470 1600 2038 1749 1962 1390 2619 1883 1643 1160 1576 1675 1761 1410 1400 1926 1779 1082
2015 1931 1419 1442 1847 1455 2504 1613 2009 1757 1925 1394 2605 1874 1661 1142 1602 1658 1817 1384 1422 1908 1762 1105
2007 1918 1432 1467 1886 1434 2529 1656 1971 1791 1909 1422 2615 1892 1692 1107 1636 1658 1782 1384 1409 1917 1757 1128
1995 1832 1415 1428 1915 1493 2525 1680 1981 1824 1944 1414 2619 1844 1718 1125 1610 1654 1778 1397 1413 1944 1771 1132
2015 1812 1440 1416 1936 1506 2480 1732 1922 1830 1902 1406 2624 1817 1732 1160 1645 1620 1752 1436 1479 1953 1744 1128
2040 1830 1414 1368 1893 1530 2500 1727 1910 1840 1917 1406 2637 1874 1754 1169 1658 1602 1723 1436 1405 1935 1766 1109
1995 1720 1467 1307 1914 1492 2474 1772 1909 1829 1933 1414 2655 1883 1705 1212 1649 1641 1671 1458 1409 1926 1788 1100
2011 1689 1468 1243 1911 1489 2469 1787 1900 1801 1898 1386 2633 1847 1696 1230 1614 1641 1645 1376 1448 1913 1771 1096
2007 1722 1474 1299 1853 1481 2465 1791 1916 1783 1839 1382 2660 1905 1745 1251 1688 1615 1654 1393 1431 1926 1762 1082
2019 1721 1458 1319 1840 1484 2465 1760 1953 1799 1852 1390 2701 1941 1763 1225 1701 1598 1680 1358 1417 1864 1788 1082
2023 1728 1466 1387 1865 1478 2436 1748 1960 1781 1828 1370 2696 1941 1736 1225 1666 1589 1650 1350 1457 1900 1780 1119
2027 1757 1445 1444 1843 1490 2404 1728 2002 1757 1808 1358 2696 1963 1776 1186 1645 1555 1658 1337 1440 1926 1749 1105
2023 1767 1502 1482 1839 1506 2400 1692 2000 1754 1852 1346 2705 1976 1776 1208 1662 1542 1714 1441 1444 1904 1766 1091
1999 1760 1507 1483 1825 1464 2417 1722 2008 1749 1857 1346 2715 1998 1741 1142 1605 1555 1714 1441 1440 1851 1753 1100
1959 1730 1502 1513 1816 1457 2396 1720 1945 1729 1856 1334 2687 1989 1758 1128 1601 1555 1731 1493 1431 1877 1727 1105
1971 1677 1520 1461 1858 1505 2384 1775 1923 1733 1893 1346 2751 1994 1741 1107 1618 1551 1753 1537 1409 1851 1704 1078
2019 1666 1516 1459 1875 1504 2421 1783 1869 1748 1917 1354 2737 1989 1736 1107 1614 1547 1744 1562 1405 1851 1758 1087
1987 1715 1527 1419 1765 1489 2498 1664 1914 1868 1887 1374 2665 1914 1741 1116 1619 1688 1731 1411 1435 1984 1851 1069
1983 1724 1547 1410 1806 1506 2489 1690 1960 1787 1925 1366 2624 1954 1745 1081 1645 1619 1714 1419 1426 1886 1784 1078
1991 1819 1511 1409 1752 1568 2538 1682 1980 1778 1937 1366 2624 1949 1763 1102 1671 1516 1753 1393 1426 1829 1807 1082
2011 1848 1524 1384 1777 1568 2534 1638 1942 1725 1898 1386 2596 1932 1780 1120 1723 1456 1753 1432 1243 1780 1873 1078
2023 1839 1465 1376 1835 1547 2476 1621 1962 1763 1839 1374 2555 1896 1798 1107 1688 1456 1753 1485 1252 1736 1766 1091
2044 1839 1424 1366 1857 1496 2485 1604 1973 1791 1881 1414 2601 1945 1798 1137 1701 1499 1753 1450 1256 1714 1766 1100
2048 1930 1414 1350 1794 1472 2502 1592 1947 1786 1926 1434 2660 1936 1820 1120 1688 1529 1689 1480 1234 1771 1753 1128
2044 1842 1454 1353 1782 1472 2454 1557 1927 1838 1914 1442 2660 1936 1816 1115 1670 1537 1693 1424 1238 1794 1739 1119
2036 1851 1416 1354 1817 1459 2471 1651 1948 1857 1937 1438 2737 1950 1741 1041 1632 1598 1684 1432 1383 1785 1753 1123
2019 1861 1433 1340 1800 1455 2488 1668 1936 1820 1969 1442 2787 2042 1763 1089 1671 1615 1693 1432 1383 1794 1775 1105
2003 1834 1453 1351 1779 1467 2487 1684 1877 1776 1871 1418 2828 2020 1741 1102 1684 1598 1684 1436 1369 1833 1771 1082
1987 1709 1471 1397 1783 1428 2496 1698 1894 1794 1812 1394 2806 2029 1683 1155 1662 1590 1744 1397 1378 1816 1797 1046
2007 1764 1419 1439 1849 1390 2603 1730 1901 1809 1815 1394 2819 2038 1679 1116 1619 1624 1736 1436 1404 1816 1788 1019
2015 1732 1442 1463 1839 1357 2596 1673 1885 1816 1785 1386 2774 2034 1754 1186 1653 1590 1778 1432 1348 1838 1748 1014
2040 1744 1439 1464 1804 1320 2563 1685 1930 1824 1819 1402 2751 1945 1696 1164 1710 1585 1702 1402 1400 1842 1722 1019
2052 1750 1482 1412 1813 1316 2546 1681 2000 1806 1935 1366 2696 1959 1692 1098 1692 1547 1719 1385 1422 1855 1691 1032
2076 1775 1523 1399 1851 1367 2533 1677 1947 1786 1916 1378 2683 1967 1674 1055 1727 1611 1723 1367 1497 1908 1691 1037
2064 1730 1553 1351 1843 1368 2404 1675 1927 1733 1951 1370 2678 1941 1701 1102 1770 1632 1732 1463 1484 1913 1713 1064
2072 1778 1552 1347 1837 1376 2394 1709 1944 1709 1983 1410 2678 1949 1736 1089 1757 1628 1689 1419 1549 1908 1722 1073
2023 1715 1544 1376 1860 1424 2415 1708 1930 1708 1942 1394 2687 2003 1811 1116 1683 1602 1718 1432 1505 1922 1735 1078
2032 1736 1497 1419 1889 1437 2449 1708 1905 1676 1879 1406 2683 2011 1794 1125 1705 1576 1706 1497 1518 1900 1806 1091
2019 1706 1452 1418 1888 1428 2465 1705 1984 1678 1873 1410 2696 1994 1851 1164 1679 1551 1719 1562 1479 1904 1846 1082
1995 1704 1438 1372 1874 1496 2511 1671 1978 1622 1817 1402 2683 2034 1811 1120 1662 1512 1697 1428 1509 1904 1829 1087
1979 1654 1447 1389 1884 1466 2462 1663 1978 1601 1892 1402 2705 1994 1754 1098 1593 1534 1753 1415 1487 1882 1846 1096
1995 1666 1468 1390 1925 1437 2449 1716 1962 1602 1912 1394 2724 1980 1679 1103 1601 1542 1791 1445 1479 1851 1842 1105
1983 1614 1485 1394 1922 1441 2372 1699 1962 1647 1850 1426 2774 1967 1696 1133 1606 1585 1842 1433 1470 1851 1829 1100
1975 1583 1439 1357 1941 1420 2401 1703 1887 1612 1883 1466 2783 1976 1710 1133 1614 1653 1817 1385 1426 1820 1851 1137
2007 1582 1466 1455 1941 1399 2410 1788 1911 1620 1977 1478 2806 1985 1732 1181 1614 1683 1834 1420 1348 1816 1887 1169
2019 1589 1441 1461 1885 1412 2434 1767 1911 1637 1880 1458 2815 1949 1749 1229 1683 1649 1774 1450 1361 1851 1860 1150
2023 1639 1382 1449 1835 1428 2419 1702 1865 1641 1853 1474 2792 1963 1754 1190 1683 1722 1834 1406 1313 1882 1891 1141
2027 1801 1436 1421 1971 1428 2359 1617 1879 1743 1938 1310 2719 1879 1824 1212 1614 1512 1748 1410 1430 1869 1718 1105
2036 1833 1424 1456 1948 1431 2363 1718 1919 1730 1901 1318 2710 1928 1833 1181 1601 1487 1748 1441 1465 1820 1713 1114
2003 1813 1410 1455 1890 1462 2396 1748 1924 1690 1866 1342 2692 1963 1794 1216 1610 1495 1787 1467 1435 1785 1682 1128
1991 1796 1427 1429 1909 1490 2442 1774 1934 1701 1850 1434 2683 1968 1838 1186 1623 1478 1843 1484 1470 1802 1651 1119
2023 1786 1410 1389 1955 1474 2438 1792 1973 1696 1867 1474 2669 1981 1758 1194 1619 1547 1719 1480 1426 1798 1664 1132
2007 1734 1497 1420 1924 1513 2483 1776 1989 1732 1922 1498 2687 1941 1780 1199 1671 1632 1744 1475 1470 1869 1682 1137
2027 1726 1521 1348 1868 1500 2575 1731 1916 1702 1940 1506 2692 1919 1811 1199 1693 1649 1770 1441 1461 1926 1696 1141
1999 1733 1543 1338 1851 1487 2546 1731 1932 1804 1952 1494 2701 1950 1776 1190 1719 1645 1723 1393 1431 1922 1736 1123
2003 1728 1513 1347 1797 1521 2517 1718 1946 1808 1900 1462 2696 2047 1754 1190 1705 1632 1611 1354 1382 1900 1753 1119
2011 1703 1565 1364 1811 1530 2457 1722 1963 1828 1909 1446 2724 2096 1776 1203 1744 1628 1641 1397 1422 1922 1758 1091
2027 1756 1450 1340 1795 1495 2457 1662 1950 1849 1845 1446 2674 2114 1758 1221 1714 1658 1594 1419 1382 1886 1776 1069
2015 1754 1429 1347 1865 1499 2357 1696 1981 1887 1849 1458 2665 2163 1705 1195 1679 1662 1513 1415 1400 1767 1749 1069
2032 1740 1465 1355 1849 1507 2440 1739 2003 1839 1870 1462 2669 2154 1736 1168 1666 1619 1547 1428 1409 1785 1722 1059
2060 1736 1447 1364 1900 1469 2440 1735 2031 1835 1973 1446 2674 2056 1763 1098 1623 1619 1585 1419 1448 1807 1762 1091
2056 1776 1397 1424 1880 1460 2503 1666 2017 1777 1955 1414 2646 2043 1758 1076 1588 1602 1620 1371 1448 1851 1749 1078
2064 1771 1435 1464 1866 1448 2482 1705 2054 1762 1959 1402 2683 2065 1749 1111 1553 1594 1671 1367 1505 1855 1775 1119
2052 1790 1418 1482 1849 1511 2457 1645 2055 1770 1919 1410 2705 2029 1776 1124 1627 1581 1658 1384 1470 1926 1806 1100
2040 1848 1393 1526 1831 1566 2370 1609 1975 1766 1845 1402 2705 2056 1767 1094 1636 1598 1671 1384 1488 1926 1748 1109
1963 1873 1461 1554 1870 1595 2375 1586 1976 1750 1843 1402 2760 2052 1727 1155 1675 1611 1684 1428 1461 1931 1744 1100
1951 1873 1500 1479 1918 1579 2338 1681 1987 1768 1876 1382 2756 2003 1802 1185 1679 1568 1710 1489 1439 1891 1753 1091
1938 1832 1466 1468 1884 1554 2331 1635 2012 1740 1911 1386 2737 1901 1886 1151 1749 1546 1718 1467 1361 1935 1762 1059
1967 1791 1467 1464 1926 1495 2412 1678 2051 1728 1936 1394 2719 1897 1824 1146 1749 1538 1800 1441 1383 1926 1757 1073
1967 1765 1510 1428 1901 1469 2474 1621 2069 1720 2001 1442 2705 1887 1829 1243 1710 1593 1774 1428 1400 1979 1833 1096
1995 1743 1479 1375 1908 1492 2466 1695 2050 1664 1929 1446 2651 1910 1877 1225 1736 1610 1791 1445 1409 1975 1828 1087
1938 1742 1514 1360 1830 1523 2454 1660 2045 1698 1885 1470 2665 1932 1829 1208 1762 1696 1791 1458 1400 1966 1842 1114
1947 1745 1554 1364 1873 1569 2531 1677 2000 1740 1916 1526 2674 1985 1741 1225 1723 1704 1774 1480 1378 1944 1855 1064
1918 1760 1557 1359 1836 1609 2487 1698 1988 1697 1934 1494 2678 2003 1732 1247 1671 1735 1761 1484 1378 1970 1878 1082
1930 1768 1464 1323 1967 1566 2471 1733 1968 1743 1919 1494 2724 2011 1763 1168 1710 1675 1774 1488 1408 1948 1882 1064
1898 1742 1444 1357 1925 1506 2503 1698 2006 1816 1989 1502 2769 1918 1643 1172 1692 1658 1795 1489 1395 1979 1900 1064
1942 1720 1423 1400 1911 1488 2469 1728 1981 1772 1994 1486 2792 1913 1599 1186 1662 1619 1765 1493 1356 1939 1833 1028
2007 1771 1358 1386 1844 1499 2231 1684 1924 1778 1936 1438 2651 1919 1802 1207 1709 1534 1739 1411 1440 1913 1855 1050
2019 1766 1359 1433 1840 1448 2308 1689 1923 1829 2006 1422 2651 1994 1824 1172 1735 1525 1804 1463 1405 1931 1855 1064
2011 1779 1375 1470 1815 1469 2372 1737 1854 1845 2008 1410 2705 1949 1829 1164 1696 1500 1753 1502 1405 1948 1851 1100
2032 1806 1494 1510 1823 1440 2381 1737 1910 1880 2058 1430 2687 1927 1816 1186 1705 1508 1740 1472 1405 2001 1837 1109
2052 1837 1526 1484 1823 1453 2409 1708 1945 1845 2074 1430 2696 1923 1811 1203 1688 1551 1731 1454 1392 2001 1824 1109
2064 1789 1530 1480 1831 1387 2446 1709 1960 1847 2039 1454 2687 1927 1842 1229 1675 1538 1723 1419 1405 1931 1842 1064
2040 1781 1511 1444 1881 1442 2403 1715 1940 1774 1986 1482 2660 1856 1736 1173 1657 1547 1697 1450 1396 1913 1846 1069
2032 1786 1505 1390 1910 1454 2402 1762 1989 1797 2015 1446 2596 1892 1732 1164 1671 1581 1701 1454 1374 1917 1850 1064
2003 1802 1429 1336 1907 1476 2398 1771 1955 1780 1993 1386 2628 1879 1780 1204 1658 1602 1774 1519 1409 1820 1806 1055
1975 1779 1419 1364 1868 1468 2402 1733 1945 1780 2010 1370 2633 1888 1789 1221 1688 1607 1779 1567 1413 1820 1802 1032
1955 1802 1443 1389 1847 1504 2441 1691 1985 1796 1956 1374 2624 1879 1811 1169 1688 1671 1779 1615 1400 1824 1748 1055
1971 1818 1442 1374 1871 1474 2449 1672 1972 1828 1939 1350 2651 1954 1891 1252 1662 1662 1779 1510 1405 1900 1704 1073
1979 1766 1456 1379 1849 1466 2428 1604 1937 1819 1834 1358 2669 1976 1948 1203 1671 1615 1800 1489 1413 1900 1758 1078
2015 1691 1490 1384 1805 1453 2444 1630 1900 1811 1856 1386 2637 2020 1904 1181 1654 1602 1740 1471 1431 1922 1802 1087
2003 1717 1567 1329 1845 1428 2478 1658 1968 1832 1824 1386 2624 2038 1869 1107 1632 1619 1757 1406 1422 1948 1860 1096
2032 1666 1531 1324 1874 1347 2527 1691 1931 1796 1836 1366 2642 2025 1780 1124 1636 1542 1757 1411 1422 1948 1820 1078
2032 1658 1529 1332 1788 1292 2568 1754 1972 1824 1789 1386 2655 1980 1794 1102 1675 1572 1752 1476 1426 1877 1878 1050
2040 1631 1549 1324 1747 1313 2561 1757 1968 1815 1832 1406 2660 1950 1736 1111 1684 1628 1727 1467 1435 1908 1789 1069
1975 1692 1502 1310 1799 1305 2578 1683 2012 1874 1832 1410 2683 1927 1741 1089 1688 1653 1744 1419 1422 1939 1727 1050
2011 1701 1437 1375 1794 1343 2533 1696 1977 1935 1841 1410 2660 1919 1771 1133 1675 1606 1693 1419 1409 1886 1718 1082
2011 1657 1433 1353 1799 1395 2479 1641 1989 1961 1811 1410 2651 1932 1851 1124 1666 1628 1757 1454 1466 1895 1740 1114
1987 1657 1431 1380 1837 1467 2483 1609 1953 1930 1916 1390 2642 1918 1816 1120 1614 1602 1740 1432 1509 1913 1718 1091
1983 1722 1422 1380 1894 1442 2505 1668 1970 1904 1937 1394 2646 1901 1798 1142 1597 1555 1765 1458 1483 1798 1767 1073
2056 1754 1506 1415 1872 1471 2480 1688 1952 1824 1974 1394 2678 1914 1794 1129 1588 1568 1756 1454 1527 1780 1789 1091
2027 1725 1500 1391 1847 1438 2491 1680 1915 1768 1938 1386 2687 1918 1776 1098 1653 1611 1804 1485 1566 1816 1771 1073
2015 1784 1505 1385 1838 1471 2463 1726 1924 1761 1990 1410 2687 1949 1745 1111 1684 1649 1740 1428 1531 1820 1806 1059
2015 1810 1523 1382 1852 1475 2431 1709 1936 1779 1921 1422 2642 1989 1710 1094 1753 1671 1757 1432 1579 1855 1820 1078
2015 1816 1528 1365 1853 1488 2430 1622 1952 1764 1909 1414 2619 2007 1736 1081 1723 1679 1709 1424 1610 1979 1815 1119
1987 1754 1469 1392 1882 1476 2417 1646 1963 1754 1870 1410 2533 2047 1794 1116 1697 1675 1675 1471 1570 1957 1784 1109
1999 1721 1491 1399 1887 1508 2422 1663 2009 1723 1916 1430 2560 2038 1829 1116 1628 1602 1735 1515 1561 1931 1788 1128
2007 1673 1471 1421 1880 1457 2422 1782 1858 1776 1905 1354 2751 2016 1732 1076 1544 1555 1723 1510 1391 1855 1758 1100
2040 1634 1485 1361 1878 1555 2426 1697 1879 1733 1897 1338 2769 1940 1683 1146 1562 1547 1727 1541 1457 1860 1775 1096
2060 1681 1490 1314 1912 1542 2443 1777 1887 1728 1890 1342 2751 1932 1665 1173 1571 1564 1697 1480 1457 1913 1793 1091
2076 1724 1510 1321 1803 1507 2443 1777 1891 1678 1882 1338 2692 1843 1745 1256 1579 1598 1688 1415 1453 1908 1767 1064
2032 1707 1488 1316 1785 1537 2398 1756 1921 1721 1865 1350 2705 1870 1741 1230 1605 1611 1727 1384 1487 1908 1704 1059
2040 1727 1467 1336 1788 1608 2418 1756 1996 1763 1863 1354 2715 1865 1714 1251 1671 1611 1752 1324 1422 1891 1726 1064
2048 1779 1423 1427 1786 1595 2459 1819 1979 1804 1860 1382 2678 1919 1741 1195 1709 1568 1718 1276 1430 1984 1713 1064
2044 1759 1439 1435 1695 1583 2475 1722 1987 1837 1854 1390 2687 1928 1776 1195 1683 1568 1727 1293 1430 1922 1726 1059
2027 1734 1416 1437 1766 1603 2497 1705 1994 1928 1864 1382 2696 2051 1736 1151 1666 1559 1731 1332 1443 1873 1748 1087
2011 1777 1425 1439 1780 1548 2501 1713 2046 1909 1877 1386 2696 2021 1736 1155 1636 1551 1693 1332 1369 1864 1775 1078
1975 1761 1401 1460 1801 1532 2476 1675 2007 1907 1909 1406 2655 2007 1732 1146 1575 1568 1697 1441 1382 1904 1695 1073
1955 1773 1429 1429 1832 1481 2424 1609 2042 1869 1908 1394 2719 2003 1741 1146 1575 1611 1710 1445 1369 1900 1735 1091
1975 1797 1388 1386 1886 1494 2415 1653 2038 1876 1973 1406 2715 2021 1723 1098 1606 1581 1740 1428 1343 1900 1766 1100
2007 1824 1407 1336 1862 1499 2418 1641 2055 1833 1932 1426 2696 1959 1763 1120 1610 1555 1710 1437 1295 2001 1757 1105
2011 1828 1443 1321 1861 1478 2435 1624 1961 1852 1948 1406 2687 1950 1771 1190 1610 1576 1735 1450 1370 2019 1762 1096
2068 1835 1457 1288 1818 1466 2485 1651 1916 1824 1931 1414 2715 1967 1749 1177 1701 1542 1770 1428 1431 1979 1837 1132
2096 1813 1473 1253 1797 1431 2516 1709 1873 1867 1967 1442 2705 1976 1754 1224 1714 1508 1804 1419 1405 1891 1842 1123
2076 1765 1462 1303 1796 1447 2449 1747 1894 1807 1931 1398 2710 1923 1718 1264 1705 1521 1774 1484 1409 1873 1819 1109
2044 1770 1428 1350 1812 1414 2448 1734 1840 1770 1936 1410 2701 1923 1661 1220 1723 1512 1834 1450 1435 1816 1771 1150
2056 1698 1432 1358 1808 1439 2419 1726 1895 1786 1956 1410 2646 1936 1661 1151 1731 1491 1881 1463 1405 1811 1850 1169
2027 1641 1442 1422 1848 1507 2336 1760 1955 1757 1953 1406 2642 1870 1701 1150 1714 1529 1838 1445 1427 1811 1797 1132
2007 1628 1465 1465 1923 1542 2307 1730 1951 1752 1948 1378 2610 1856 1710 1111 1688 1564 1825 1480 1413 1851 1752 1119
2015 1634 1521 1458 1924 1539 2370 1653 1935 1813 1892 1422 2624 1896 1710 1098 1697 1559 1821 1463 1422 1877 1735 1128
2011 1641 1534 1462 1913 1586 2303 1680 1900 1851 1903 1434 2646 1887 1745 1146 1667 1585 1782 1485 1413 1913 1775 1069
1995 1649 1559 1471 1891 1591 2328 1649 1882 1800 1874 1434 2705 1905 1758 1164 1675 1611 1740 1450 1418 1922 1730 1064
2007 1738 1559 1436 1805 1515 2303 1562 1887 1812 1886 1430 2705 1981 1767 1255 1627 1594 1727 1472 1356 1944 1802 1037
2015 1752 1515 1445 1750 1507 2303 1558 1883 1872 1860 1434 2724 1967 1754 1273 1632 1594 1748 1445 1378 1966 1877 1037
2007 1752 1505 1461 1766 1453 2274 1578 1871 1815 1888 1426 2696 1976 1754 1264 1632 1662 1731 1450 1365 2001 1864 1041
1987 1720 1501 1436 1729 1423 2365 1569 1980 1847 1914 1386 2696 2012 1745 1225 1606 1692 1740 1411 1435 2019 1833 1046
2007 1741 1502 1431 1718 1452 2420 1612 1948 1842 1905 1390 2696 1985 1732 1194 1623 1679 1722 1402 1431 2006 1869 1046
2072 1653 1369 1449 1830 1450 2361 1723 1869 1630 1908 1458 2728 1994 1780 1190 1653 1722 1791 1393 1365 1904 1829 1128
2088 1764 1399 1470 1806 1450 2324 1702 1905 1665 1897 1430 2669 1958 1758 1195 1657 1662 1804 1328 1391 1904 1775 1096
2064 1772 1330 1400 1826 1415 2330 1667 1926 1755 1857 1442 2651 1949 1754 1186 1710 1671 1800 1319 1383 1882 1735 1050
2032 1784 1366 1391 1861 1390 2346 1662 1926 1712 1888 1430 2605 2068 1767 1203 1692 1679 1804 1285 1357 1864 1735 1050
2044 1783 1360 1395 1895 1374 2345 1675 1981 1717 1911 1406 2605 2024 1767 1256 1688 1589 1735 1280 1414 1873 1740 1005
2040 1804 1352 1434 1931 1323 2436 1688 1957 1727 1915 1414 2619 1993 1771 1260 1744 1576 1727 1337 1392 1860 1784 1009
2032 1769 1378 1399 1937 1337 2460 1667 1928 1752 1906 1426 2660 2029 1776 1203 1740 1576 1757 1415 1387 1860 1780 1014
2027 1789 1450 1454 1938 1358 2391 1685 1930 1777 1894 1414 2692 2029 1794 1203 1705 1563 1744 1423 1448 1873 1780 1037
2076 1785 1438 1389 1955 1417 2349 1719 1976 1846 1901 1410 2692 1976 1776 1186 1671 1589 1748 1467 1466 1895 1762 1055
2068 1785 1477 1393 1941 1459 2391 1686 1927 1813 1859 1426 2692 2034 1763 1146 1667 1581 1748 1471 1470 1917 1744 1096
2023 1776 1493 1366 1901 1472 2371 1680 1948 1752 1909 1414 2715 2052 1780 1155 1632 1581 1744 1402 1426 1922 1753 1096
2011 1755 1444 1400 1924 1457 2342 1710 1955 1761 1906 1390 2710 2034 1789 1168 1619 1589 1710 1406 1391 1913 1753 1078
2027 1736 1434 1328 1945 1470 2374 1710 1951 1693 1911 1402 2692 2034 1749 1190 1593 1636 1710 1415 1400 1917 1775 1073
2019 1728 1462 1388 1933 1511 2404 1684 1934 1689 1876 1394 2701 2056 1745 1177 1610 1572 1710 1423 1387 1877 1801 1037
2056 1716 1496 1381 1929 1474 2371 1696 1979 1718 1911 1394 2715 2047 1741 1181 1571 1624 1723 1441 1391 1833 1801 1037
2052 1720 1466 1346 1909 1499 2435 1709 1963 1786 1891 1366 2687 2047 1714 1168 1562 1589 1723 1489 1439 1824 1753 1055
2032 1762 1535 1347 1867 1537 2464 1735 1979 1781 1909 1366 2665 2033 1710 1208 1553 1534 1714 1484 1470 1829 1753 1082
2007 1778 1573 1368 1882 1516 2459 1709 1966 1792 1954 1362 2660 2016 1701 1203 1549 1504 1718 1493 1465 1807 1780 1114
2007 1818 1508 1356 1860 1504 2434 1715 1930 1770 1941 1374 2665 1980 1718 1221 1558 1564 1701 1471 1479 1847 1820 1150
2015 1791 1492 1339 1893 1462 2487 1730 1938 1788 1951 1370 2660 1927 1714 1225 1566 1546 1680 1458 1501 1877 1838 1155
2015 1777 1480 1323 1903 1457 2465 1701 1959 1802 1923 1414 2651 1940 1714 1234 1593 1568 1680 1402 1466 1886 1874 1159
2040 1778 1464 1335 1903 1436 2406 1683 1926 1753 1911 1410 2692 1940 1723 1221 1571 1619 1697 1450 1488 1904 1851 1141
2052 1779 1398 1353 1869 1427 2449 1701 1917 1771 1865 1370 2696 1949 1763 1212 1610 1641 1705 1432 1501 1895 1798 1114
2048 1722 1452 1347 1895 1405 2487 1708 1945 1815 1880 1378 2674 1954 1749 1195 1506 1568 1735 1419 1501 1904 1762 1109
1995 1739 1497 1334 1859 1522 2488 1705 1963 1806 1866 1386 2687 2007 1754 1216 1554 1576 1744 1480 1483 1891 1762 1109
2015 1761 1523 1375 1884 1511 2442 1679 1958 1794 1871 1382 2733 1945 1749 1234 1532 1559 1774 1459 1492 1855 1740 1078
2007 1745 1503 1367 1866 1539 2456 1688 2026 1795 1875 1382 2715 1932 1763 1247 1558 1559 1800 1445 1461 1838 1757 1087
2015 1716 1524 1349 1899 1536 2422 1701 2047 1826 1871 1410 2715 1981 1758 1220 1597 1547 1770 1467 1448 1838 1691 1091
2011 1720 1496 1337 1891 1521 2405 1668 2017 1800 1880 1394 2724 1963 1767 1229 1705 1611 1774 1506 1474 1864 1704 1087
2019 1746 1455 1372 1886 1463 2368 1665 1997 1793 1884 1366 2696 1941 1785 1221 1701 1606 1757 1458 1444 1877 1700 1096
1971 1716 1524 1437 1886 1479 2497 1648 1947 1809 1911 1386 2710 2083 1688 1199 1706 1534 1761 1424 1374 1855 1851 1064
1995 1733 1509 1431 1869 1478 2506 1633 1937 1781 1907 1410 2715 2083 1745 1199 1762 1538 1770 1437 1440 1882 1833 1078
1999 1731 1474 1430 1865 1470 2473 1632 1927 1787 1912 1406 2724 2017 1714 1190 1749 1521 1735 1419 1475 1842 1820 1073
2027 1786 1509 1411 1841 1498 2486 1648 1951 1778 1932 1406 2710 2003 1723 1168 1767 1508 1761 1432 1449 1917 1780 1023
2056 1799 1505 1400 1837 1523 2496 1648 1999 1760 1924 1410 2674 1950 1732 1164 1701 1478 1680 1445 1427 1948 1744 1014
2044 1805 1484 1403 1808 1493 2484 1628 1987 1715 1921 1406 2678 1977 1771 1177 1693 1568 1675 1454 1444 1926 1718 1041
2036 1801 1480 1399 1795 1528 2425 1613 2017 1729 1890 1434 2669 1990 1816 1177 1714 1590 1654 1450 1414 1895 1700 1009
2023 1795 1510 1396 1812 1524 2500 1556 2029 1731 1907 1438 2687 2012 1833 1159 1718 1585 1718 1476 1405 1900 1713 1009
2007 1785 1508 1401 1831 1492 2475 1552 1981 1728 1890 1418 2687 2008 1820 1186 1688 1529 1710 1484 1435 1891 1753 1046
2015 1790 1499 1344 1843 1443 2441 1594 1966 1741 1900 1414 2687 2003 1816 1225 1688 1547 1770 1484 1496 1851 1758 987
2007 1717 1495 1324 1829 1422 2458 1627 1990 1803 1903 1438 2665 1949 1807 1207 1666 1529 1787 1493 1483 1864 1754 978
2011 1698 1463 1313 1845 1401 2457 1627 2019 1815 1902 1422 2687 1958 1732 1207 1631 1572 1770 1476 1479 1891 1780 1005
2027 1663 1437 1346 1874 1356 2421 1701 2011 1759 1865 1410 2655 1954 1723 1190 1666 1594 1727 1445 1439 1931 1798 1000
2023 1684 1413 1364 1858 1373 2429 1696 2029 1772 1874 1402 2665 1962 1710 1142 1657 1628 1710 1411 1453 1913 1797 1009
2007 1697 1402 1466 1833 1406 2479 1666 2029 1710 1814 1410 2678 1949 1749 1098 1662 1624 1697 1398 1400 1869 1833 1055
2011 1731 1401 1473 1880 1415 2465 1662 1996 1697 1835 1398 2737 1972 1741 1103 1740 1585 1718 1372 1374 1842 1842 1055
2011 1788 1434 1502 1893 1474 2478 1667 1947 1667 1861 1398 2746 1963 1754 1125 1744 1555 1731 1354 1405 1816 1855 1091
1999 1802 1437 1494 1837 1467 2447 1605 1954 1706 1879 1410 2751 1962 1780 1147 1727 1491 1740 1376 1422 1754 1846 1100
1967 1797 1426 1473 1871 1484 2470 1597 1945 1685 1863 1426 2792 1967 1789 1168 1745 1490 1757 1371 1400 1745 1828 1105
1975 1807 1467 1436 1896 1492 2431 1628 1920 1722 1928 1422 2806 2029 1749 1159 1766 1473 1735 1367 1387 1785 1779 1100
1991 1783 1461 1414 1871 1435 2497 1671 1949 1770 1916 1414 2806 2015 1758 1168 1727 1477 1727 1380 1426 1824 1762 1119
1995 1771 1469 1396 1875 1393 2519 1713 1945 1783 1937 1406 2783 2055 1758 1133 1688 1447 1748 1380 1431 1745 1753 1096
1995 1785 1417 1388 1883 1448 2524 1725 1941 1815 1911 1434 2783 2055 1758 1138 1679 1516 1723 1341 1440 1780 1748 1091
2015 1781 1447 1388 1883 1452 2523 1747 1989 1831 1939 1398 2751 2055 1758 1147 1658 1551 1727 1354 1457 1811 1753 1105
2032 1812 1480 1396 1853 1466 2532 1735 1999 1860 1903 1398 2724 2020 1754 1094 1623 1581 1740 1376 1461 1847 1775 1114
2015 1862 1518 1400 1845 1547 2478 1672 1969 1791 1904 1414 2683 1998 1749 1081 1610 1559 1761 1367 1453 1745 1766 1096
1967 1817 1520 1379 1824 1564 2461 1654 1973 1799 1880 1406 2701 1927 1741 1085 1653 1568 1740 1394 1413 1838 1722 1073
1967 1813 1590 1371 1846 1585 2461 1620 1965 1786 1897 1386 2710 1950 1714 1107 1644 1538 1791 1463 1427 1820 1726 1091
1955 1800 1552 1382 1829 1602 2445 1612 1968 1808 1888 1418 2733 1941 1736 1129 1696 1525 1804 1471 1400 1820 1735 1082
1963 1713 1523 1407 1864 1581 2420 1628 1958 1766 1908 1426 2728 1959 1758 1203 1705 1512 1872 1476 1418 1820 1735 1078
1959 1683 1496 1391 1881 1577 2394 1667 1979 1740 1925 1426 2733 1959 1771 1255 1701 1585 1842 1484 1409 1900 1753 1105
2011 1740 1474 1421 1897 1518 2381 1671 1987 1745 1912 1438 2742 1985 1811 1259 1718 1577 1842 1489 1440 1895 1766 1119
2032 1757 1439 1435 1872 1509 2360 1722 1998 1718 1992 1422 2715 1954 1820 1238 1692 1607 1795 1450 1440 1917 1806 1114
2052 1749 1495 1427 1877 1501 2340 1745 1943 1697 1985 1430 2687 1949 1811 1242 1649 1598 1770 1458 1426 1908 1802 1114
2040 1793 1457 1418 1847 1438 2353 1742 1948 1762 1972 1422 2705 1949 1816 1198 1649 1615 1697 1458 1431 1917 1784 1109
2048 1833 1486 1389 1842 1451 2366 1724 1956 1787 1955 1410 2701 1985 1838 1124 1619 1606 1680 1458 1422 1913 1789 1028
2068 1808 1489 1367 1875 1488 2324 1711 1979 1790 1964 1402 2678 2025 1807 1159 1567 1641 1684 1450 1396 1904 1816 1023
2048 1834 1453 1362 1913 1468 2365 1699 1916 1794 1905 1418 2687 2029 1754 1150 1493 1649 1714 1454 1383 1891 1829 996
2048 1854 1392 1350 1937 1459 2364 1667 1921 1807 1908 1422 2678 2038 1767 1146 1518 1692 1748 1437 1387 1895 1816 1009
2036 1902 1408 1317 1959 1464 2381 1659 1928 1790 1924 1402 2660 1940 1754 1146 1518 1645 1774 1437 1378 1855 1815 1023
2019 1887 1398 1398 1980 1439 2385 1638 1886 1796 1927 1378 2660 1856 1710 1181 1575 1640 1774 1510 1409 1802 1811 1037
1987 1884 1411 1366 1943 1418 2432 1621 1869 1788 1920 1378 2651 1870 1696 1138 1583 1615 1791 1528 1444 1763 1806 987
1991 1795 1452 1370 1917 1455 2423 1621 1945 1789 1900 1398 2665 1847 1736 1151 1666 1615 1753 1532 1448 1745 1717 987
1971 1776 1504 1386 1880 1427 2401 1618 1957 1776 1907 1362 2692 1847 1727 1085 1649 1546 1744 1562 1439 1749 1722 973
1971 1706 1484 1410 1884 1493 2393 1600 1955 1757 1885 1386 2705 1923 1732 1098 1658 1602 1740 1567 1435 1780 1726 978
1991 1701 1482 1403 1851 1485 2385 1629 1999 1771 1881 1418 2715 1994 1741 1129 1640 1632 1731 1519 1409 1829 1731 1023
1999 1690 1457 1417 1838 1480 2308 1624 1977 1813 1897 1426 2719 1852 1785 1142 1640 1619 1663 1493 1400 1882 1700 1082
1987 1751 1452 1397 1829 1427 2299 1636 1972 1829 1904 1398 2701 1897 1776 1129 1675 1611 1749 1476 1383 1900 1744 1100
2003 1639 1443 1388 1855 1455 2371 1635 1977 1830 1880 1410 2692 1910 1798 1220 1662 1645 1766 1454 1405 1904 1744 1100
2003 1661 1507 1396 1855 1455 2392 1651 1989 1836 1894 1398 2692 1888 1798 1260 1662 1615 1783 1432 1409 1900 1753 1082
2007 1502 1486 1374 1876 1455 2404 1634 1979 1837 1864 1398 2687 1901 1802 1242 1705 1594 1800 1389 1409 1900 1749 1073
1995 1523 1558 1391 1863 1475 2468 1652 2004 1816 1845 1402 2683 2012 1794 1229 1710 1521 1856 1384 1391 1842 1780 1073
2019 1523 1575 1417 1860 1496 2478 1652 2010 1794 1809 1410 2696 2101 1780 1282 1705 1508 1791 1389 1409 1860 1780 1059
2040 1686 1592 1402 1868 1504 2457 1652 1985 1778 1816 1410 2701 2087 1745 1264 1762 1495 1753 1380 1387 1877 1798 1055
2044 1678 1547 1382 1867 1521 2416 1655 1997 1788 1822 1410 2696 2105 1741 1251 1762 1491 1697 1410 1396 1860 1793 1059
2048 1804 1559 1411 1872 1550 2408 1664 1997 1784 1852 1410 2696 2092 1714 1207 1706 1482 1697 1397 1417 1838 1771 1059
2052 1793 1513 1403 1909 1529 2412 1663 1918 1789 1844 1374 2705 2065 1692 1155 1675 1542 1684 1432 1422 1891 1762 1032
2036 1810 1507 1410 1949 1516 2458 1647 1944 1765 1872 1362 2705 1954 1714 1107 1662 1512 1705 1454 1400 1895 1758 1050
2036 1784 1531 1378 1941 1466 2454 1646 1894 1750 1865 1358 2710 1932 1718 1124 1627 1547 1718 1423 1431 1873 1758 1055
2019 1803 1519 1394 1928 1436 2483 1656 1875 1745 1867 1370 2715 1945 1718 1151 1632 1551 1770 1406 1418 1900 1758 1046
2007 1708 1514 1388 1824 1401 2420 1652 2023 1776 1925 1450 2687 1980 1794 1120 1701 1628 1706 1411 1470 1847 1704 1087
1987 1718 1549 1360 1824 1413 2408 1678 2048 1784 1902 1434 2692 1989 1824 1085 1666 1658 1701 1406 1474 1838 1709 1019
1991 1711 1569 1369 1856 1454 2400 1631 2029 1811 1901 1414 2660 1989 1785 1064 1640 1670 1723 1411 1448 1851 1731 1014
1999 1740 1553 1347 1920 1479 2445 1627 1997 1816 1917 1406 2683 1989 1785 1046 1657 1572 1740 1398 1457 1891 1722 1059
1971 1811 1500 1388 1923 1525 2474 1652 1966 1837 1916 1410 2665 1989 1745 1186 1697 1538 1761 1415 1453 1895 1731 1055
1963 1790 1503 1439 1949 1550 2447 1659 1978 1890 1909 1410 2660 1985 1741 1208 1780 1542 1791 1441 1448 1926 1731 1064
1971 1793 1407 1477 1892 1501 2472 1690 1956 1877 1917 1430 2651 1967 1705 1221 1801 1495 1770 1450 1418 1970 1731 1164
1987 1806 1399 1490 1874 1476 2488 1696 1945 1825 1929 1458 2624 1963 1710 1234 1753 1508 1740 1484 1431 1948 1727 1155
1983 1825 1395 1525 1831 1493 2447 1696 1962 1761 1918 1410 2624 1918 1705 1269 1762 1564 1710 1519 1418 1922 1695 1132
2011 1804 1412 1442 1839 1426 2422 1713 1960 1732 1930 1386 2655 1984 1714 1242 1771 1546 1675 1471 1413 1939 1704 1028
2011 1782 1433 1414 1822 1417 2441 1697 1952 1716 1929 1374 2642 1985 1639 1168 1679 1512 1684 1450 1427 1917 1735 1019
2007 1782 1439 1396 1887 1421 2500 1646 1956 1737 1935 1338 2665 1975 1670 1186 1679 1534 1675 1493 1440 1908 1726 987
1995 1752 1406 1366 1872 1404 2549 1691 1991 1766 1927 1326 2696 1940 1696 1173 1727 1512 1706 1467 1418 1917 1713 996
1991 1766 1394 1426 1885 1404 2557 1658 1987 1834 1942 1362 2696 2002 1705 1159 1653 1534 1744 1441 1400 1873 1722 969
1987 1747 1377 1444 1853 1486 2562 1603 2011 1866 1902 1370 2715 1940 1705 1129 1622 1504 1808 1506 1422 1855 1700 1105
1951 1796 1333 1420 1879 1474 2578 1623 1956 1831 1927 1346 2746 1918 1785 1181 1644 1534 1856 1528 1369 1900 1722 1091
1951 1805 1406 1392 1905 1491 2474 1648 1948 1846 1912 1346 2742 1940 1811 1168 1618 1573 1886 1541 1422 1882 1731 1132
1963 1841 1488 1355 1934 1553 2404 1623 1920 1836 1900 1362 2733 1931 1714 1168 1662 1594 1886 1519 1430 1877 1771 1128
1983 1827 1467 1331 1972 1541 2455 1638 1908 1829 1887 1370 2737 1967 1741 1181 1675 1607 1839 1493 1448 1926 1784 1137
1967 1834 1494 1359 1995 1517 2446 1633 1889 1856 1929 1370 2733 2002 1767 1164 1714 1645 1843 1445 1422 1922 1771 1091
1995 1834 1509 1363 1973 1522 2471 1574 1979 1897 1916 1406 2751 1985 1829 1094 1636 1650 1774 1449 1492 1891 1718 1096
1987 1808 1479 1388 1993 1554 2520 1517 1992 1826 1900 1430 2733 1918 1807 1045 1658 1641 1761 1397 1369 1970 1726 1082
1971 1779 1454 1426 1955 1488 2483 1492 1922 1793 1868 1438 2756 1914 1908 1050 1593 1637 1727 1367 1369 1966 1708 1082
1963 1767 1497 1390 1949 1556 2445 1525 1908 1805 1825 1422 2765 1932 1917 1050 1558 1624 1783 1384 1374 1935 1646 1064
1979 1714 1523 1439 1959 1559 2432 1541 1910 1782 1825 1430 2751 1870 1913 1076 1540 1654 1740 1350 1391 1917 1694 1109
1991 1713 1547 1443 1981 1505 2388 1596 1868 1770 1838 1434 2715 1910 1873 1133 1618 1667 1740 1372 1348 1895 1717 1123
2011 1707 1559 1443 1934 1501 2363 1607 1880 1778 1839 1410 2742 1950 1886 1203 1610 1666 1710 1407 1365 1873 1717 1105
2036 1663 1524 1435 1915 1538 2406 1616 1930 1836 1886 1390 2746 1972 1877 1207 1601 1675 1706 1459 1378 1877 1712 1105
2023 1645 1521 1446 1927 1536 2386 1578 1971 1809 1942 1426 2724 1919 1833 1194 1640 1670 1693 1467 1391 1966 1757 1123
2048 1715 1464 1394 1970 1533 2382 1629 1963 1798 1924 1434 2719 1989 1789 1212 1648 1645 1633 1519 1396 1988 1740 1082
1959 1783 1430 1474 1968 1456 2305 1481 1864 1764 1811 1406 2715 1985 1807 1125 1705 1504 1787 1488 1444 1926 1705 1169
1951 1677 1420 1432 1992 1401 2305 1371 1855 1848 1761 1402 2710 1985 1749 1195 1710 1525 1782 1423 1439 1913 1687 1155
1930 1767 1472 1426 2004 1448 2333 1388 1888 1839 1771 1406 2710 1972 1767 1181 1731 1525 1778 1406 1435 1939 1757 1150
1999 1828 1486 1483 1930 1419 2358 1381 1899 1877 1773 1398 2705 2008 1749 1134 1718 1530 1731 1376 1457 1917 1770 1114
2023 1801 1528 1514 1893 1401 2474 1440 1919 1899 1834 1382 2701 1972 1749 1186 1697 1602 1744 1428 1470 1935 1757 1159
2011 1812 1516 1461 1867 1447 2486 1513 1908 1933 1871 1382 2724 1999 1745 1125 1749 1602 1744 1449 1475 1895 1744 1137
2015 1797 1517 1482 1881 1513 2523 1642 1923 1840 1929 1370 2733 2012 1727 1099 1727 1611 1718 1489 1470 1891 1753 1182
2019 1698 1463 1492 1873 1481 2548 1672 1892 1823 1936 1382 2728 1999 1710 1107 1723 1611 1735 1493 1466 1904 1784 1200
2023 1654 1455 1430 1903 1468 2536 1688 1861 1768 1954 1386 2746 1945 1727 1155 1732 1607 1748 1501 1453 1908 1771 1100
1995 1648 1472 1410 1924 1461 2503 1700 1859 1767 1961 1398 2742 1950 1657 1133 1753 1538 1787 1432 1422 1847 1851 1041
1991 1636 1472 1423 1927 1481 2516 1669 1940 1690 1927 1410 2719 1919 1679 1159 1818 1521 1821 1441 1418 1886 1952 1064
1983 1670 1456 1397 1970 1490 2387 1696 1925 1706 1918 1398 2724 1896 1630 1186 1814 1508 1842 1449 1435 1891 1952 1050
1983 1757 1455 1384 1982 1480 2350 1686 1948 1708 1903 1422 2724 1927 1595 1216 1766 1534 1821 1475 1409 1882 1930 1032
1991 1758 1438 1380 1972 1531 2329 1723 2013 1725 1916 1458 2705 1936 1612 1203 1774 1512 1800 1449 1378 1904 1877 1082
2003 1811 1459 1397 1960 1551 2316 1731 2037 1743 1872 1442 2696 1936 1665 1203 1744 1551 1774 1484 1431 1957 1802 1087
2019 1816 1462 1388 1965 1484 2295 1718 1992 1792 1861 1442 2705 1923 1679 1221 1597 1573 1748 1475 1418 1944 1731 1078
2015 1815 1457 1402 1915 1472 2379 1682 1983 1776 1883 1458 2724 1971 1754 1216 1610 1581 1727 1454 1409 1953 1735 1014
2023 1753 1465 1417 1898 1504 2379 1644 2021 1791 1881 1434 2701 2016 1789 1203 1606 1572 1740 1427 1439 1913 1718 1028
1999 1762 1488 1439 1894 1474 2388 1621 2065 1813 1872 1382 2737 2016 1802 1177 1584 1577 1740 1436 1470 1847 1780 1009
1979 1754 1475 1431 1897 1436 2364 1579 2039 1796 1869 1390 2742 2021 1824 1194 1597 1589 1740 1445 1404 1820 1775 1000
1975 1700 1484 1448 1837 1423 2368 1573 2047 1723 1866 1386 2733 2043 1754 1190 1662 1594 1736 1467 1391 1820 1744 996
1930 1705 1493 1463 1833 1399 2426 1566 2035 1739 1901 1394 2719 2021 1763 1133 1653 1606 1723 1471 1422 1816 1749 1050
1882 1724 1470 1456 1838 1400 2380 1543 1941 1715 1940 1374 2733 1949 1683 1116 1666 1581 1680 1475 1492 1886 1762 1050
1878 1718 1486 1389 1900 1455 2355 1513 1902 1657 1941 1374 2696 1958 1635 1116 1670 1585 1706 1484 1474 1939 1806 1055
1906 1672 1470 1374 1888 1447 2425 1566 1902 1693 2031 1386 2715 1914 1643 1111 1640 1598 1697 1454 1514 1939 1775 1055
1906 1738 1460 1364 1939 1489 2426 1607 1889 1768 2036 1390 2715 1918 1683 1089 1597 1585 1718 1463 1514 1877 1846 1064
1963 1751 1460 1319 1960 1497 2273 1615 1931 1730 1990 1410 2665 1927 1701 1142 1619 1611 1723 1528 1457 1851 1828 1064
2007 1746 1490 1322 1946 1496 2277 1603 2002 1735 1972 1430 2674 1914 1754 1168 1623 1619 1731 1545 1370 1838 1806 1059
2032 1734 1443 1359 1822 1491 2286 1656 2010 1740 1955 1422 2705 1923 1802 1186 1597 1628 1740 1580 1383 1829 1726 1123
2023 1755 1492 1364 1834 1521 2248 1617 2020 1700 1899 1414 2696 1981 1802 1181 1597 1624 1753 1593 1422 1807 1690 1123
1999 1783 1450 1393 1886 1470 2405 1691 1970 1718 1903 1374 2637 1980 1802 1247 1705 1671 1722 1510 1431 1900 1713 1091
2011 1771 1418 1423 1869 1462 2421 1683 1954 1716 1891 1374 2655 2007 1785 1172 1679 1649 1675 1419 1462 1855 1740 1069
2040 1795 1423 1440 1836 1438 2433 1686 1946 1676 1908 1346 2642 1954 1767 1185 1588 1606 1748 1428 1466 1895 1802 1078
2060 1805 1448 1441 1905 1470 2466 1660 1906 1658 1887 1362 2633 1950 1807 1172 1614 1585 1722 1358 1470 1882 1842 1069
2060 1804 1478 1413 1875 1450 2498 1648 1902 1676 1883 1394 2624 1976 1824 1164 1602 1590 1761 1358 1479 1824 1851 1059
2064 1747 1487 1382 1880 1445 2532 1649 1945 1725 1880 1382 2646 2021 1847 1094 1588 1555 1787 1380 1444 1838 1820 1064
2088 1724 1526 1341 1909 1445 2540 1640 1937 1751 1886 1374 2633 1976 1780 1173 1627 1628 1808 1398 1439 1913 1797 1069
2060 1702 1548 1314 1919 1533 2564 1625 1923 1748 1877 1378 2642 1972 1794 1199 1649 1684 1774 1367 1426 1895 1793 1055
2040 1678 1591 1331 1862 1483 2568 1723 1963 1757 1875 1362 2665 1994 1749 1181 1636 1709 1791 1411 1396 1851 1740 1050
2048 1679 1546 1364 1892 1463 2527 1721 1972 1751 1877 1354 2678 1958 1771 1177 1627 1718 1795 1389 1396 1895 1749 1046
2052 1683 1542 1342 1870 1447 2527 1701 1959 1725 1841 1350 2674 1941 1723 1142 1619 1705 1782 1363 1413 1926 1807 1041
2027 1679 1540 1430 1828 1426 2532 1675 1943 1698 1861 1350 2678 1967 1789 1155 1610 1658 1821 1393 1400 1886 1816 1046
2027 1693 1488 1492 1806 1350 2494 1671 1956 1706 1908 1378 2687 1972 1820 1203 1580 1649 1821 1397 1435 1886 1811 1050
2003 1711 1457 1468 1802 1404 2449 1618 1981 1731 1915 1370 2687 1918 1807 1173 1614 1641 1813 1402 1418 1895 1838 1055
1991 1693 1481 1405 1810 1367 2453 1583 2004 1700 1896 1402 2696 1932 1820 1164 1623 1624 1791 1393 1435 1904 1842 1091
1991 1665 1451 1441 1852 1392 2396 1599 1993 1743 1899 1406 2705 1883 1842 1277 1614 1654 1791 1406 1444 1833 1806 1091
1995 1702 1456 1370 1882 1366 2375 1637 1997 1789 1878 1402 2701 1883 1824 1255 1623 1619 1761 1402 1444 1851 1820 1096
1995 1713 1482 1300 1911 1433 2392 1633 1998 1748 1853 1406 2687 1865 1785 1194 1688 1589 1748 1385 1383 1855 1815 1109
2023 1733 1461 1343 1924 1404 2405 1632 2006 1735 1878 1386 2678 1936 1763 1203 1662 1615 1740 1385 1396 1869 1806 1059
2019 1733 1451 1375 1924 1473 2379 1679 1977 1764 1885 1358 2665 1910 1732 1221 1666 1615 1761 1385 1382 1847 1784 1019
2015 1756 1481 1331 1877 1469 2412 1705 1977 1747 1940 1374 2655 1949 1732 1168 1675 1594 1778 1345 1391 1877 1779 1019
1987 1688 1489 1331 1873 1470 2437 1713 1990 1732 1935 1366 2674 1963 1718 1159 1609 1572 1752 1332 1391 1891 1766 1019
1975 1667 1498 1322 1860 1441 2466 1756 2015 1747 1915 1342 2683 1985 1723 1159 1557 1577 1757 1350 1404 1882 1766 1019
1971 1679 1488 1322 1869 1470 2458 1749 1970 1712 1895 1382 2692 1958 1749 1212 1527 1499 1757 1359 1422 1891 1740 1019
1971 1696 1481 1393 1874 1484 2516 1778 1974 1655 1917 1386 2701 2016 1745 1234 1470 1508 1752 1376 1426 1891 1731 1009
1959 1721 1468 1436 1886 1492 2516 1762 1978 1594 1895 1370 2728 2012 1741 1229 1483 1512 1752 1359 1365 1829 1713 1046
1963 1743 1480 1455 1920 1508 2561 1753 1956 1626 1900 1354 2692 1990 1710 1229 1505 1547 1761 1372 1330 1816 1731 1028
1975 1780 1498 1460 1912 1513 2527 1736 1935 1647 1920 1370 2696 2038 1732 1243 1549 1546 1778 1398 1321 1847 1717 1019
1975 1731 1495 1469 1869 1479 2528 1732 1947 1688 1911 1386 2701 2052 1741 1225 1588 1611 1757 1393 1313 1767 1744 1069
1947 1709 1507 1440 1882 1454 2511 1671 1935 1745 1919 1386 2724 2065 1710 1203 1723 1615 1783 1376 1321 1767 1797 1109
2003 1811 1518 1319 1936 1411 2487 1647 1887 1726 1884 1362 2719 1949 1723 1151 1653 1555 1744 1380 1400 1913 1771 1046
2011 1829 1518 1340 1924 1319 2482 1664 1853 1683 1914 1390 2705 1958 1745 1212 1636 1559 1770 1406 1396 1904 1771 1069
2003 1806 1513 1312 1910 1319 2461 1661 1808 1723 1947 1414 2701 1994 1718 1230 1649 1534 1765 1389 1391 1891 1771 1059
2023 1804 1475 1347 1914 1341 2453 1649 1909 1750 1956 1430 2701 1985 1714 1190 1636 1512 1774 1402 1361 1816 1749 1064
2036 1759 1471 1325 1919 1349 2469 1645 1912 1737 1966 1418 2696 1985 1692 1134 1623 1491 1757 1420 1348 1776 1758 1087
2044 1728 1480 1406 1898 1320 2465 1657 1871 1796 1941 1422 2678 2003 1696 1186 1606 1448 1804 1467 1365 1824 1789 1096
2048 1707 1467 1350 1869 1441 2473 1641 1985 1790 1942 1426 2696 1976 1639 1221 1666 1465 1778 1450 1322 1824 1740 1087
2052 1700 1466 1358 1865 1459 2419 1652 1979 1793 1911 1402 2683 1909 1665 1190 1618 1491 1774 1445 1339 1763 1744 1087
2036 1690 1451 1367 1860 1500 2415 1677 1925 1776 1904 1402 2678 1993 1683 1151 1610 1508 1804 1493 1357 1820 1757 1073
2036 1709 1484 1376 1877 1500 2387 1664 1912 1780 1874 1374 2674 1980 1683 1160 1618 1546 1817 1528 1400 1838 1740 1064
2027 1740 1480 1318 1918 1500 2370 1695 1924 1727 1914 1382 2715 1949 1688 1111 1614 1598 1804 1519 1405 1816 1717 1055
2015 1727 1502 1292 1959 1501 2338 1661 1944 1767 1898 1382 2715 1918 1727 1063 1623 1589 1817 1476 1448 1780 1762 1055
2023 1738 1508 1305 1951 1495 2380 1682 1948 1770 1925 1398 2705 1922 1723 1072 1645 1615 1808 1476 1470 1864 1771 1055
1999 1706 1512 1334 1918 1516 2372 1669 1959 1778 1935 1398 2705 1865 1710 1168 1640 1598 1795 1458 1431 1864 1793 1005
1938 1724 1475 1342 1894 1460 2347 1685 1964 1765 1955 1394 2733 1936 1763 1190 1662 1589 1808 1432 1382 1851 1793 991
1942 1724 1451 1320 1886 1490 2372 1650 1986 1765 1920 1394 2710 1927 1771 1225 1662 1564 1795 1436 1334 1847 1775 987
1938 1717 1401 1393 1844 1465 2376 1678 1948 1764 1919 1402 2696 2011 1802 1221 1667 1568 1800 1458 1308 1900 1775 932
1938 1726 1382 1380 1853 1470 2358 1657 1936 1757 1908 1398 2696 2065 1811 1282 1662 1577 1847 1471 1300 1908 1784 937
1955 1788 1400 1355 1882 1349 2386 1662 1948 1714 1891 1386 2696 2047 1798 1234 1658 1559 1808 1480 1339 1913 1740 1000
1995 1768 1399 1356 1872 1405 2403 1683 1940 1743 1892 1438 2669 1985 1763 1234 1619 1534 1795 1489 1357 1944 1735 1019
1999 1781 1421 1438 1860 1412 2424 1700 1936 1766 1893 1430 2646 1981 1732 1216 1606 1555 1795 1458 1400 1922 1762 1019
2011 1796 1462 1416 2040 1433 2436 1668 1936 1749 1851 1422 2660 1967 1683 1225 1601 1538 1791 1467 1422 1886 1735 1073
2007 1773 1476 1437 2032 1412 2477 1669 1877 1745 1845 1406 2665 1950 1683 1159 1658 1529 1791 1480 1435 1877 1708 1005
1987 1721 1463 1389 2002 1446 2469 1623 1895 1792 1876 1422 2646 1954 1723 1185 1649 1542 1808 1458 1453 1824 1731 996
2003 1714 1484 1383 2027 1405 2476 1648 1887 1791 1896 1410 2646 1945 1736 1177 1653 1572 1787 1428 1453 1802 1775 996
1995 1714 1503 1352 2020 1396 2460 1624 1895 1782 1891 1418 2646 1985 1754 1177 1671 1585 1795 1485 1444 1802 1753 1005
1991 1723 1481 1368 1848 1380 2456 1631 1891 1791 1954 1434 2633 1985 1767 1194 1675 1564 1808 1480 1466 1802 1753 1005
1979 1746 1468 1360 1844 1376 2428 1676 2009 1800 1947 1454 2669 1998 1798 1229 1679 1555 1761 1437 1475 1771 1735 1073
1991 1743 1484 1379 1858 1392 2420 1723 1994 1796 1934 1442 2674 1985 1776 1199 1701 1585 1744 1458 1466 1833 1762 1078
1995 1696 1521 1383 1833 1388 2434 1656 2040 1772 1909 1446 2665 1994 1785 1116 1696 1628 1757 1450 1466 1842 1717 1078
2040 1698 1437 1397 1948 1536 2381 1651 1971 1765 1922 1430 2719 1980 1758 1212 1601 1615 1654 1493 1400 1992 1735 1069
2036 1709 1412 1415 1940 1528 2427 1692 1964 1832 1938 1434 2660 1976 1741 1155 1631 1658 1594 1515 1457 1935 1722 1059
1999 1757 1443 1396 1980 1524 2450 1692 2001 1767 1977 1430 2655 1985 1736 1133 1666 1641 1607 1515 1457 1957 1735 1059
1955 1727 1475 1369 2031 1440 2466 1680 2008 1799 1938 1398 2660 1953 1727 1111 1701 1636 1603 1506 1426 1855 1762 1064
1914 1675 1475 1354 1972 1420 2494 1617 1998 1812 1906 1398 2669 1914 1749 1085 1666 1611 1654 1511 1466 1847 1762 1050
1906 1683 1438 1382 1976 1394 2498 1605 2013 1815 1931 1406 2665 1932 1710 1098 1671 1619 1650 1524 1483 1860 1740 1046
1902 1625 1485 1383 1985 1365 2532 1605 2009 1780 1914 1402 2724 1980 1705 1098 1653 1559 1748 1458 1457 1847 1775 1046
1902 1666 1468 1434 1973 1356 2511 1600 1992 1739 1864 1414 2705 1989 1582 1111 1627 1564 1765 1454 1453 1820 1789 1055
1959 1680 1471 1457 1826 1365 2577 1688 1980 1703 1901 1434 2705 2007 1612 1146 1605 1559 1783 1450 1440 1882 1677 1091
1853 1690 1492 1459 1856 1399 2573 1730 2006 1686 1961 1426 2774 2007 1652 1159 1623 1675 1813 1445 1431 1891 1664 1105
1870 1703 1518 1440 1844 1449 2565 1722 1994 1584 1930 1394 2769 2065 1617 1151 1718 1723 1774 1423 1426 1873 1704 1114
1890 1770 1510 1436 1866 1470 2417 1709 1989 1499 1921 1422 2765 2025 1612 1203 1709 1680 1799 1428 1444 1895 1699 1123
1906 1699 1514 1421 1861 1475 2454 1710 1922 1590 1935 1426 2824 2029 1727 1203 1736 1650 1791 1436 1461 1860 1659 1109
1890 1717 1498 1422 1911 1487 2401 1653 1912 1601 1953 1422 2701 2056 1745 1195 1740 1650 1739 1445 1492 1838 1793 1069
1999 1709 1485 1478 1939 1458 2349 1631 1900 1619 1954 1414 2646 2043 1648 1190 1735 1620 1722 1463 1479 1820 1833 1073
1991 1706 1486 1486 1976 1445 2370 1570 1895 1726 1922 1406 2655 1959 1701 1256 1671 1586 1770 1506 1474 1824 1780 1069
1971 1668 1474 1448 1950 1501 2345 1579 1878 1831 1979 1386 2655 1954 1710 1238 1692 1654 1761 1497 1492 1771 1789 1059
1967 1733 1493 1486 1954 1480 2317 1607 1882 1823 1997 1374 2610 1932 1714 1191 1675 1697 1753 1519 1479 1816 1789 1009
1975 1764 1428 1506 1929 1425 2308 1599 1959 1816 1952 1370 2715 1892 1661 1160 1627 1710 1770 1493 1409 1842 1775 1000
1995 1798 1411 1452 1910 1429 2372 1645 1959 1758 1935 1378 2696 1922 1758 1112 1619 1632 1787 1467 1387 1873 1744 1000
2003 1784 1406 1432 1876 1438 2348 1701 1933 1796 1956 1406 2696 1945 1736 1060 1662 1649 1783 1466 1378 1935 1775 1005
2019 1827 1399 1462 1889 1391 2347 1706 1945 1762 1931 1402 2696 1852 1732 1046 1636 1649 1740 1462 1356 1904 1757 1014
2032 1826 1381 1489 1894 1399 2313 1648 2027 1714 1952 1386 2710 1847 1771 1094 1610 1641 1753 1449 1383 1904 1775 1096
2032 1883 1446 1477 1916 1424 2350 1645 1956 1735 1882 1390 2719 1914 1820 1055 1667 1658 1739 1471 1579 1864 1793 1091
2019 1885 1467 1387 1940 1457 2318 1594 1885 1817 1859 1394 2719 1897 1798 1072 1619 1671 1731 1475 1570 1851 1820 1082
1987 1880 1510 1408 1953 1474 2338 1646 1904 1777 1848 1438 2787 1954 1794 1041 1524 1632 1727 1441 1504 1789 1824 969
1991 1954 1546 1454 1924 1471 2441 1640 1909 1803 1822 1446 2787 2034 1864 993 1528 1598 1757 1480 1509 1895 1825 969
1995 1892 1541 1351 1911 1459 2445 1657 1855 1843 1771 1458 2778 2074 1811 989 1589 1590 1757 1480 1491 1864 1745 937
1930 1801 1528 1371 1969 1510 2387 1646 1805 1831 1838 1454 2778 2029 1776 1064 1589 1568 1817 1506 1360 1900 1714 1050
1922 1790 1463 1447 1955 1502 2309 1588 1869 1797 1808 1458 2787 2056 1767 1059 1662 1521 1791 1506 1369 1900 1714 1055
2027 1747 1500 1333 1850 1480 2222 1604 1996 1713 1886 1426 2710 1981 1811 1194 1636 1619 1723 1585 1431 1824 1628 1169
2007 1716 1512 1342 1860 1531 2301 1613 1956 1764 1913 1406 2760 1923 1802 1173 1601 1598 1757 1489 1444 1842 1629 1155
2007 1713 1508 1362 1868 1536 2401 1682 1935 1779 1884 1406 2746 2008 1763 1164 1605 1619 1812 1450 1470 1789 1607 1150
1999 1719 1571 1366 1899 1502 2417 1659 1914 1796 1918 1418 2746 2021 1780 1186 1649 1619 1817 1415 1483 1776 1602 1078
2003 1755 1464 1367 1899 1452 2501 1706 1916 1833 1912 1426 2751 2052 1771 1177 1675 1671 1799 1419 1431 1811 1655 1128
1991 1771 1461 1367 1851 1477 2539 1723 1965 1842 1909 1414 2746 2109 1741 1155 1649 1670 1795 1376 1431 1847 1659 1100
1999 1798 1457 1436 1829 1430 2595 1702 2000 1797 1877 1398 2724 2171 1732 1203 1636 1640 1804 1402 1466 1816 1721 1096
1999 1797 1453 1410 1869 1405 2570 1676 2009 1786 1907 1382 2746 2087 1789 1212 1606 1641 1778 1393 1461 1873 1774 1100
1983 1804 1413 1422 1885 1413 2561 1646 2043 1811 1888 1390 2733 2087 1754 1221 1541 1615 1752 1432 1431 1886 1805 1128
1983 1772 1496 1413 1940 1441 2539 1671 2054 1800 1881 1366 2728 2016 1723 1221 1549 1598 1761 1389 1440 1908 1819 1096
1999 1762 1507 1425 1972 1449 2509 1671 2002 1790 1854 1358 2756 1963 1771 1229 1554 1607 1748 1406 1439 1917 1846 1096
1999 1686 1496 1399 1976 1461 2450 1693 2000 1815 1882 1350 2751 1887 1776 1199 1575 1538 1744 1432 1413 1966 1833 1105
2015 1738 1504 1338 1927 1441 2425 1659 2010 1835 1847 1362 2733 1861 1771 1199 1614 1508 1795 1393 1383 1975 1815 1109
2023 1763 1494 1370 1961 1411 2438 1680 1989 1801 1826 1354 2710 1861 1763 1159 1666 1529 1834 1371 1418 1961 1797 1109
2007 1743 1507 1392 1902 1394 2397 1637 1978 1800 1843 1366 2701 1892 1807 1164 1670 1538 1808 1389 1461 1944 1793 1087
1975 1700 1470 1388 1912 1376 2443 1620 2005 1817 1886 1382 2669 1937 1776 1146 1662 1517 1817 1423 1488 1931 1784 1064
1983 1753 1483 1415 1912 1389 2438 1582 1992 1809 1874 1390 2665 2007 1763 1107 1601 1577 1817 1441 1510 1922 1766 1087
1967 1614 1475 1511 1953 1444 2438 1637 1984 1854 1969 1394 2701 2051 1767 1076 1584 1611 1787 1484 1514 1904 1784 1087
1971 1646 1475 1475 1915 1448 2437 1600 1992 1848 1979 1406 2705 2082 1829 1102 1536 1615 1735 1484 1461 1935 1855 1078
1983 1666 1436 1435 1912 1499 2436 1559 1947 1856 1977 1426 2705 2073 1811 1085 1488 1530 1761 1489 1405 1931 1842 1050
2011 1686 1467 1493 1924 1461 2436 1551 1981 1831 1982 1414 2696 2056 1816 1116 1545 1560 1804 1449 1391 1966 1850 1041
2023 1703 1449 1432 1898 1453 2420 1580 1977 1822 2006 1426 2705 2060 1776 1164 1662 1538 1795 1419 1426 1948 1842 1037
2036 1787 1455 1402 1882 1431 2387 1550 1972 1786 1937 1426 2678 2100 1816 1186 1679 1517 1709 1423 1439 1931 1824 1032
2027 1749 1467 1428 1861 1420 2388 1588 1968 1832 1948 1426 2724 2069 1771 1164 1740 1500 1735 1419 1470 1917 1784 1023
2048 1766 1471 1480 1898 1399 2362 1603 2010 1850 1933 1410 2710 2074 1763 1203 1766 1594 1722 1419 1505 1891 1788 1069
2015 1762 1461 1422 1872 1408 2316 1628 1939 1873 1935 1430 2737 2109 1718 1208 1718 1577 1748 1432 1479 1860 1797 1064
2007 1785 1448 1419 1869 1404 2357 1607 1944 1890 1895 1434 2778 2118 1771 1194 1697 1607 1739 1415 1418 1829 1779 1046
1995 1810 1410 1423 1856 1367 2386 1608 1939 1856 1906 1430 2792 2074 1727 1229 1710 1594 1804 1454 1435 1838 1797 1069
1995 1818 1424 1405 1872 1374 2369 1564 1971 1819 1890 1434 2742 2069 1718 1251 1653 1598 1855 1450 1444 1842 1753 1082
1951 1804 1459 1380 1877 1370 2399 1569 1974 1797 1935 1458 2801 2056 1710 1229 1636 1521 1812 1402 1422 1833 1757 1087
2003 1815 1531 1378 1857 1562 2491 1625 1964 1688 1916 1410 2710 2083 1820 1181 1766 1542 1748 1445 1374 1939 1664 1096
2007 1781 1538 1435 1894 1532 2503 1663 1988 1718 1907 1422 2728 2069 1780 1225 1762 1572 1744 1450 1356 1922 1744 1087
2068 1802 1464 1448 1907 1511 2491 1689 1962 1757 1913 1446 2742 2060 1763 1242 1710 1615 1753 1450 1374 1939 1726 1105
2068 1804 1445 1473 1916 1465 2487 1731 1953 1776 1893 1430 2737 1998 1767 1238 1705 1641 1735 1445 1409 1944 1762 1128
2068 1850 1448 1456 1968 1414 2438 1696 2004 1777 1875 1438 2724 1971 1741 1286 1640 1580 1748 1463 1400 2006 1784 1105
2040 1800 1477 1444 1983 1409 2464 1708 1970 1791 1881 1434 2746 1949 1732 1242 1631 1555 1748 1384 1409 1988 1793 1100
2036 1842 1473 1408 2008 1371 2455 1700 1958 1762 1888 1406 2692 2020 1714 1216 1636 1542 1778 1367 1391 1948 1789 1146
1995 1780 1541 1416 2000 1387 2450 1612 1950 1728 1882 1390 2674 2025 1727 1225 1662 1482 1791 1371 1378 1895 1797 1137
2007 1767 1531 1413 1987 1371 2413 1536 1972 1765 1916 1422 2665 2060 1741 1264 1705 1473 1778 1345 1387 1891 1793 1073
2015 1735 1494 1435 2003 1331 2404 1533 1930 1816 1954 1434 2674 2074 1741 1216 1710 1461 1796 1332 1387 1820 1744 1064
1987 1782 1508 1471 1998 1318 2357 1528 1935 1883 1950 1450 2665 2038 1723 1216 1692 1482 1774 1406 1396 1807 1726 1078
1991 1743 1504 1438 1973 1361 2344 1441 1922 1859 1926 1470 2724 1984 1763 1216 1653 1477 1744 1424 1396 1811 1663 1041
1975 1779 1446 1443 1972 1370 2366 1508 1921 1845 1945 1462 2728 1985 1749 1194 1640 1482 1727 1411 1365 1855 1650 1046
1979 1770 1476 1461 1989 1390 2392 1476 1921 1819 1924 1438 2733 1980 1741 1129 1601 1559 1731 1389 1387 1873 1677 1109
1991 1819 1524 1443 1989 1434 2395 1484 1890 1771 1883 1426 2769 1963 1780 1137 1614 1692 1748 1393 1392 1864 1704 1100
2019 1809 1512 1435 2022 1434 2391 1477 1915 1688 1907 1406 2765 1989 1820 1129 1653 1658 1761 1406 1387 1882 1690 1091
2023 1796 1517 1432 2036 1451 2411 1532 1896 1723 1915 1386 2737 1980 1847 1142 1688 1606 1761 1389 1431 1891 1766 1096
2032 1754 1506 1443 1992 1443 2382 1567 1926 1755 1880 1378 2756 1994 1802 1159 1684 1662 1804 1423 1443 1922 1766 1082
2007 1787 1477 1383 1974 1456 2349 1623 1945 1719 1886 1378 2742 1985 1789 1190 1714 1636 1800 1488 1426 1891 1722 1055
1999 1763 1488 1355 1962 1474 2353 1580 1957 1731 1934 1386 2705 2011 1763 1146 1718 1550 1779 1501 1395 1904 1735 1078
2007 1773 1472 1384 1923 1453 2374 1587 1930 1777 1946 1382 2705 1998 1741 1151 1670 1572 1804 1501 1382 1926 1798 1078
2007 1762 1465 1383 1883 1432 2396 1631 1940 1768 1937 1362 2696 2011 1688 1133 1688 1594 1817 1497 1338 1926 1825 1041
2015 1791 1481 1379 1946 1398 2434 1604 1972 1750 1977 1374 2683 2011 1745 1142 1696 1538 1821 1410 1369 1869 1807 1041
2032 1750 1481 1407 1941 1390 2467 1590 1984 1795 1976 1350 2705 1998 1763 1107 1636 1512 1825 1397 1343 1900 1838 1041
2023 1724 1464 1436 1938 1339 2456 1645 1959 1779 1951 1334 2710 1980 1749 1159 1662 1546 1830 1345 1387 1926 1829 1055
2019 1625 1448 1332 1938 1387 2428 1592 1971 1766 1963 1350 2701 1980 1745 1198 1697 1516 1812 1345 1400 1926 1767 1055
2007 1616 1468 1320 1943 1390 2393 1540 1992 1722 2006 1386 2719 1918 1780 1207 1684 1542 1855 1367 1400 1931 1735 1078
1991 1607 1471 1311 1934 1408 2389 1536 1957 1757 1982 1382 2724 1874 1794 1181 1675 1547 1834 1415 1405 1939 1788 1082
1971 1624 1477 1287 1964 1403 2390 1587 1910 1754 1990 1414 2737 1905 1771 1199 1749 1555 1842 1423 1431 1944 1833 1105
1975 1633 1448 1284 1967 1409 2401 1610 1931 1740 2003 1434 2719 1906 1732 1146 1688 1525 1804 1467 1374 1922 1824 1055
1999 1731 1461 1398 1961 1259 2370 1650 1831 1845 1889 1378 2746 1993 1767 1081 1640 1628 1718 1436 1343 1931 1788 1109
1991 1743 1454 1402 2007 1332 2342 1713 1823 1857 1885 1390 2742 2002 1758 1098 1697 1628 1766 1475 1383 1922 1780 1105
2011 1713 1451 1384 1974 1275 2356 1713 1858 1839 1911 1394 2724 2007 1785 1103 1662 1619 1714 1471 1400 1922 1766 1096
2019 1712 1469 1405 1991 1308 2351 1689 1890 1870 1890 1418 2715 1980 1749 1168 1640 1632 1761 1479 1409 1926 1766 1091
2015 1656 1481 1405 1964 1457 2385 1681 1859 1833 1862 1422 2715 1967 1732 1247 1592 1641 1765 1527 1444 1944 1784 1091
2019 1690 1472 1375 1972 1440 2351 1655 2020 1800 1881 1442 2692 1927 1745 1264 1609 1611 1765 1501 1466 1917 1811 1046
2015 1678 1455 1355 1921 1412 2351 1577 2024 1795 1916 1446 2674 1896 1794 1277 1596 1632 1765 1493 1444 1917 1784 1064
1995 1732 1459 1364 1937 1450 2350 1565 2006 1817 1900 1442 2701 1923 1771 1242 1636 1641 1783 1493 1413 1917 1780 1064
1995 1777 1477 1352 1945 1447 2375 1594 2002 1802 1887 1410 2701 1958 1807 1216 1666 1636 1778 1506 1457 1900 1797 1064
1983 1816 1508 1279 1896 1417 2345 1611 2005 1821 1916 1438 2692 1998 1838 1181 1718 1628 1778 1467 1439 1847 1784 1055
1963 1806 1512 1304 1847 1450 2379 1637 1973 1797 1914 1402 2715 2029 1816 1181 1718 1628 1800 1462 1466 1869 1744 1087
1967 1731 1550 1343 1868 1450 2371 1659 1957 1763 1905 1390 2705 2060 1794 1164 1679 1555 1774 1480 1479 1873 1779 1064
1959 1712 1578 1319 1890 1485 2388 1675 1901 1722 1914 1390 2705 2043 1789 1199 1670 1564 1762 1458 1501 1851 1788 1059
1947 1676 1542 1349 1899 1380 2356 1654 1884 1726 1930 1390 2692 2074 1763 1177 1640 1551 1774 1449 1453 1851 1775 1055
1967 1685 1494 1443 1949 1369 2365 1629 1882 1719 1935 1370 2696 2092 1754 1159 1640 1555 1753 1462 1444 1900 1771 1037
1991 1637 1489 1464 1991 1343 2377 1620 1886 1766 1927 1398 2701 2056 1763 1146 1649 1559 1749 1462 1391 1917 1766 1046
1987 1699 1463 1444 1993 1295 2355 1608 1920 1779 1926 1414 2724 2061 1789 1124 1653 1576 1761 1480 1339 1855 1753 1050
1987 1694 1418 1457 1972 1252 2351 1588 1976 1778 1932 1422 2692 2038 1780 1111 1653 1555 1783 1471 1335 1877 1749 1028
2007 1669 1435 1443 1954 1361 2367 1600 1998 1777 1960 1434 2737 2060 1758 1137 1645 1551 1804 1480 1343 1877 1740 1046
2011 1657 1449 1404 1962 1393 2416 1604 1998 1799 1926 1426 2737 2055 1723 1142 1623 1534 1800 1488 1396 1869 1753 1059
2040 1699 1466 1322 1912 1389 2358 1657 2026 1772 1951 1434 2733 2060 1732 1146 1675 1542 1813 1488 1413 1829 1757 1064
2044 1728 1471 1285 1926 1442 2388 1632 2038 1697 1955 1430 2746 2029 1692 1172 1693 1568 1821 1484 1418 1877 1775 1064
2068 1648 1497 1296 1934 1459 2376 1665 2055 1702 1938 1442 2833 2060 1692 1137 1658 1555 1787 1480 1439 1891 1722 1091
2056 1660 1484 1308 1964 1425 2408 1695 1936 1685 1947 1438 2783 2029 1718 1107 1658 1572 1744 1488 1479 1829 1717 1082
2048 1688 1472 1266 1960 1400 2368 1712 1937 1664 1961 1454 2778 1989 1749 1103 1784 1577 1731 1484 1470 1855 1735 1082
2015 1694 1463 1318 1968 1421 2417 1683 1913 1702 1940 1474 2778 2007 1745 1107 1745 1598 1710 1454 1470 1869 1735 1037
2015 1687 1497 1291 1951 1408 2421 1738 1914 1783 1928 1446 2765 1940 1749 1107 1723 1585 1701 1441 1483 1855 1709 1046
1983 1694 1483 1412 1977 1428 2387 1665 1981 1688 1888 1382 2760 2002 1758 1107 1688 1637 1804 1467 1392 1882 1758 1023
2015 1707 1456 1408 2007 1484 2379 1684 1973 1765 1896 1394 2760 2011 1749 1155 1680 1641 1778 1497 1427 1931 1736 1005
2052 1715 1419 1361 1995 1501 2384 1672 1960 1759 1879 1402 2760 1998 1732 1160 1675 1624 1766 1471 1383 1966 1754 996
2040 1719 1419 1364 2003 1517 2397 1656 2040 1642 1879 1398 2728 1985 1710 1168 1684 1598 1778 1432 1378 1939 1802 1046
2044 1689 1431 1291 1957 1574 2388 1660 2027 1600 1892 1354 2728 2007 1749 1173 1693 1551 1783 1419 1409 1957 1816 1059
2044 1728 1455 1259 1953 1550 2384 1626 1985 1584 1913 1330 2719 1967 1692 1177 1688 1542 1808 1415 1339 1939 1802 1032
1999 1687 1478 1250 1898 1550 2350 1625 1989 1563 1904 1330 2705 1994 1674 1177 1671 1538 1804 1385 1335 1953 1824 1028
1967 1713 1457 1251 1927 1524 2370 1671 2009 1619 1948 1334 2710 1998 1705 1177 1684 1555 1800 1415 1348 1948 1784 1037
1979 1729 1461 1246 1902 1486 2379 1695 1932 1729 1953 1382 2728 1998 1745 1199 1649 1542 1800 1488 1369 1922 1717 1041
1951 1765 1445 1308 1911 1371 2401 1692 1921 1738 1944 1454 2728 1981 1736 1221 1628 1551 1795 1484 1387 1988 1695 1032
1947 1759 1423 1353 1911 1407 2409 1704 2017 1759 1938 1478 2769 1990 1776 1247 1606 1564 1761 1488 1444 1970 1704 1046
1983 1810 1416 1358 1906 1415 2447 1722 2009 1803 1946 1490 2783 1976 1785 1242 1527 1555 1812 1475 1426 1961 1704 1005
1991 1810 1430 1337 1897 1352 2439 1677 2021 1778 1919 1494 2778 1994 1767 1256 1510 1564 1838 1480 1444 1957 1696 1005
1991 1793 1419 1346 1918 1365 2434 1648 2051 1785 1947 1466 2769 2016 1745 1208 1558 1568 1791 1410 1430 1992 1740 1005
2007 1780 1415 1354 1909 1415 2450 1631 2067 1815 1951 1426 2792 2011 1736 1195 1566 1594 1795 1415 1453 1913 1775 1023
2007 1794 1454 1358 1900 1408 2450 1618 1983 1774 1956 1402 2778 1958 1696 1164 1566 1568 1812 1449 1453 1882 1797 1023
1995 1784 1455 1355 1897 1375 2446 1580 2020 1803 1948 1398 2751 1976 1745 1199 1645 1577 1778 1454 1418 1869 1775 1114
1991 1796 1475 1415 1914 1426 2437 1584 2006 1777 1962 1406 2751 1940 1767 1203 1671 1542 1761 1384 1414 1851 1771 1087
1991 1805 1482 1414 1902 1447 2399 1635 2008 1817 1947 1434 2737 1909 1727 1168 1666 1572 1791 1406 1418 1829 1757 1100
2007 1802 1503 1435 1897 1448 2404 1652 1989 1787 1921 1438 2701 1896 1727 1173 1679 1560 1770 1393 1396 1802 1744 1096
2015 1781 1464 1476 1890 1430 2357 1657 1967 1818 1917 1450 2701 1945 1789 1221 1684 1543 1782 1380 1396 1802 1629 1078
2007 1705 1478 1506 1932 1450 2394 1674 1939 1802 1927 1458 2724 1949 1780 1173 1684 1543 1770 1376 1431 1811 1634 1028
2007 1705 1501 1484 1923 1418 2407 1678 1926 1810 1916 1434 2715 1954 1745 1173 1645 1555 1778 1484 1431 1820 1643 1050
2019 1687 1492 1493 1915 1409 2416 1668 1959 1774 1905 1398 2724 1976 1776 1251 1649 1564 1782 1501 1435 1882 1660 1028
2015 1690 1475 1552 1940 1417 2358 1664 1956 1800 1935 1414 2746 2007 1745 1229 1632 1611 1817 1497 1448 1900 1643 978
2007 1679 1475 1568 1974 1409 2383 1655 1988 1811 1931 1418 2742 1936 1718 1181 1592 1615 1800 1484 1396 1904 1780 1014
2036 1768 1487 1545 1931 1422 2366 1659 1944 1794 1932 1418 2737 1927 1727 1212 1610 1658 1800 1501 1392 1864 1762 1032
2027 1744 1469 1517 1931 1487 2346 1684 1957 1799 1932 1414 2715 1958 1705 1190 1627 1718 1804 1441 1409 1864 1748 991
2015 1740 1403 1505 1922 1487 2392 1675 1866 1803 1912 1430 2715 1918 1714 1138 1640 1731 1800 1424 1405 1833 1735 1005
2003 1752 1434 1458 1910 1445 2429 1640 1896 1845 1887 1418 2733 1869 1741 1138 1640 1727 1774 1463 1392 1851 1753 1132
2011 1751 1446 1402 1918 1335 2441 1665 1821 1833 1842 1410 2751 1936 1763 1151 1684 1813 1774 1467 1435 1851 1708 1105
1987 1727 1402 1373 1948 1322 2441 1664 1859 1846 1813 1418 2728 1936 1727 1103 1675 1774 1765 1441 1435 1882 1669 1128
1987 1656 1389 1403 1944 1297 2487 1649 1870 1864 1824 1426 2756 1918 1736 1107 1679 1693 1752 1502 1413 1891 1691 1146
1983 1789 1506 1350 1984 1457 2352 1745 2013 1784 1992 1442 2715 1963 1705 1212 1593 1800 1757 1488 1492 1886 1740 1100
1979 1777 1510 1388 1920 1452 2307 1758 2008 1803 2047 1450 2710 2012 1727 1295 1588 1761 1834 1506 1474 1869 1722 1137
1979 1777 1488 1425 1899 1457 2323 1751 1952 1824 1984 1446 2692 1976 1736 1234 1610 1671 1817 1506 1470 1771 1691 1146
1963 1693 1511 1406 1910 1469 2360 1736 2065 1821 1950 1410 2683 1994 1763 1207 1562 1693 1851 1488 1487 1723 1731 1105
1975 1721 1498 1376 1910 1452 2381 1706 2018 1846 1955 1338 2692 2003 1776 1234 1566 1705 1868 1497 1465 1727 1727 1096
1979 1754 1490 1413 1862 1444 2409 1693 2022 1849 1948 1354 2674 2029 1811 1216 1566 1547 1762 1532 1422 1714 1744 1100
1983 1758 1468 1394 1878 1457 2426 1714 2024 1832 1882 1330 2683 2092 1789 1172 1597 1551 1693 1484 1405 1714 1726 1059
1967 1753 1517 1385 1916 1440 2477 1722 2006 1810 1907 1334 2687 2092 1771 1151 1610 1547 1719 1476 1383 1794 1780 1055
1963 1796 1501 1422 1862 1465 2448 1708 1776 1828 1948 1326 2701 2088 1789 1159 1675 1530 1710 1493 1314 1842 1735 1064
1955 1767 1500 1457 1858 1410 2431 1708 1822 1807 1943 1386 2692 2057 1807 1151 1662 1543 1701 1515 1296 1833 1753 1100
1975 1734 1528 1494 1840 1402 2431 1697 1822 1870 1959 1282 2710 2102 1824 1155 1666 1577 1778 1488 1283 1842 1802 1109
1975 1731 1557 1494 1861 1398 2472 1659 1814 1871 1955 1306 2719 2012 1820 1151 1666 1581 1770 1553 1291 1824 1824 1100
1975 1731 1479 1486 1871 1406 2417 1638 1816 1894 1946 1290 2728 2030 1789 1177 1658 1577 1744 1545 1296 1829 1806 1128
1967 1714 1504 1486 1901 1381 2476 1669 1926 1896 1958 1278 2751 2043 1776 1216 1658 1538 1710 1514 1348 1811 1807 1232
1967 1701 1500 1468 1866 1466 2504 1653 1907 1901 1965 1290 2746 2008 1758 1190 1653 1517 1680 1488 1348 1811 1807 1196
1963 1701 1494 1408 1907 1479 2475 1721 1846 1814 1891 1402 2733 1950 1736 1208 1671 1517 1701 1484 1391 1824 1766 1187
1951 1747 1494 1408 1924 1508 2434 1744 1851 1782 1903 1386 2765 1967 1741 1247 1658 1504 1705 1471 1391 1860 1727 1314
1975 1738 1521 1404 1906 1520 2446 1769 1888 1760 1936 1422 2778 2016 1807 1225 1701 1512 1624 1454 1391 1877 1704 1273
1991 1759 1521 1395 1922 1529 2453 1757 1874 1726 1912 1354 2760 2012 1794 1168 1679 1589 1616 1484 1391 1926 1718 1182
2003 1771 1525 1416 1927 1516 2448 1765 1851 1744 1947 1350 2756 2096 1816 1177 1680 1636 1663 1549 1396 1917 1718 1287
1991 1763 1496 1405 1935 1508 2424 1692 1915 1751 1984 1326 2765 2096 1811 1172 1649 1636 1646 1527 1387 1877 1722 1323
2015 1766 1493 1435 1922 1487 2462 1656 1915 1696 1888 1254 2737 2087 1745 1138 1667 1756 1646 1493 1361 1855 1704 1182
2007 1734 1505 1456 1948 1531 2453 1635 1902 1688 1843 1330 2733 2060 1688 1151 1623 1743 1740 1545 1365 1895 1722 1205
2023 1739 1484 1396 1905 1507 2364 1660 1847 1672 1747 1402 2719 2034 1727 1159 1640 1782 1774 1549 1365 1873 1713 1205
2019 1748 1506 1393 1927 1494 2356 1698 1879 1653 1676 1426 2683 2003 1723 1138 1653 1739 1787 1502 1383 1886 1718 1023
2015 1791 1485 1406 1966 1506 2398 1699 1839 1674 1692 1442 2628 2021 1780 1134 1666 1731 1804 1510 1378 1926 1731 996
1995 1715 1479 1363 1962 1519 2418 1712 1770 1753 1783 1518 2605 2066 1838 1107 1688 1676 1847 1480 1400 1975 1788 1014
2007 1755 1385 1342 1956 1399 2388 1762 1841 1736 1780 1418 2683 2035 1895 1116 1705 1667 1851 1471 1405 1935 1788 1009
1987 1718 1354 1364 1965 1411 2392 1749 1944 1740 1871 1334 2715 2097 1869 1081 1727 1590 1791 1480 1505 1900 1806 982
2003 1735 1302 1350 1972 1428 2417 1676 1965 1772 1883 1294 2746 2092 1891 1094 1723 1581 1787 1454 1505 1917 1828 1046
1979 1822 1482 1389 1877 1445 2476 1569 2006 1802 1939 1438 2783 1941 1767 1229 1649 1517 1761 1415 1457 1842 1731 1096
1987 1827 1515 1388 1906 1407 2464 1602 2027 1801 1946 1430 2792 1901 1767 1234 1610 1444 1752 1432 1422 1842 1744 1119
1975 1801 1552 1388 1899 1419 2473 1623 2011 1810 1939 1442 2778 1923 1723 1208 1575 1474 1761 1398 1439 1811 1686 1123
1983 1774 1522 1350 1936 1436 2477 1667 1959 1845 1985 1418 2778 1914 1802 1186 1575 1495 1722 1350 1470 1798 1713 1119
1999 1732 1495 1382 1931 1452 2469 1688 1938 1858 1940 1402 2715 1932 1807 1208 1645 1542 1778 1424 1500 1855 1691 1091
2019 1789 1504 1386 1948 1373 2397 1679 1934 1818 1931 1398 2733 1994 1794 1234 1662 1589 1765 1419 1465 1807 1691 1109
2003 1783 1430 1403 1948 1415 2397 1663 1895 1814 1940 1422 2705 2012 1842 1264 1671 1692 1735 1441 1487 1877 1700 1082
1991 1805 1451 1416 2005 1466 2393 1667 1879 1827 1962 1418 2710 2016 1838 1273 1667 1675 1731 1467 1430 1913 1722 1055
1999 1806 1473 1404 2004 1526 2385 1689 1928 1767 1927 1426 2710 1990 1780 1256 1688 1679 1748 1519 1417 1913 1726 1050
2019 1837 1427 1406 1982 1490 2368 1670 1944 1756 1949 1442 2724 1954 1749 1265 1653 1645 1744 1497 1383 1908 1753 1046
1987 1777 1401 1359 1972 1535 2372 1662 1924 1803 1995 1450 2733 1950 1758 1208 1636 1590 1714 1476 1378 1944 1714 1041
1995 1720 1430 1355 1965 1539 2363 1670 1915 1781 1996 1430 2719 1928 1749 1177 1632 1555 1800 1476 1404 1935 1691 1037
2007 1703 1425 1345 1936 1535 2396 1670 1956 1729 1970 1414 2683 1910 1807 1151 1666 1547 1791 1445 1439 1939 1731 1023
1983 1667 1424 1395 1906 1459 2428 1653 1911 1778 1970 1410 2696 1874 1789 1190 1666 1530 1761 1441 1430 1961 1700 1069
1967 1666 1486 1366 1883 1486 2511 1664 1910 1760 1970 1398 2701 1910 1820 1155 1671 1512 1800 1454 1413 1931 1669 1100
1975 1691 1491 1404 1909 1470 2506 1648 1910 1713 1928 1398 2674 1963 1860 1164 1667 1508 1843 1428 1431 1935 1731 1073
1975 1691 1525 1400 1888 1481 2548 1629 1889 1723 1932 1390 2674 1950 1824 1168 1688 1525 1783 1398 1418 1869 1700 1082
1967 1696 1497 1380 1856 1460 2497 1599 1873 1784 2023 1402 2733 1949 1838 1150 1641 1547 1847 1424 1461 1794 1660 1078
1955 1726 1480 1366 1861 1477 2498 1598 1882 1776 2032 1418 2746 2002 1847 1129 1662 1568 1847 1406 1413 1776 1757 1046
1987 1742 1480 1361 1889 1511 2453 1594 1862 1774 2040 1446 2774 1949 1877 1185 1667 1594 1795 1423 1444 1811 1801 1037
1987 1734 1466 1365 1844 1545 2470 1572 1858 1792 2063 1454 2774 1900 1855 1212 1671 1590 1761 1436 1448 1802 1828 1055
1959 1780 1424 1353 1839 1512 2445 1579 1878 1772 2083 1474 2756 1910 1851 1220 1710 1577 1770 1454 1439 1820 1859 1078
1967 1762 1477 1352 1839 1521 2467 1601 1898 1766 1979 1462 2733 1914 1816 1229 1744 1581 1740 1445 1370 1891 1912 1041
2003 1761 1478 1374 1860 1492 2486 1593 1897 1745 1951 1438 2705 1892 1758 1238 1740 1542 1753 1424 1422 1838 1868 1000
1991 1728 1461 1357 1864 1470 2470 1584 1905 1749 1933 1446 2710 1936 1714 1181 1714 1560 1731 1411 1444 1833 1819 1000
1979 1699 1495 1379 1914 1466 2458 1614 1949 1814 1871 1434 2696 1941 1683 1177 1697 1572 1778 1420 1440 1816 1797 996
1999 1730 1508 1386 1931 1505 2439 1614 1949 1846 1863 1418 2710 1954 1714 1146 1649 1568 1770 1402 1466 1864 1704 991
1999 1752 1519 1403 1930 1480 2438 1614 1955 1816 1884 1438 2710 1967 1732 1150 1666 1542 1735 1415 1466 1882 1708 1037
1991 1769 1551 1378 1930 1543 2426 1578 1943 1782 1914 1458 2724 2034 1785 1168 1662 1513 1748 1445 1405 1931 1637 1073
1971 1777 1561 1395 1873 1574 2467 1620 1956 1779 1907 1410 2696 2052 1816 1150 1740 1508 1761 1424 1374 1908 1669 1096
1942 1708 1407 1405 1962 1377 2446 1610 1940 1733 1988 1442 2719 1950 1749 1129 1688 1534 1761 1389 1365 1882 1851 1055
1947 1738 1367 1422 1965 1382 2446 1627 1901 1798 1967 1422 2719 1954 1723 1142 1675 1504 1693 1389 1378 1886 1842 1064
1967 1765 1384 1362 1969 1411 2412 1623 1880 1727 1985 1442 2701 2016 1688 1146 1679 1547 1701 1432 1400 1904 1797 1055
1975 1804 1374 1403 1953 1428 2378 1658 1936 1726 1960 1454 2701 1989 1718 1138 1627 1547 1744 1445 1383 1877 1735 1032
1967 1818 1374 1448 1949 1492 2366 1632 1948 1730 1966 1466 2760 1998 1802 1194 1627 1568 1766 1424 1370 1886 1744 1055
1987 1808 1381 1350 1949 1520 2358 1691 1966 1737 1945 1454 2774 1958 1785 1142 1631 1611 1800 1384 1339 1931 1739 1064
1995 1804 1431 1366 1983 1507 2337 1632 1984 1707 1898 1462 2783 1985 1811 1172 1640 1637 1817 1393 1343 1931 1713 1064
1975 1830 1414 1397 1954 1537 2360 1665 2026 1787 1855 1446 2806 1950 1860 1177 1645 1624 1774 1332 1299 1908 1709 1028
1979 1799 1427 1355 1942 1524 2373 1606 2010 1783 1903 1426 2792 1985 1838 1164 1684 1615 1761 1301 1347 1935 1736 1046
1987 1786 1440 1304 1955 1477 2389 1588 1976 1809 1886 1422 2751 1981 1802 1142 1697 1594 1825 1319 1413 1935 1784 1050
1991 1751 1462 1337 1955 1477 2385 1576 1981 1783 1906 1438 2792 2016 1798 1151 1705 1572 1847 1384 1475 1931 1802 1041
1991 1735 1436 1307 1926 1494 2405 1644 1985 1792 1966 1454 2783 2012 1776 1125 1727 1568 1842 1371 1466 1931 1828 1046
1995 1766 1436 1328 1976 1481 2457 1683 1977 1758 1969 1458 2769 1994 1710 1129 1757 1564 1838 1410 1461 1988 1841 1091
1983 1745 1427 1321 1993 1490 2444 1737 1914 1735 1922 1478 2774 2020 1674 1150 1748 1581 1825 1424 1435 1992 1832 1100
1983 1753 1426 1359 1964 1506 2457 1741 1956 1747 1927 1458 2756 2047 1714 1115 1779 1598 1821 1450 1422 1984 1779 1073
1999 1798 1416 1359 1977 1498 2471 1728 1909 1782 1931 1438 2692 1976 1727 1164 1753 1593 1808 1471 1383 1970 1762 1069
1991 1808 1438 1372 1982 1498 2475 1702 1908 1833 1918 1430 2683 1980 1745 1142 1670 1585 1825 1480 1383 2001 1788 1064
1995 1719 1448 1360 1969 1435 2405 1621 1854 1867 1884 1402 2651 1972 1776 1155 1609 1593 1834 1497 1409 1961 1789 1064
1987 1731 1473 1400 1964 1414 2409 1596 1891 1904 1883 1394 2628 1941 1824 1150 1592 1563 1817 1489 1387 1891 1780 1055
1975 1728 1506 1385 1968 1402 2371 1588 1895 1876 1870 1394 2646 1919 1789 1194 1540 1538 1787 1484 1387 1900 1775 1050
1979 1705 1545 1338 1956 1414 2316 1603 1916 1859 1906 1410 2665 1936 1802 1194 1544 1516 1770 1493 1378 1900 1788 1073
1987 1721 1515 1324 1938 1410 2299 1603 1895 1794 1893 1398 2683 1954 1789 1172 1579 1504 1757 1497 1352 1895 1749 1069
1979 1773 1529 1351 1917 1385 2357 1607 1960 1755 1938 1410 2710 1998 1771 1150 1609 1504 1761 1467 1325 1908 1753 1073
1983 1777 1525 1330 1926 1414 2374 1671 1924 1760 1938 1398 2733 2025 1705 1159 1670 1555 1765 1463 1334 1975 1780 1096
1983 1817 1501 1334 1955 1414 2366 1670 1908 1695 1964 1414 2724 2025 1736 1181 1692 1581 1727 1449 1312 1988 1784 1087
1971 1834 1492 1372 1950 1401 2379 1689 1907 1695 1907 1382 2696 2034 1763 1216 1705 1619 1748 1476 1326 1970 1802 1078
1979 1804 1510 1390 1925 1353 2424 1693 1942 1717 1911 1398 2687 2016 1767 1220 1705 1649 1731 1424 1339 1944 1842 1078
1983 1787 1490 1389 1946 1420 2356 1710 1914 1748 1897 1394 2683 2003 1785 1225 1701 1653 1770 1458 1352 1926 1828 1087
1987 1770 1477 1376 1912 1391 2336 1646 1938 1713 1893 1398 2696 1940 1838 1203 1658 1628 1710 1450 1356 1922 1815 1050
1995 1747 1469 1388 1927 1268 2349 1654 1973 1815 1894 1378 2715 1940 1816 1142 1666 1624 1744 1428 1356 1900 1802 1109
1995 1657 1468 1407 1973 1298 2488 1628 1914 1828 1836 1422 2746 1962 1692 1142 1662 1641 1748 1502 1431 1886 1744 1159
2007 1629 1461 1370 1961 1331 2489 1663 1922 1753 1844 1438 2715 1985 1710 1160 1666 1607 1752 1476 1405 1851 1740 1087
1995 1647 1454 1366 1990 1434 2509 1630 2003 1774 1892 1434 2692 1963 1718 1142 1692 1603 1735 1489 1387 1864 1735 1087
2023 1646 1464 1414 1960 1442 2556 1635 1950 1778 1906 1398 2696 1958 1705 1177 1692 1594 1710 1497 1400 1842 1815 1059
2032 1715 1486 1362 1965 1450 2518 1631 1951 1743 1885 1390 2687 1914 1714 1194 1666 1551 1723 1463 1405 1820 1802 1078
2027 1717 1495 1370 1961 1462 2530 1653 2051 1788 1905 1338 2696 1927 1749 1199 1797 1547 1714 1471 1396 1824 1766 1059
2015 1751 1474 1386 1985 1465 2560 1670 2022 1817 1900 1334 2705 1950 1710 1151 1819 1539 1782 1515 1435 1824 1780 1087
2052 1743 1500 1439 1935 1474 2511 1682 1998 1792 1906 1338 2715 1994 1692 1164 1745 1427 1791 1519 1457 1798 1793 1082
2032 1751 1514 1423 1961 1470 2455 1678 2046 1788 1914 1378 2724 1990 1736 1164 1762 1465 1829 1540 1435 1833 1784 1078
2015 1766 1482 1469 2061 1469 2471 1714 2034 1805 1931 1390 2760 1999 1767 1150 1766 1482 1829 1536 1348 1855 1788 1073
1987 1808 1475 1459 2044 1470 2429 1696 1946 1801 1891 1442 2751 1968 1798 1068 1627 1473 1842 1527 1374 1869 1784 1082
1995 1804 1500 1447 2035 1462 2378 1671 1957 1806 1894 1466 2737 1972 1838 1102 1597 1465 1791 1480 1365 1953 1775 1059
1967 1823 1496 1413 2092 1462 2365 1670 1979 1833 1848 1470 2756 1927 1838 1102 1644 1529 1799 1471 1352 1948 1779 1050
1934 1782 1487 1408 2092 1462 2366 1711 1982 1862 1844 1450 2737 1954 1816 1068 1671 1508 1787 1506 1361 1891 1797 1050
1991 1774 1502 1436 1966 1454 2333 1682 1979 1862 1831 1430 2724 2025 1758 1037 1675 1538 1769 1493 1426 1895 1815 1064
2015 1727 1492 1447 1997 1466 2312 1698 1967 1853 1839 1430 2705 2034 1811 1081 1701 1568 1727 1497 1404 1926 1842 1137
2007 1725 1463 1430 1988 1453 2284 1728 1990 1844 1785 1414 2724 2034 1736 1186 1771 1598 1684 1501 1348 1917 1886 1191
2007 1697 1437 1425 1870 1466 2326 1724 1995 1934 1824 1390 2696 2056 1749 1169 1762 1641 1646 1575 1361 1948 1882 1200
2036 1739 1438 1435 1853 1474 2330 1754 1959 1921 1811 1386 2692 2047 1758 1203 1758 1701 1667 1510 1370 2001 1833 1241
1995 1783 1394 1399 1858 1479 2330 1767 1955 1897 1812 1418 2687 2029 1807 1269 1701 1710 1667 1523 1374 2059 1816 1219
1951 1788 1381 1391 1967 1442 2325 1742 1934 1882 1804 1434 2705 2087 1732 1295 1657 1714 1705 1519 1392 2041 1789 1141
1955 1790 1420 1424 1967 1472 2354 1741 1902 1870 1884 1410 2701 2087 1807 1203 1531 1684 1731 1557 1417 1984 1745 1078
1955 1798 1417 1449 2017 1472 2371 1733 1886 1781 1863 1454 2705 2079 1798 1190 1522 1654 1753 1428 1422 1979 1771 1087
1955 1850 1433 1368 2026 1467 2346 1658 1945 1769 1868 1458 2705 2074 1802 1208 1501 1594 1804 1436 1348 1992 1789 1050
2027 1783 1485 1359 2001 1459 2337 1624 1957 1801 1922 1414 2715 2034 1829 1107 1575 1589 1821 1415 1343 1966 1767 1069
2072 1777 1512 1367 1887 1479 2358 1707 1971 1793 1921 1374 2710 2003 1824 1120 1614 1564 1804 1466 1317 1935 1784 1082
2072 1796 1490 1338 1922 1450 2396 1712 1984 1782 1921 1386 2696 1954 1811 1081 1671 1607 1799 1449 1387 1961 1798 1091
2068 1805 1510 1284 1934 1433 2346 1731 2051 1766 1992 1350 2701 1976 1829 1164 1649 1680 1833 1501 1382 1966 1793 1091
2080 1783 1494 1357 1937 1433 2359 1748 2025 1773 2005 1386 2715 1981 1789 1178 1627 1671 1752 1518 1435 1944 1785 1123
1991 1781 1504 1378 1988 1450 2363 1795 2021 1747 1971 1422 2705 1994 1736 1225 1614 1671 1731 1540 1487 1900 1789 1119
1991 1603 1301 1439 1954 1444 2437 1694 1977 1743 1950 1290 2774 2052 1869 1116 1757 1594 1800 1501 1548 1953 1797 1073
2003 1625 1294 1459 1992 1436 2391 1694 2029 1720 1950 1286 2792 2163 1917 1142 1740 1534 1749 1514 1540 1917 1771 1073
1971 1617 1332 1452 1982 1487 2434 1656 1981 1718 1820 1286 2733 2190 1860 1252 1757 1542 1753 1527 1592 1895 1727 1046
1987 1660 1375 1459 1994 1496 2442 1647 1999 1717 1821 1374 2683 2159 1869 1278 1718 1568 1766 1523 1510 1926 1727 1091
1975 1635 1398 1455 1995 1500 2469 1677 1999 1712 1781 1346 2696 2141 1860 1287 1727 1568 1761 1554 1492 1939 1687 1119
1975 1702 1454 1305 1983 1492 2432 1680 2024 1717 1698 1310 2719 2141 1829 1199 1766 1581 1748 1497 1474 1904 1740 1100
1967 1701 1522 1321 1924 1496 2467 1623 2045 1757 1699 1314 2719 1976 1789 1203 1727 1581 1761 1554 1348 1917 1731 1087
1983 1713 1570 1341 1891 1541 2454 1589 1972 1768 1841 1326 2696 1923 1785 1089 1727 1581 1731 1532 1274 1931 1705 1100
1959 1725 1557 1377 1999 1511 2492 1576 1920 1777 1921 1318 2728 1883 1776 1102 1723 1560 1765 1541 1291 1913 1682 1087
2027 1736 1535 1380 1979 1498 2445 1576 1922 1741 1952 1346 2710 1892 1758 1072 1740 1585 1787 1519 1313 1882 1705 1082
2023 1770 1491 1474 1949 1486 2457 1498 1926 1752 1975 1390 2719 1874 1736 1142 1701 1577 1774 1558 1239 1904 1607 1069
2032 1791 1432 1437 1952 1477 2447 1560 1926 1773 1962 1402 2701 1896 1754 1033 1731 1585 1778 1515 1370 1873 1634 1105
2044 1780 1427 1453 1988 1433 2355 1564 1973 1776 1978 1390 2696 2007 1780 1020 1705 1559 1791 1536 1431 1886 1673 1100
2048 1758 1461 1402 1876 1458 2347 1680 1949 1776 1891 1390 2687 2061 1794 1029 1722 1564 1787 1497 1479 1877 1651 1078
1983 1810 1478 1398 1905 1434 2306 1697 1988 1811 1904 1390 2674 2149 1794 1068 1679 1521 1761 1493 1448 1900 1532 1078
1999 1806 1513 1394 1917 1446 2259 1763 1943 1796 1888 1382 2674 2104 1816 1094 1614 1499 1774 1484 1527 1895 1629 1096
1983 1776 1487 1437 1884 1455 2255 1745 1918 1821 1891 1350 2678 2051 1802 1230 1597 1499 1757 1484 1522 1882 1634 1073
1979 1797 1478 1421 1825 1454 2330 1774 1864 1828 1880 1366 2683 1980 1776 1216 1605 1491 1748 1462 1479 1842 1674 1073
1975 1778 1491 1428 1829 1447 2296 1675 1878 1832 1855 1386 2696 1931 1763 1203 1636 1465 1855 1471 1418 1877 1692 1096
1995 1709 1465 1427 1716 1438 2337 1667 1847 1821 1871 1390 2724 1847 1807 1199 1631 1422 1838 1462 1435 1855 1887 1109
1999 1665 1436 1407 1777 1402 2363 1663 1891 1817 1871 1382 2728 1919 1820 1177 1666 1461 1838 1458 1466 1789 1865 1119
2007 1663 1436 1369 1790 1364 2401 1647 1997 1740 1860 1418 2737 1989 1802 1142 1688 1457 1864 1441 1466 1798 1878 1109
1999 1630 1442 1357 1842 1368 2419 1682 2051 1717 1859 1314 2815 2016 1811 1168 1653 1529 1881 1580 1466 1833 1758 1123
2036 1678 1412 1405 1850 1340 2431 1820 2100 1737 1896 1302 2815 2038 1811 1164 1631 1585 1791 1519 1475 1816 1758 1091
1967 1698 1453 1514 1849 1360 2442 1807 2074 1711 1919 1322 2824 2052 1767 1177 1670 1650 1749 1541 1444 1820 1727 1069
1967 1738 1439 1500 1835 1462 2463 1803 2070 1740 1941 1326 2828 2056 1732 1150 1675 1637 1719 1528 1392 1895 1713 1050
1983 1747 1473 1444 1848 1475 2441 1823 1990 1883 1912 1338 2819 2184 1771 1146 1671 1667 1723 1541 1383 1917 1695 1059
1979 1764 1403 1400 1839 1450 2462 1772 2029 1895 1899 1438 2760 2153 1758 1159 1697 1628 1774 1432 1435 1913 1762 1050
1959 1728 1407 1423 1850 1487 2534 1630 1982 1883 1866 1446 2778 2148 1767 1133 1688 1577 1757 1475 1435 1935 1762 1059
2003 1785 1395 1343 1969 1495 2489 1634 2020 1881 1764 1422 2760 2140 1758 1111 1684 1564 1838 1471 1453 2138 1695 1073
2003 1708 1508 1354 2032 1477 2328 1565 1998 1841 1830 1422 2806 2056 1851 1207 1644 1542 1833 1589 1401 1984 1704 1173
2011 1709 1469 1351 2070 1419 2329 1590 1941 1887 1863 1390 2737 2012 1855 1229 1644 1546 1812 1580 1527 1979 1708 1155
2023 1682 1483 1341 2166 1467 2337 1577 1973 1901 1846 1394 2728 1985 1802 1229 1623 1538 1782 1558 1518 1975 1708 1123
2015 1681 1466 1383 2161 1523 2325 1525 2006 1927 1841 1406 2742 2070 1780 1221 1605 1512 1795 1458 1606 2076 1748 1137
1999 1698 1465 1374 1986 1523 2435 1556 2014 1813 1803 1366 2696 2043 1785 1299 1601 1551 1688 1432 1535 1984 1744 1055
1991 1737 1463 1334 1961 1511 2438 1610 1982 1817 1857 1342 2705 2016 1763 1334 1601 1560 1778 1389 1548 1988 1806 1059
1995 1713 1475 1376 1974 1532 2450 1628 1896 1763 1845 1358 2719 2043 1763 1330 1610 1534 1748 1424 1435 2010 1793 1069
1999 1722 1471 1363 1911 1548 2470 1774 1900 1744 1886 1358 2715 2087 1767 1339 1597 1538 1855 1424 1422 1997 1766 1082
1999 1744 1492 1329 1915 1424 2506 1814 1879 1745 1898 1342 2710 2011 1745 1330 1606 1551 1808 1441 1426 1904 1726 1073
1991 1737 1484 1332 1952 1395 2445 1772 1846 1804 1935 1378 2678 2060 1754 1208 1606 1525 1791 1472 1440 1851 1735 1059
1991 1685 1469 1392 1960 1416 2438 1698 1847 1813 1942 1370 2701 2109 1741 1155 1589 1512 1748 1489 1405 1842 1691 1009
1967 1740 1565 1340 1976 1441 2455 1663 1970 1833 1938 1378 2696 2047 1696 1133 1610 1525 1757 1428 1409 1847 1718 1019
1959 1747 1681 1321 1963 1441 2353 1551 1954 1879 1897 1366 2692 2047 1688 1120 1601 1534 1667 1445 1391 1891 1771 1082
1947 1748 1671 1329 1959 1445 2357 1546 1945 1878 1903 1370 2655 2065 1696 1098 1593 1517 1654 1454 1400 1904 1713 1128
1955 1762 1665 1260 1912 1453 2357 1635 1994 1916 1912 1366 2710 2007 1692 1133 1541 1534 1706 1441 1400 1917 1696 1137
1971 1819 1665 1260 1874 1440 2385 1634 2092 1819 1870 1366 2628 1945 1714 1133 1567 1547 1761 1454 1444 1891 1713 1159
1999 1754 1615 1278 1816 1423 2343 1656 2090 1837 1835 1366 2669 1998 1749 1116 1588 1564 1748 1475 1461 1935 1722 1150
1987 1734 1510 1305 1860 1457 2417 1699 2066 1813 1843 1374 2678 1994 1749 1133 1684 1534 1697 1493 1444 1877 1687 1100
2019 1699 1457 1297 1844 1465 2388 1679 2111 1779 1840 1370 2715 1994 1785 1059 1723 1560 1740 1554 1422 1864 1843 1064
2056 1700 1475 1435 1954 1453 2418 1626 2096 1715 1830 1354 2687 1985 1833 1011 1831 1590 1667 1588 1418 1873 1847 1059
2040 1692 1471 1422 1980 1432 2374 1676 2027 1798 1863 1358 2796 1994 1824 1072 1827 1641 1603 1575 1400 1913 1869 1041
1979 1724 1404 1425 2023 1449 2382 1642 1993 1765 1899 1374 2715 1963 1913 1094 1801 1616 1624 1567 1387 1816 1838 1000
1987 1743 1414 1449 2010 1424 2395 1593 2037 1677 1814 1370 2683 1950 1829 1090 1705 1599 1658 1549 1422 1842 1860 1009
1971 1746 1418 1478 1993 1395 2442 1605 2010 1712 1793 1446 2678 1928 1798 1190 1601 1607 1697 1566 1426 1851 1766 1023
1930 1750 1405 1440 2003 1394 2415 1628 2027 1702 1807 1466 2692 1990 1758 1247 1540 1552 1744 1549 1378 1847 1731 1023
1926 1690 1288 1424 1974 1334 2427 1641 1996 1702 1937 1466 2633 1994 1701 1190 1531 1526 1782 1580 1282 1824 1717 1059
1983 1676 1318 1413 1895 1322 2431 1662 2014 1709 2032 1458 2660 1976 1537 1168 1536 1526 1778 1654 1277 1873 1722 1091
1991 1673 1314 1492 1885 1318 2398 1650 2006 1843 2121 1470 2687 2060 1670 1151 1579 1568 1800 1675 1269 1908 1700 1087
1995 1653 1336 1495 1927 1335 2410 1632 2031 1838 2126 1422 2665 2038 1661 1155 1662 1508 1782 1528 1260 1908 1695 1069
1987 1649 1327 1465 1850 1351 2369 1627 1992 1943 2137 1426 2660 2015 1679 1155 1658 1534 1812 1563 1308 2032 1775 1073
1947 1751 1516 1289 1819 1428 2493 1728 1960 2001 2044 1394 2633 1989 1767 1194 1675 1607 1907 1532 1369 1869 1659 1082
1942 1755 1443 1368 1887 1428 2365 1714 1976 2041 2085 1386 2637 1989 1754 1268 1688 1598 1890 1458 1378 1904 1691 1055
1955 1795 1488 1487 1887 1479 2328 1653 1975 1983 1933 1398 2669 1949 1877 1120 1688 1624 1902 1462 1391 1997 1655 1014
1942 1802 1504 1503 1846 1463 2324 1696 1966 1939 1952 1394 2687 2007 1869 1133 1697 1619 1817 1445 1382 1979 1691 1032
1934 1770 1513 1498 1859 1438 2303 1670 1969 1936 1931 1394 2683 2007 1891 1164 1662 1585 1778 1432 1348 2050 1695 1059
1991 1738 1497 1498 1864 1531 2266 1649 1965 1841 1953 1378 2692 2003 1908 1138 1636 1585 1778 1428 1322 2041 1735 1041
1987 1733 1548 1508 1868 1536 2377 1669 1993 1833 1940 1402 2683 2007 1908 1116 1614 1615 1744 1475 1344 2014 1735 1064
1975 1725 1496 1428 1886 1510 2394 1674 2002 1818 1966 1442 2674 1972 1767 1147 1592 1602 1731 1367 1361 1988 1771 1023
1987 1742 1474 1459 1861 1578 2386 1609 1972 1802 1952 1458 2678 1945 1807 1129 1610 1663 1731 1380 1357 1984 1753 1032
1955 1760 1508 1395 1852 1611 2407 1644 1963 1856 1969 1442 2705 1967 1807 1046 1644 1641 1757 1398 1365 1900 1735 996
1975 1752 1477 1383 1844 1526 2402 1644 1912 1874 1957 1454 2715 1958 1864 1112 1683 1701 1684 1367 1339 1842 1731 1014
1991 1736 1422 1365 1883 1591 2342 1638 1921 1862 1932 1426 2715 1981 1855 1107 1683 1650 1714 1372 1296 1838 1744 1037
1983 1742 1490 1365 1883 1608 2341 1613 1847 1804 1942 1394 2733 2025 1886 1129 1731 1650 1719 1398 1235 1794 1708 1087
1967 1677 1499 1342 1929 1544 2374 1644 1814 1829 1958 1378 2724 1994 1886 1120 1727 1585 1689 1402 1222 1776 1651 1032
1991 1667 1403 1369 1947 1515 2354 1627 1814 1859 1985 1390 2710 2016 1860 1190 1718 1611 1697 1393 1261 1771 1673 1046
1983 1604 1428 1359 1965 1514 2261 1623 1881 1854 1948 1398 2687 2007 1736 1164 1784 1547 1770 1454 1292 1807 1682 1005
1979 1638 1426 1364 1956 1465 2320 1631 1892 1845 1969 1418 2692 1949 1741 1194 1810 1551 1765 1445 1287 1869 1700 987
2027 1638 1426 1393 1926 1465 2321 1677 1920 1896 1966 1422 2701 1927 1771 1177 1775 1504 1791 1510 1322 1895 1727 996
2052 1685 1410 1410 1927 1474 2317 1628 1993 1889 1949 1410 2705 1927 1723 1186 1732 1427 1830 1514 1361 1882 1780 1046
2064 1706 1442 1505 1891 1461 2300 1628 1968 1810 1927 1410 2705 1922 1767 1212 1732 1423 1817 1523 1365 1895 1784 1046
2052 1772 1446 1510 1890 1465 2439 1659 1971 1707 1954 1406 2715 1940 1855 1203 1605 1440 1800 1558 1348 1904 1705 1078
2027 1745 1450 1488 1872 1458 2221 1646 1918 1716 1928 1386 2710 2020 1860 1103 1606 1457 1808 1553 1435 1855 1682 1091
1975 1765 1467 1459 1945 1539 2086 1582 1887 1666 1904 1386 2719 2002 1855 1103 1606 1470 1787 1545 1461 1886 1758 1091
2007 1794 1475 1448 1940 1530 2065 1622 1862 1654 1882 1386 2737 2132 1807 1099 1636 1543 1795 1541 1435 1904 1722 1046
2007 1789 1419 1367 1957 1543 2102 1634 1879 1648 1885 1394 2751 2127 1736 1107 1627 1607 1744 1562 1435 1944 1722 978
2027 1800 1381 1381 1944 1516 2065 1613 1890 1718 1862 1394 2765 2074 1718 1120 1675 1628 1761 1515 1435 1953 1784 891
2060 1830 1430 1402 1937 1516 2244 1634 1893 1722 1875 1406 2760 2038 1736 1282 1671 1628 1770 1502 1418 2023 1766 868
2056 1814 1422 1422 1889 1455 2367 1636 1933 1734 1971 1406 2751 2056 1701 1291 1688 1641 1791 1506 1405 2010 1695 868
2007 1788 1400 1420 1910 1463 2379 1653 1916 1734 2009 1394 2737 1936 1723 1291 1710 1637 1770 1493 1418 1948 1766 823
2011 1784 1480 1441 1902 1471 2387 1683 1886 1735 2009 1382 2728 1945 1776 1256 1753 1602 1804 1458 1400 1922 1762 914
1979 1711 1438 1390 1880 1350 2394 1806 1979 1806 1767 1334 2615 2025 1776 1308 1718 1551 1791 1406 1422 1931 1704 1059
1983 1736 1469 1405 1911 1407 2390 1759 1958 1784 1869 1350 2605 2025 1776 1273 1679 1590 1795 1397 1440 1939 1775 1050
1979 1693 1452 1433 1936 1366 2361 1668 1975 1792 1983 1418 2592 1980 1763 1212 1692 1573 1774 1415 1448 1917 1802 1059
1983 1684 1477 1376 1915 1416 2246 1690 1978 1873 2014 1410 2710 2011 1727 1129 1697 1547 1722 1449 1426 1931 1780 1087
1959 1704 1507 1380 1893 1357 2386 1706 1974 1888 2041 1398 2710 2012 1683 1094 1692 1504 1731 1471 1474 1966 1775 1073
1975 1708 1555 1376 1902 1406 2382 1658 1986 1910 2066 1386 2710 1998 1696 1111 1662 1508 1770 1514 1470 1926 1624 1082
1971 1679 1540 1359 1902 1332 2401 1686 1999 1886 2051 1346 2678 1976 1710 1159 1649 1487 1752 1497 1483 1877 1579 1050
1983 1706 1558 1304 1893 1377 2433 1690 2063 1875 1936 1354 2701 1950 1749 1181 1636 1500 1692 1506 1470 1873 1553 1046
1967 1733 1471 1332 1926 1382 2523 1681 2060 1785 1943 1382 2705 1945 1776 1207 1679 1603 1744 1497 1492 1979 1549 1050
1991 1771 1458 1336 1965 1513 2442 1683 2060 1765 1986 1374 2692 1936 1824 1238 1670 1676 1697 1519 1461 1939 1566 1159
2064 1747 1406 1332 1982 1543 2421 1662 2039 1749 1987 1382 2678 1936 1855 1243 1714 1684 1693 1515 1466 1953 1700 1146
2076 1745 1383 1295 1952 1567 2398 1663 1995 1788 1970 1386 2715 1940 1838 1344 1727 1684 1676 1536 1457 1957 1722 1182
2052 1779 1415 1303 1985 1572 2402 1695 1924 1815 1980 1390 2724 1931 1789 1339 1722 1693 1731 1506 1505 1944 1708 1178
2072 1795 1493 1311 1936 1589 2427 1819 1939 1832 1960 1382 2710 1878 1829 1317 1640 1607 1714 1514 1540 1838 1717 1178
2064 1779 1527 1315 1924 1525 2385 1814 1983 1810 1874 1394 2715 1940 1816 1300 1549 1603 1744 1493 1509 1873 1717 1087
2011 1885 1518 1310 1977 1536 2376 1831 1949 1773 1875 1394 2705 1895 1807 1252 1497 1637 1748 1484 1522 1838 1690 1082
1995 1878 1547 1260 1970 1515 2325 1866 1964 1702 1892 1390 2678 1887 1824 1133 1458 1714 1774 1493 1518 1882 1695 1064
1999 1839 1512 1282 1917 1564 2346 1792 2011 1699 1888 1398 2655 1918 1842 1147 1449 1693 1765 1506 1479 1864 1704 1082
1995 1836 1482 1366 1967 1547 2375 1687 1994 1698 1923 1378 2651 1972 1794 1177 1489 1689 1748 1502 1396 1851 1748 1064
2003 1818 1456 1366 1967 1526 2358 1708 1949 1729 1946 1366 2642 1941 1847 1173 1580 1629 1735 1510 1387 1829 1735 1050
1983 1730 1453 1375 1899 1485 2376 1717 1973 1748 1947 1374 2601 1972 1842 1208 1588 1608 1624 1463 1356 1877 1775 1023
1987 1762 1426 1456 1949 1489 2435 1669 2008 1739 1925 1378 2619 1994 1829 1216 1640 1505 1607 1493 1356 1860 1797 1050
2003 1760 1436 1420 1947 1428 2413 1706 1971 1719 1925 1374 2624 2021 1855 1203 1618 1517 1624 1489 1370 1886 1784 1028
2003 1793 1457 1349 1939 1510 2388 1684 1997 1743 1867 1426 2651 2016 1855 1181 1592 1470 1628 1497 1422 1895 1740 1023
1991 1785 1433 1356 1931 1523 2471 1672 1997 1729 1951 1438 2651 1972 1802 1278 1597 1568 1663 1605 1418 1855 1841 1032
1967 1802 1370 1349 1962 1581 2416 1680 2018 1755 1943 1418 2701 1931 1802 1230 1636 1568 1778 1727 1453 1838 1833 1073
1975 1763 1400 1350 1925 1585 2371 1666 1956 1841 1946 1418 2724 1936 1851 1234 1588 1568 1787 1696 1457 1829 1819 1078
1979 1785 1372 1382 1909 1598 2379 1649 1912 1897 1947 1450 2719 1931 1829 1243 1758 1572 1787 1731 1444 1838 1846 1064
1979 1740 1360 1343 1874 1521 2359 1652 1879 1870 1964 1418 2719 1900 1833 1238 1775 1641 1821 1753 1461 1824 1823 1200
1991 1765 1389 1306 1873 1554 2292 1632 1876 1865 1870 1410 2733 1923 1833 1155 1736 1615 1795 1623 1475 1851 1731 1205
2027 1758 1511 1318 1856 1493 2351 1649 1860 1861 1858 1410 2751 1985 1869 1168 1706 1512 1774 1571 1575 1864 1726 1200
2019 1742 1529 1302 1844 1586 2392 1687 2043 1810 1870 1414 2737 1981 1891 1055 1758 1534 1748 1584 1579 1860 1731 1137
2072 1716 1445 1322 1812 1594 2396 1713 2132 1782 1925 1374 2746 1910 1873 1037 1545 1482 1757 1571 1553 1855 1717 1228
2060 1723 1491 1374 1821 1594 2384 1723 2169 1774 1910 1418 2737 1910 1855 1051 1567 1440 1731 1471 1505 1869 1744 1150
2129 1712 1492 1410 1920 1606 2322 1752 2172 1786 1969 1418 2724 1936 1860 1024 1610 1422 1731 1484 1418 1877 1784 1141
2137 1705 1424 1362 1809 1606 2323 1739 2188 1779 1964 1434 2705 1901 1802 1042 1602 1525 1740 1484 1313 1864 1775 1128
2121 1791 1517 1350 1898 1503 2357 1731 2084 1856 1944 1446 2696 1892 1736 1160 1571 1538 1740 1410 1304 1864 1753 1164
2056 1824 1585 1334 2022 1494 2391 1757 2031 1839 1892 1466 2683 1928 1741 1208 1649 1645 1705 1389 1317 1882 1779 1096
2137 1842 1574 1325 2014 1490 2396 1769 1992 1823 1928 1414 2683 1870 1754 1221 1619 1709 1710 1462 1326 1900 1761 1055
2056 1842 1561 1299 1893 1466 2408 1859 1970 1867 1901 1414 2696 1865 1741 1243 1614 1697 1722 1406 1426 1917 1744 1064
2015 1791 1560 1334 1974 1507 2490 1877 1950 1896 1926 1430 2692 1892 1754 1251 1640 1688 1676 1380 1426 1931 1837 1087
2032 1744 1414 1350 1983 1507 2494 1855 1936 1861 1909 1426 2674 1874 1763 1260 1727 1782 1718 1419 1431 1953 1891 1109
2044 1733 1469 1371 1933 1491 2477 1824 1953 1888 1887 1430 2678 1927 1798 1225 1701 1713 1736 1476 1444 1957 1864 1100
1979 1721 1400 1371 1946 1475 2451 1824 1972 1928 1878 1442 2646 2034 1794 1203 1714 1709 1723 1467 1452 1931 1887 1082
1967 1680 1362 1415 1980 1475 2508 1782 1993 1784 1875 1458 2633 2011 1811 1194 1809 1692 1731 1493 1448 1917 1887 1100
1999 1740 1375 1399 1957 1455 2434 1764 2044 1780 1794 1434 2624 2029 1820 1177 1774 1658 1795 1506 1444 1895 1771 1059
1995 1717 1437 1384 1896 1480 2396 1799 2028 1704 1804 1418 2651 2091 1895 1111 1705 1465 1787 1514 1422 1882 1758 1037
1991 1699 1403 1392 1892 1530 2334 1807 1989 1649 1826 1442 2655 2074 1851 1115 1744 1461 1787 1484 1448 1873 1735 1023
1983 1685 1440 1391 1862 1559 2383 1815 1989 1624 1810 1438 2696 2061 1842 1159 1722 1444 1782 1488 1448 1891 1709 1005
1991 1805 1495 1478 1867 1546 2364 1757 1981 1739 1849 1434 2701 2105 1811 1168 1588 1457 1825 1519 1431 1953 1709 987
1991 1784 1515 1478 1942 1529 2306 1754 1922 1703 1862 1370 2705 2123 1798 1181 1649 1491 1812 1536 1448 1913 1749 1014
1991 1806 1490 1518 1826 1551 2277 1707 1922 1761 1870 1366 2710 2127 1710 1234 1745 1594 1714 1514 1497 1895 1735 1123
1979 1830 1472 1527 1805 1546 2323 1715 1953 1793 1878 1310 2733 2100 1723 1247 1701 1564 1710 1514 1514 1860 1762 1123
1987 1834 1504 1535 1840 1570 2340 1673 1953 1776 1839 1314 2696 2096 1692 1173 1736 1581 1727 1510 1549 1847 1775 1196
1930 1851 1508 1426 1886 1582 2353 1673 1910 1757 1806 1318 2701 2101 1723 1168 1775 1598 1675 1514 1571 1820 1833 1214
1934 1865 1500 1463 1875 1590 2386 1678 1927 1789 1874 1386 2701 2078 1727 1073 1766 1560 1675 1519 1562 1864 1824 1228
1926 1851 1500 1467 1956 1606 2391 1701 1930 1809 1874 1374 2724 2043 1763 1099 1666 1534 1778 1540 1514 1855 1815 1123
1926 1822 1552 1416 1942 1593 2433 1685 1922 1791 1872 1458 2719 2003 1780 1081 1705 1564 1786 1528 1501 1847 1837 1137
1926 1836 1600 1390 1911 1524 2399 1819 1908 1802 1908 1454 2737 1999 1820 1103 1644 1560 1769 1571 1518 1961 1855 1119
2023 1683 1537 1395 1831 1578 2373 1802 1908 1787 1910 1446 2687 1972 1917 1033 1636 1560 1774 1545 1496 1922 1784 1109
1983 1733 1441 1389 1912 1307 2480 1642 2021 1869 1755 1450 2756 2059 1745 1103 1684 1551 1846 1519 1488 2112 1682 1069
1955 1633 1477 1453 1930 1303 2456 1626 2032 1763 1831 1414 2756 1913 1705 1129 1745 1529 1795 1523 1501 2134 1695 1055
1947 1736 1539 1516 1947 1311 2427 1643 2002 1762 1827 1318 2751 1904 1696 1129 1779 1530 1709 1506 1483 2045 1811 1055
1930 1749 1531 1467 1844 1319 2354 1689 1928 1783 1831 1330 2724 1900 1665 1208 1736 1555 1722 1458 1448 2045 1815 1055
1983 1701 1524 1448 1831 1311 2366 1685 1920 1813 1850 1370 2719 1909 1679 1225 1714 1568 1697 1458 1439 1877 1745 1046
2007 1748 1508 1415 1866 1450 2295 1698 1929 1812 1833 1342 2660 1998 1692 1260 1740 1555 1705 1411 1448 1882 1736 1046
2036 1871 1455 1403 1822 1420 2295 1685 1920 1822 1779 1354 2660 1985 1714 1255 1649 1555 1739 1445 1431 1864 1709 1050
2056 1803 1462 1443 1707 1478 2311 1684 1920 1823 1800 1502 2696 1985 1736 1290 1605 1606 1739 1441 1417 1948 1647 1028
2076 1703 1471 1439 1772 1461 2279 1642 1996 1766 1824 1486 2687 1981 1776 1255 1644 1602 1731 1488 1439 1957 1620 1032
2044 1695 1473 1439 1793 1470 2291 1655 1976 1781 1856 1386 2701 2003 1816 1255 1679 1598 1765 1480 1453 1922 1739 1041
2040 1698 1459 1438 1766 1440 2362 1684 1959 1798 1898 1374 2746 2007 1820 1242 1731 1645 1723 1558 1422 1877 1837 1005
2056 1648 1435 1358 1805 1487 2328 1705 1902 1795 1941 1378 2728 1985 1855 1216 1731 1641 1723 1558 1322 1855 1810 1009
2100 1632 1464 1334 1841 1445 2304 1700 1904 1798 1910 1310 2696 2012 1851 1164 1714 1607 1783 1585 1344 1851 1823 1032
2092 1728 1447 1324 1845 1455 2321 1692 1900 1817 1926 1322 2705 2007 1816 1155 1692 1632 1800 1593 1374 1966 1833 1037
2048 1715 1569 1323 1833 1463 2337 1675 1944 1820 1877 1410 2696 1941 1780 1080 1640 1607 1740 1563 1344 1961 1833 1037
2040 1705 1599 1348 1889 1463 2358 1630 1940 1811 1874 1462 2683 1918 1829 1059 1575 1555 1766 1485 1243 1992 1758 1059
2032 1733 1633 1454 1877 1455 2409 1600 1976 1806 1859 1402 2705 1940 1811 1094 1619 1619 1783 1441 1422 2001 1820 1069
1983 1711 1607 1408 1931 1442 2450 1585 1944 1848 1899 1422 2674 1945 1807 1111 1645 1581 1731 1402 1400 1953 1771 1073
1979 1778 1605 1449 1956 1446 2490 1618 2000 1838 1946 1414 2674 1940 1829 1115 1671 1542 1736 1471 1378 1794 1775 1037
2007 1785 1451 1417 1915 1413 2504 1683 1961 1818 1993 1378 2646 1905 1842 1185 1697 1572 1748 1523 1426 1807 1774 1032
2019 1791 1463 1404 1904 1421 2476 1683 1975 1899 1963 1334 2669 1900 1780 1194 1688 1585 1782 1523 1544 1732 1712 1064
1999 1824 1441 1350 1899 1433 2458 1704 1983 1904 1968 1394 2665 1873 1763 1116 1675 1555 1752 1541 1453 1745 1685 1119
1987 1846 1443 1362 1826 1433 2485 1709 1987 1846 1952 1398 2669 1856 1758 1120 1649 1590 1808 1589 1448 1767 1743 1105
2072 1788 1476 1354 1809 1416 2448 1692 1932 1859 1787 1398 2687 1887 1763 1120 1623 1590 1889 1506 1426 1802 1748 1128
2088 1789 1507 1367 1846 1416 2385 1600 1923 1875 1806 1386 2728 1963 1758 1129 1636 1547 1902 1493 1330 1771 1726 1128
2096 1789 1502 1368 1821 1453 2431 1609 1909 1774 1856 1394 2733 1967 1754 1120 1631 1542 1872 1506 1300 1851 1731 1210
2096 1760 1519 1384 1807 1466 2432 1599 1957 1773 1841 1390 2806 2016 1754 1177 1592 1512 1919 1523 1274 1842 1740 1159
2100 1753 1510 1384 1853 1388 2402 1586 1933 1782 1836 1378 2815 2007 1829 1159 1640 1508 1885 1480 1313 1851 1700 1159
2023 1753 1499 1367 1845 1469 2386 1607 1936 1765 1942 1370 2801 1985 1851 1172 1649 1538 1791 1584 1217 1838 1704 1155
2019 1731 1514 1367 1992 1507 2378 1595 1945 1835 1935 1402 2837 2007 1824 1177 1636 1538 1868 1584 1357 1984 1695 1250
1979 1686 1436 1503 1787 1445 2377 1640 2001 1951 2014 1406 2674 1994 1723 1155 1667 1538 1688 1554 1352 1961 1779 1119
1979 1682 1414 1590 1777 1462 2360 1628 2027 1943 1913 1410 2701 2002 1833 1168 1680 1538 1696 1476 1383 2045 1721 1137
1967 1633 1335 1508 1753 1491 2372 1662 1967 1921 1886 1450 2687 1927 1789 1177 1597 1585 1671 1563 1414 1988 1730 1123
1963 1663 1361 1424 1694 1508 2326 1689 1879 1933 1936 1438 2783 1958 1776 1168 1606 1619 1662 1667 1435 2001 1673 1128
1963 1646 1373 1428 1660 1496 2348 1684 1896 1801 1928 1422 2783 1972 1745 1177 1632 1701 1530 1636 1370 1869 1647 1119
1975 1682 1360 1386 1755 1492 2335 1641 1895 1789 1929 1430 2783 1980 1771 1195 1588 1697 1637 1636 1335 2067 1624 1037
1951 1707 1372 1320 1780 1483 2376 1688 1852 1733 1932 1442 2765 2034 1732 1186 1558 1697 1624 1649 1330 1975 1660 1023
1975 1743 1447 1328 1870 1467 2393 1672 1919 1742 1883 1398 2783 2021 1701 1203 1614 1667 1637 1532 1300 2006 1691 1082
1995 1755 1412 1376 1928 1476 2394 1642 1952 1711 1827 1402 2696 2034 1696 1216 1610 1697 1654 1571 1304 1988 1792 1073
1999 1746 1395 1279 1958 1544 2311 1580 1930 1733 1796 1414 2683 2003 1723 1207 1640 1619 1787 1585 1326 2072 1762 991
1999 1690 1403 1265 1947 1551 2406 1591 1990 1730 1803 1430 2678 2029 1754 1298 1667 1589 1795 1585 1400 1957 1859 1019
2023 1717 1477 1264 1924 1555 2415 1624 1965 1786 1787 1418 2674 1967 1736 1316 1693 1564 1830 1572 1383 1975 1895 1019
2011 1724 1489 1281 1907 1555 2424 1615 1875 1731 1895 1426 2692 1993 1763 1321 1714 1586 1834 1654 1413 1975 1868 978
1959 1659 1644 1294 1891 1550 2439 1655 1943 1719 1907 1442 2696 1989 1789 1316 1714 1564 1856 1576 1396 2010 1855 982
1971 1684 1657 1477 1873 1503 2521 1733 1957 1753 1960 1494 2696 1963 1767 1295 1662 1573 1813 1545 1312 1922 1873 1078
1967 1726 1772 1455 1946 1483 2455 1772 1900 1769 1948 1498 2710 1932 1727 1173 1649 1577 1855 1576 1295 1908 1722 1019
1959 1720 1673 1465 1999 1457 2438 1697 1912 1778 1957 1502 2710 1888 1771 1186 1619 1603 1834 1580 1273 1908 1699 1023
1959 1754 1584 1444 1942 1470 2425 1714 1999 1819 1831 1494 2701 1826 1785 1164 1562 1555 1817 1524 1282 1891 1704 1019
1959 1863 1465 1535 1955 1470 2376 1716 1956 1837 1892 1450 2733 1826 1802 1251 1567 1529 1723 1528 1291 1864 1668 1032
1951 1861 1473 1465 1956 1499 2397 1704 1957 1800 1890 1402 2742 1852 1771 1330 1601 1444 1727 1524 1427 1882 1664 1019
1951 1837 1398 1530 1899 1512 2368 1690 1944 1933 1882 1430 2746 1866 1794 1386 1632 1448 1697 1498 1566 1917 1678 1069
1959 1885 1500 1508 1912 1529 2359 1698 1934 1941 1820 1426 2765 2007 1771 1365 1627 1452 1693 1437 1592 1900 1762 1014
1991 1777 1563 1541 1928 1557 2359 1702 1879 1923 1914 1418 2769 2029 1767 1281 1662 1474 1697 1458 1553 1913 1798 1037
2023 1731 1558 1446 1941 1660 2425 1665 1849 1945 1877 1430 2733 2051 1763 1172 1666 1384 1757 1510 1557 1917 1913 1028
2060 1725 1622 1437 1932 1627 2421 1635 1810 1940 1856 1422 2719 1998 1811 1233 1649 1478 1654 1484 1531 1917 1940 1019
2064 1842 1610 1451 1833 1558 2462 1653 1859 1815 1899 1366 2710 2011 1798 1128 1614 1487 1619 1454 1413 1877 2015 1028
2068 1775 1610 1389 1734 1550 2504 1641 1855 1778 1936 1370 2696 1940 1811 1071 1623 1508 1645 1541 1370 1886 1887 1078
2036 1808 1559 1309 1692 1470 2517 1688 1905 1855 2062 1362 2651 1994 1816 1268 1649 1504 1645 1537 1348 1807 1856 1096
2032 1804 1555 1275 1725 1368 2488 1709 1951 1903 2050 1374 2642 1954 1798 1285 1615 1615 1756 1489 1357 1838 1744 1078
2003 1833 1503 1306 1738 1376 2493 1738 2011 1931 2059 1374 2646 1980 1780 1150 1628 1611 1885 1510 1335 1838 1704 1082
1991 1773 1526 1428 1906 1503 2395 1694 1821 1764 2043 1370 2724 1994 1776 1269 1745 1572 1800 1445 1387 1926 1753 978
1999 1782 1487 1383 1928 1417 2429 1682 1821 1756 2027 1382 2728 1989 1785 1225 1714 1559 1804 1463 1370 1802 1762 1000
1995 1812 1504 1384 1932 1401 2458 1736 1868 1747 1969 1370 2737 2034 1802 1229 1675 1568 1757 1445 1374 1802 1762 1000
2011 1825 1535 1384 1950 1388 2455 1715 1893 1731 1914 1386 2724 2034 1833 1251 1666 1585 1744 1467 1387 1847 1749 1096
2011 1837 1516 1368 1962 1332 2391 1714 1805 1657 1901 1378 2774 2065 1842 1199 1601 1555 1761 1458 1361 1851 1731 1132
2027 1862 1525 1380 1945 1328 2403 1706 1874 1661 1914 1402 2765 2052 1842 1203 1579 1538 1770 1445 1387 1877 1749 1114
2019 1845 1512 1420 1920 1414 2330 1744 1875 1785 1917 1398 2765 2002 1811 1186 1588 1521 1765 1441 1427 1917 1780 1119
2027 1766 1508 1421 1919 1402 2322 1681 1850 1800 1902 1410 2769 1976 1802 1155 1605 1500 1752 1458 1413 1957 1776 1109
2019 1772 1471 1411 1902 1444 2329 1755 1847 1788 1911 1406 2774 1980 1794 1147 1697 1500 1774 1488 1405 1970 1735 1069
2019 1751 1512 1415 1874 1501 2398 1723 1960 1876 1909 1418 2710 1958 1763 1194 1745 1512 1774 1493 1431 1944 1740 1000
2015 1697 1514 1416 1898 1492 2434 1694 1969 1850 1877 1402 2710 1936 1749 1164 1762 1525 1787 1510 1431 1904 1731 1028
1995 1675 1535 1363 1898 1500 2491 1669 1960 1725 1905 1398 2715 1972 1741 1181 1801 1538 1765 1532 1413 1913 1722 1023
1987 1703 1529 1355 1833 1507 2475 1727 1926 1702 1908 1390 2696 2083 1754 1234 1810 1560 1796 1519 1387 1882 1718 1019
1999 1698 1548 1396 1820 1491 2390 1665 1935 1760 1929 1394 2710 2101 1789 1243 1705 1525 1779 1502 1383 1869 1779 1041
1991 1693 1496 1392 1836 1483 2393 1746 1948 1738 1931 1398 2724 2088 1763 1208 1684 1547 1783 1536 1391 1992 1784 1078
1983 1695 1452 1395 1816 1520 2377 1820 1923 1737 1936 1394 2719 2132 1767 1190 1658 1551 1774 1523 1396 1988 1806 1105
1983 1712 1426 1464 1803 1496 2376 1820 1923 1741 1928 1398 2733 2145 1811 1186 1606 1538 1787 1506 1322 2019 1779 1105
1999 1739 1441 1460 1790 1492 2376 1799 1945 1774 1932 1402 2733 2047 1767 1173 1606 1530 1795 1467 1326 2001 1770 1105
1991 1795 1442 1445 1782 1478 2462 1795 1945 1761 1924 1414 2724 2025 1754 1151 1614 1560 1787 1449 1317 2014 1695 1109
1983 1800 1451 1433 1791 1503 2446 1714 1928 1717 1897 1406 2737 2056 1785 1207 1623 1525 1787 1402 1300 1908 1695 1100
2015 1844 1478 1422 1773 1466 2397 1654 1950 1710 1905 1438 2751 2047 1811 1260 1684 1521 1778 1411 1335 1935 1740 1082
2007 1827 1465 1374 1811 1478 2393 1646 1952 1714 1945 1438 2737 2065 1780 1242 1797 1538 1787 1406 1400 1829 1740 1019
2052 1831 1453 1377 1884 1456 2401 1641 1987 1744 1934 1438 2746 2003 1811 1186 1801 1572 1778 1458 1426 1820 1744 1000
2056 1780 1443 1352 1936 1461 2389 1682 1974 1734 1927 1418 2774 1940 1794 1194 1792 1572 1800 1463 1505 1820 1740 1019
2072 1781 1433 1421 1960 1449 2376 1657 1967 1706 1949 1410 2774 1913 1754 1186 1793 1581 1702 1484 1536 1798 1673 1037
2060 1756 1310 1457 1978 1432 2396 1657 1957 1713 1985 1382 2769 1904 1754 1212 1771 1590 1676 1475 1435 1758 1665 1119
2084 1777 1304 1494 1965 1436 2421 1680 1985 1739 1879 1386 2765 1900 1758 1203 1697 1598 1680 1484 1418 1833 1620 1182
2032 1766 1330 1483 1977 1446 2385 1784 1945 1698 1879 1314 2756 1994 1745 1278 1688 1581 1706 1475 1405 1860 1634 1205
2023 1736 1326 1491 1942 1399 2393 1738 1946 1712 1873 1306 2605 2047 1780 1343 1692 1577 1715 1440 1348 1842 1687 1169
2015 1710 1301 1417 1910 1391 2385 1750 1966 1798 1854 1318 2605 2012 1824 1348 1701 1564 1808 1432 1357 1869 1731 1137
2007 1690 1519 1378 1813 1654 2418 1802 1924 1780 1837 1446 2692 1945 1873 1142 1614 1615 1757 1554 1501 1886 1819 1100
2011 1679 1532 1397 1826 1596 2452 1811 1880 1823 1850 1466 2655 1919 1873 1115 1606 1594 1770 1597 1509 1922 1761 1137
2044 1671 1524 1413 1831 1575 2405 1828 1875 1816 1826 1406 2660 1959 1855 1150 1614 1539 1757 1606 1492 1913 1739 1146
2048 1617 1470 1411 1787 1566 2372 1723 1850 1809 1833 1406 2665 1936 1767 1173 1671 1534 1782 1549 1470 1807 1642 1123
2011 1661 1527 1470 1782 1525 2371 1770 1920 1831 1836 1438 2705 1945 1639 1251 1684 1551 1795 1553 1461 1802 1780 1123
2036 1663 1500 1485 1790 1482 2323 1762 1916 1853 1888 1454 2705 1959 1630 1286 1671 1543 1765 1515 1466 1816 1731 1128
2040 1663 1463 1425 1794 1483 2289 1778 1935 1788 1866 1446 2715 2043 1626 1269 1697 1538 1748 1467 1475 1820 1798 1082
2011 1697 1417 1438 1794 1487 2336 1743 1944 1795 1865 1438 2705 2038 1683 1238 1671 1607 1761 1467 1448 1900 1785 1069
1979 1768 1433 1485 1842 1550 2348 1768 1958 1829 1862 1494 2701 2078 1758 1264 1619 1577 1765 1480 1422 1891 1855 1069
1983 1793 1365 1421 1864 1522 2361 1701 1941 1791 1847 1466 2701 2212 1771 1273 1627 1560 1671 1463 1435 1913 1717 1064
1979 1776 1405 1502 1860 1536 2352 1726 1937 1781 1851 1450 2715 2203 1811 1234 1653 1624 1689 1515 1426 1948 1704 1096
1967 1780 1424 1508 1835 1588 2385 1709 1865 1747 1868 1434 2705 2176 1749 1247 1640 1650 1774 1536 1418 1948 1695 1096
1963 1738 1444 1507 1843 1630 2350 1751 1825 1760 1904 1430 2701 2168 1732 1243 1627 1654 1748 1523 1422 2001 1691 1091
1979 1755 1443 1503 1857 1622 2379 1731 1826 1721 1891 1474 2696 2132 1643 1282 1653 1680 1718 1506 1440 2006 1673 1109
1979 1794 1489 1547 1869 1552 2408 1752 1813 1730 1896 1470 2710 2034 1696 1287 1588 1662 1799 1523 1427 1984 1709 1091
1947 1794 1525 1473 1825 1516 2449 1741 1803 1661 1918 1474 2701 1962 1661 1282 1558 1589 1907 1489 1422 1944 1722 1055
1959 1798 1523 1520 1796 1459 2506 1659 1909 1703 1946 1522 2746 1918 1714 1282 1545 1581 1813 1432 1409 1913 1726 1064
1991 1827 1529 1525 1814 1434 2514 1620 1927 1717 1943 1538 2742 1940 1665 1300 1584 1572 1826 1423 1483 1794 1771 1091
1987 1800 1568 1522 1918 1391 2581 1566 1945 1701 1917 1422 2705 1962 1771 1234 1592 1564 1830 1415 1488 1758 1802 1078
1983 1849 1545 1557 1908 1485 2564 1566 1916 1647 1925 1518 2728 1904 1727 1194 1632 1590 1868 1458 1496 1816 1780 1100
1999 1849 1425 1506 1944 1490 2551 1564 1922 1729 1916 1526 2733 1976 1780 1198 1675 1611 1723 1458 1505 1842 1816 1091
1995 1906 1426 1456 1957 1490 2487 1780 1903 1711 1848 1498 2687 1980 1754 1194 1705 1641 1748 1501 1623 1873 1802 1091
1959 1914 1324 1423 1956 1461 2450 1763 1910 1701 1868 1514 2687 2016 1776 1181 1666 1650 1714 1519 1544 1913 1936 1059
1955 1915 1274 1417 1831 1495 2320 1795 1905 1734 1874 1522 2728 1972 1771 1238 1670 1697 1723 1501 1619 1953 1905 1059
1934 1818 1236 1360 1844 1499 2316 1842 1959 1792 1869 1434 2719 1989 1780 1325 1727 1658 1659 1449 1627 1882 1918 1055
1942 1787 1275 1418 1890 1479 2304 1816 1958 1830 1840 1402 2719 1994 1754 1334 1718 1697 1748 1449 1601 1873 1882 1069
1951 1724 1275 1418 1906 1547 2291 1643 1961 1892 1869 1394 2719 2003 1842 1316 1701 1658 1714 1432 1501 1838 1886 1059
1942 1712 1359 1423 1898 1551 2302 1665 2016 1898 1832 1358 2728 1989 1931 1351 1709 1658 1791 1528 1479 1838 1766 1055
1902 1671 1376 1424 1939 1555 2379 1683 1990 1930 1825 1366 2701 1994 1913 1246 1718 1654 1753 1554 1409 1833 1797 1059
1938 1671 1441 1416 1943 1534 2375 1623 2002 1938 1824 1354 2674 2021 1904 1164 1653 1675 1774 1567 1518 1895 1820 1055
1918 1611 1366 1201 1823 1477 2368 1702 2005 1758 1835 1410 2792 2047 1869 1068 1579 1499 1800 1549 1321 1926 1887 1096
1947 1672 1366 1252 1828 1482 2362 1650 1957 1812 1978 1418 2760 2047 1895 998 1545 1607 1782 1454 1361 1904 1869 1082
1979 1653 1451 1316 1928 1468 2395 1664 1932 1800 1999 1490 2765 2082 1908 977 1558 1611 1804 1463 1422 1895 1771 1087
1991 1715 1507 1342 1997 1472 2333 1668 1978 1751 1988 1542 2765 2082 1824 1029 1575 1654 1800 1458 1440 1820 1758 1082
2003 1706 1500 1355 2019 1493 2346 1673 2086 1772 2011 1530 2737 2078 1794 985 1588 1563 1731 1454 1426 1838 1740 1100
2003 1722 1518 1322 2003 1532 2313 1646 2063 1749 1956 1458 2701 2095 1794 985 1601 1499 1628 1415 1453 1829 1633 1159
1991 1713 1525 1306 1978 1508 2288 1705 2040 1792 1875 1450 2692 2122 1763 1059 1627 1503 1675 1415 1426 1833 1611 1164
1971 1731 1371 1306 1887 1546 2297 1703 2091 1793 1871 1382 2705 2051 1749 1042 1619 1503 1606 1358 1514 1833 1647 1141
1963 1726 1376 1243 1869 1525 2383 1648 2078 1785 1935 1342 2674 2020 1807 1046 1606 1461 1585 1362 1505 1869 1749 1137
1967 1767 1371 1247 1853 1555 2380 1618 1986 1805 1924 1342 2692 2024 1798 1120 1619 1534 1628 1358 1531 1860 1758 1137
1975 1781 1353 1262 1818 1546 2427 1581 1999 1823 1920 1370 2665 1984 1780 1138 1610 1581 1705 1401 1509 1891 1824 1078
1995 1800 1326 1226 1851 1554 2414 1569 2026 1797 2041 1386 2674 1945 1771 1147 1701 1615 1710 1393 1505 1904 1979 1082
1995 1764 1522 1225 1835 1561 2386 1582 2031 1822 2026 1422 2646 1945 1776 1216 1693 1585 1761 1354 1417 1922 2040 1087
2023 1767 1518 1313 1883 1586 2364 1691 2022 1894 1966 1434 2637 1967 1701 1229 1701 1637 1808 1372 1435 1922 1947 1091
2019 1732 1521 1327 1879 1523 2350 1831 2013 2006 1939 1418 2665 1990 1767 1313 1662 1598 1761 1385 1387 1935 1934 1069
2003 1739 1513 1482 1964 1552 2363 1933 1996 1990 1942 1426 2628 1905 1741 1308 1714 1581 1821 1363 1391 1939 1908 1055
1995 1743 1546 1542 1970 1534 2474 1928 1975 2004 1902 1402 2637 1901 1780 1256 1675 1670 1774 1354 1431 1935 1687 1055
2027 1800 1505 1539 1994 1514 2435 1916 1896 1962 1897 1394 2746 1826 1794 1238 1671 1683 1787 1450 1414 1913 1612 1050
2011 1800 1512 1508 2040 1519 2424 1883 1902 1907 1926 1390 2751 1839 1855 1247 1684 1632 1774 1432 1400 1877 1626 1073
2007 1795 1508 1494 2041 1536 2429 1786 1908 1795 1956 1398 2801 1839 1829 1147 1714 1696 1787 1428 1440 1842 1647 1078
1930 1775 1520 1374 1972 1515 2399 1726 1973 1807 1882 1390 2887 1879 1873 1138 1649 1653 1761 1410 1453 1820 1630 1069
1938 1789 1528 1358 1913 1558 2314 1713 1972 1793 1832 1390 2883 1897 1824 1199 1723 1478 1842 1419 1382 1851 1696 1064
1910 1781 1511 1362 1861 1555 2324 1709 2041 1824 1832 1358 2806 1998 1807 1182 1740 1375 1872 1428 1325 1869 1775 1082
1894 1773 1495 1309 1646 1538 2329 1718 2042 1849 1828 1358 2828 1954 1882 1134 1718 1345 1851 1415 1303 1882 1784 1009
1870 1774 1483 1340 1670 1461 2287 1671 2041 1822 1882 1370 2751 1888 1816 1173 1701 1336 1816 1436 1325 1913 1758 1014
1934 1635 1511 1366 1657 1484 2185 1691 1960 1806 1965 1386 2751 1901 1820 1194 1718 1388 1671 1458 1299 1904 1753 1028
1934 1641 1494 1329 1712 1458 2148 1691 1963 1767 1989 1426 2756 1883 1833 1142 1649 1431 1611 1488 1339 1886 1775 1073
1942 1615 1465 1321 1796 1454 2193 1712 1943 1767 1990 1434 2728 1884 1824 1155 1653 1526 1641 1480 1409 1886 1784 1055
1942 1588 1466 1457 1888 1437 2181 1692 1955 1773 1967 1442 2701 1910 1718 1195 1658 1551 1663 1493 1400 1895 1753 1105
1971 1585 1521 1430 1897 1493 2205 1743 1922 1780 1922 1446 2674 1954 1776 1107 1675 1560 1671 1493 1396 1882 1767 1105
1999 1711 1409 1472 1864 1572 2601 1710 2030 1816 2005 1382 2737 2060 1807 1277 1640 1606 1766 1432 1369 2103 1731 1087
1934 1753 1414 1470 1881 1572 2597 1692 1999 1797 1994 1398 2801 2034 1754 1273 1622 1594 1778 1423 1509 2098 1730 1082
1934 1761 1449 1480 1833 1563 2581 1704 1986 1802 2002 1382 2792 2020 1758 1216 1670 1555 1770 1428 1448 2014 1762 1078
1902 1733 1457 1467 1829 1562 2511 1638 1972 1810 1839 1378 2815 2011 1763 1273 1666 1581 1800 1458 1457 1992 1802 1069
1922 1801 1469 1434 1809 1490 2479 1650 1993 1819 1884 1410 2819 2020 1758 1233 1618 1526 1847 1450 1466 1944 1842 1050
1930 1851 1487 1436 1791 1507 2520 1625 1980 1794 1899 1386 2810 2011 1785 1220 1632 1569 1855 1441 1422 1922 1815 1055
1934 1818 1518 1467 1771 1519 2494 1641 2004 1786 1923 1402 2742 2078 1780 1260 1662 1650 1838 1458 1365 1926 1811 1069
1938 1869 1467 1462 1830 1438 2473 1711 2029 1768 1926 1430 2728 2083 1741 1247 1662 1616 1885 1502 1365 1966 1731 1082
1971 1876 1568 1438 1856 1438 2448 1740 2058 1755 1966 1422 2705 2052 1661 1168 1631 1594 1928 1493 1369 1953 1708 1082
1991 1792 1589 1458 1872 1426 2423 1740 2021 1737 1894 1394 2701 2056 1670 1190 1666 1650 1910 1515 1326 1935 1655 1073
1971 1808 1556 1431 1893 1438 2404 1765 2005 1741 1908 1430 2692 2060 1776 1177 1684 1727 1941 1502 1352 1939 1659 1087
2032 1844 1526 1444 1906 1405 2430 1807 1993 1719 1923 1422 2696 2016 1798 1155 1679 1650 1894 1510 1352 1926 1615 1078
2015 1828 1538 1411 1898 1483 2409 1762 1981 1711 1950 1418 2701 2003 1829 1155 1662 1722 1829 1471 1466 1904 1682 1073
2011 1808 1467 1439 1872 1480 2401 1755 1947 1655 1949 1422 2705 1998 1829 1173 1770 1731 1787 1458 1453 1966 1726 1082
1991 1790 1491 1401 1847 1504 2400 1772 1980 1684 2046 1446 2728 2007 1824 1112 1766 1650 1800 1449 1505 1860 1776 1082
2007 1818 1502 1417 1823 1478 2400 1769 1992 1672 2028 1442 2756 1985 1692 1116 1809 1590 1718 1493 1531 1869 1784 1059
1983 1804 1534 1368 1836 1466 2387 1739 1988 1719 1996 1434 2769 1945 1661 1160 1809 1564 1761 1475 1566 1917 1744 1082
1999 1663 1531 1398 1828 1457 2392 1775 1973 1740 1984 1434 2792 1976 1665 1103 1827 1629 1834 1476 1444 1873 1682 1064
1999 1688 1517 1394 1829 1461 2468 1792 1973 1829 2008 1434 2801 2003 1758 1099 1744 1616 1796 1515 1449 1820 1501 1032
1995 1714 1475 1398 1854 1465 2484 1734 1953 1795 1942 1410 2778 2003 1780 1160 1714 1671 1719 1511 1453 1895 1501 1023
1983 1698 1500 1350 1867 1482 2476 1695 2048 1803 1936 1410 2692 2012 1780 1186 1645 1650 1702 1502 1427 1860 1483 1023
1979 1698 1514 1297 1907 1490 2387 1653 2052 1823 1969 1402 2674 2043 1802 1177 1619 1684 1667 1511 1400 1794 1590 996
1975 1805 1495 1288 1919 1473 2402 1605 2070 1798 1942 1390 2646 1980 1811 1247 1580 1615 1642 1598 1418 1851 1616 1014
1983 1785 1483 1313 1922 1490 2347 1583 2087 1766 1934 1390 2628 1949 1811 1220 1558 1606 1663 1554 1396 1877 1735 1041
2003 1772 1496 1326 1926 1469 2393 1613 2058 1795 1900 1386 2633 1896 1771 1229 1580 1602 1770 1571 1396 1900 1726 1087
2011 1740 1505 1391 1925 1427 2447 1604 1954 1782 1893 1366 2728 1931 1785 1194 1641 1611 1782 1558 1449 1922 1753 1091
2027 1739 1466 1522 1884 1440 2540 1673 1951 1730 1864 1390 2728 1927 1776 1173 1632 1594 1778 1550 1453 1939 1695 1105
2023 1768 1490 1512 1897 1457 2537 1630 1950 1755 1871 1386 2737 1958 1754 1125 1671 1568 1782 1415 1470 1917 1718 1128
2011 1781 1522 1511 1910 1440 2574 1609 1931 1772 1939 1374 2742 1985 1745 1134 1688 1577 1748 1419 1488 1900 1740 1119
1947 1789 1499 1507 1923 1429 2540 1617 2001 1760 1882 1402 2715 1994 1789 1151 1710 1581 1710 1393 1488 1824 1758 1087
2019 1724 1442 1444 1889 1511 2483 1519 1979 1747 1841 1390 2651 1989 1771 1137 1662 1555 1795 1558 1492 1807 1802 1119
1991 1756 1428 1407 1928 1545 2453 1588 1995 1784 1836 1370 2642 2002 1745 1155 1667 1581 1791 1528 1483 1807 1811 1109
1987 1755 1443 1443 1945 1363 2501 1577 1950 1802 1870 1358 2646 1954 1771 1155 1658 1611 1804 1484 1453 1802 1815 1100
1983 1743 1458 1445 1954 1418 2481 1642 1976 1767 1867 1358 2687 1958 1749 1173 1649 1628 1817 1484 1426 1802 1846 1055
1971 1741 1455 1473 1922 1421 2482 1725 1982 1782 1871 1410 2619 1963 1732 1164 1658 1551 1817 1484 1431 1895 1850 1059
1947 1749 1451 1461 2017 1443 2451 1713 1971 1738 1968 1410 2624 1976 1741 1138 1680 1568 1830 1410 1448 1895 1815 1055
1951 1710 1465 1445 1994 1393 2434 1688 1968 1713 1985 1414 2624 1963 1785 1090 1693 1538 1821 1350 1470 1855 1775 1050
1959 1752 1403 1387 1983 1461 2402 1692 2024 1696 1996 1422 2569 1990 1758 1068 1662 1525 1812 1354 1461 1873 1699 1064
1955 1752 1438 1375 1994 1496 2319 1702 2011 1682 1975 1402 2578 2021 1838 985 1662 1482 1821 1350 1466 1873 1770 1109
1983 1745 1453 1337 2001 1431 2338 1681 1993 1704 1973 1390 2642 1985 1851 1015 1675 1542 1804 1363 1484 1882 1743 1100
2011 1763 1553 1312 1881 1405 2356 1690 2043 1809 1940 1398 2646 1981 1877 1025 1649 1564 1782 1411 1405 1851 1765 1100
2007 1806 1540 1286 1865 1360 2355 1711 2051 1826 1923 1390 2633 1990 1877 1051 1631 1662 1731 1471 1387 1873 1756 1128
1987 1781 1620 1315 1865 1378 2351 1719 2041 1806 1892 1398 2674 2021 1794 1064 1679 1671 1757 1506 1409 1829 1815 1119
1991 1793 1579 1333 1844 1366 2433 1668 2067 1793 1892 1422 2674 2074 1732 1142 1653 1752 1748 1528 1391 1802 1709 1146
1967 1823 1549 1337 1835 1431 2384 1656 2111 1781 1901 1410 2701 2091 1741 1055 1662 1752 1770 1441 1365 1794 1704 1150
1955 1786 1447 1354 1865 1380 2373 1677 2104 1715 1916 1406 2705 2096 1727 1059 1653 1730 1774 1446 1431 1816 1686 1155
1975 1757 1440 1396 1896 1420 2411 1667 2064 1735 1915 1406 2701 2083 1608 1103 1618 1649 1783 1424 1435 1780 1726 1128
1999 1742 1471 1384 1893 1436 2480 1681 2025 1760 1943 1402 2696 2052 1710 1090 1610 1607 1770 1406 1400 1798 1731 1123
1995 1717 1442 1414 1902 1443 2402 1699 2004 1807 1953 1402 2692 1968 1758 1077 1645 1560 1783 1385 1409 1811 1731 1091
2011 1700 1469 1457 1919 1431 2391 1711 2008 1801 1945 1398 2642 2039 1741 1076 1640 1586 1753 1449 1405 1794 1753 1100
2027 1713 1475 1481 1927 1503 2389 1711 1940 1798 1924 1394 2637 2012 1732 1111 1640 1586 1744 1432 1378 1824 1771 1087
2007 1721 1495 1489 1904 1508 2360 1723 1973 1782 1928 1402 2642 2003 1851 1111 1679 1594 1808 1484 1370 1851 1780 1078
1991 1720 1472 1485 1890 1483 2315 1725 1949 1768 1949 1402 2660 1989 1851 1098 1688 1632 1787 1454 1400 1807 1766 1096
1983 1767 1505 1451 1912 1475 2397 1734 1940 1770 1946 1402 2674 1998 1780 1133 1688 1603 1757 1458 1422 1794 1771 1123
1971 1778 1521 1441 1898 1488 2470 1689 1892 1766 1951 1410 2710 1923 1794 1216 1701 1577 1770 1450 1448 1829 1762 1119
1975 1774 1545 1393 1903 1479 2475 1668 1930 1766 1957 1422 2705 1936 1811 1234 1714 1577 1778 1458 1488 1811 1748 1141
1971 1765 1535 1376 1903 1491 2492 1665 1933 1818 1973 1430 2696 1914 1754 1243 1732 1568 1778 1423 1483 1833 1753 1119
2007 1773 1516 1418 1945 1549 2459 1635 1958 1850 1927 1410 2733 1932 1754 1273 1701 1603 1761 1424 1444 1931 1780 1096
2019 1770 1508 1417 1970 1474 2467 1694 1966 1855 1960 1358 2756 1923 1723 1273 1736 1603 1783 1471 1391 1961 1779 1073
1999 1754 1462 1375 1988 1491 2418 1730 1976 1856 1996 1386 2760 1936 1701 1194 1692 1620 1765 1471 1383 1979 1788 1059
2011 1770 1473 1381 1898 1423 2409 1687 1945 1762 1922 1410 2710 2003 1829 1229 1645 1513 1800 1432 1370 1855 1833 1069
2011 1788 1512 1361 1920 1395 2378 1688 1894 1731 1976 1382 2660 2008 1798 1212 1675 1534 1834 1406 1413 1851 1833 1050
2015 1835 1545 1336 1942 1407 2399 1679 1920 1743 1928 1418 2633 1981 1723 1190 1701 1559 1855 1397 1422 1886 1842 1050
1999 1833 1588 1349 1937 1412 2417 1670 1932 1778 1957 1406 2683 1937 1692 1212 1649 1602 1817 1367 1452 1917 1815 1032
1983 1821 1598 1398 2005 1405 2418 1657 1961 1780 1889 1422 2687 1915 1661 1221 1636 1585 1804 1306 1492 1970 1788 1028
1979 1772 1580 1334 1983 1434 2405 1628 1940 1780 1931 1410 2701 1852 1599 1212 1706 1559 1843 1319 1514 1975 1775 1005
1967 1761 1513 1397 1961 1492 2451 1589 2012 1766 1919 1394 2760 1879 1643 1247 1705 1576 1830 1393 1474 1961 1700 987
1983 1724 1483 1452 1897 1510 2448 1611 1982 1783 1974 1378 2737 1897 1683 1251 1675 1594 1808 1410 1475 1944 1660 1000
1995 1733 1465 1477 1818 1464 2480 1602 2018 1788 1931 1414 2715 1936 1727 1256 1662 1624 1843 1493 1440 1939 1691 1009
2003 1766 1471 1473 1798 1506 2509 1658 2021 1801 1966 1386 2705 1909 1763 1273 1723 1658 1830 1489 1409 1917 1709 996
2023 1745 1464 1541 1811 1506 2559 1677 2012 1847 1954 1370 2683 1950 1860 1251 1697 1679 1860 1528 1400 1926 1700 1050
2003 1762 1448 1543 1828 1460 2518 1668 1972 1887 1950 1394 2665 1936 1904 1243 1675 1679 1855 1480 1387 1922 1704 1073
2011 1775 1423 1517 1873 1452 2514 1664 1982 1865 1898 1426 2683 1959 1873 1260 1679 1662 1834 1445 1440 1913 1718 1055
2032 1761 1410 1495 1902 1456 2523 1671 1960 1850 1902 1406 2683 1972 1882 1239 1722 1658 1825 1436 1440 1913 1762 1019
2019 1781 1411 1473 1899 1417 2515 1648 2020 1838 1903 1462 2687 2003 1877 1243 1710 1671 1783 1480 1435 1917 1736 1055
1991 1753 1425 1475 1920 1404 2474 1639 2021 1792 1866 1478 2674 2025 1794 1282 1671 1619 1753 1445 1387 1917 1767 1050
2023 1724 1478 1468 1908 1425 2469 1669 2055 1772 1846 1466 2719 2003 1710 1277 1684 1559 1757 1484 1431 1966 1829 1023
2007 1742 1519 1447 1896 1391 2437 1650 2045 1770 1925 1454 2728 1985 1745 1229 1649 1555 1791 1506 1348 1931 1820 1032
2019 1741 1528 1428 1939 1403 2395 1673 2020 1782 1935 1426 2719 1981 1705 1247 1619 1534 1757 1497 1422 1908 1811 1064
2023 1744 1580 1432 1927 1402 2385 1674 1969 1810 1931 1374 2724 2007 1688 1256 1597 1551 1757 1519 1422 1935 1833 1069
2019 1754 1617 1378 1893 1419 2419 1645 1959 1952 1980 1358 2737 1990 1710 1186 1610 1572 1753 1510 1466 1948 1789 1046
2011 1719 1632 1339 1917 1394 2370 1637 1905 1923 2008 1334 2696 1998 1741 1190 1627 1585 1714 1484 1431 1939 1807 1059
2011 1699 1569 1356 1928 1419 2378 1651 1878 1935 1942 1302 2696 2012 1736 1243 1675 1598 1718 1532 1470 1997 1815 1069
1987 1722 1574 1368 1911 1436 2394 1659 1907 1897 1938 1310 2715 1927 1789 1243 1696 1675 1770 1536 1422 2023 1753 1091
1971 1708 1510 1373 1915 1457 2369 1633 1952 1878 1948 1334 2687 1905 1776 1234 1723 1615 1829 1505 1444 1975 1731 1109
1987 1721 1518 1390 1941 1474 2285 1650 1911 1730 1960 1334 2660 1932 1767 1295 1740 1615 1812 1527 1448 1966 1797 1100
2011 1768 1506 1446 1925 1499 2364 1657 1949 1750 1933 1378 2646 1936 1767 1317 1727 1615 1880 1488 1439 1891 1793 1100
2036 1840 1506 1430 1925 1508 2343 1657 1957 1740 1948 1418 2646 1927 1771 1291 1684 1611 1868 1480 1448 1877 1815 1100
2036 1822 1480 1388 1907 1501 2330 1652 1953 1765 1959 1454 2665 2007 1705 1264 1710 1555 1816 1454 1474 1833 1868 1082
2032 1822 1507 1384 1862 1496 2306 1633 1881 1746 1955 1426 2692 2011 1807 1203 1688 1568 1799 1450 1457 1891 1859 1055
1934 1688 1481 1372 1872 1529 2485 1641 1951 1838 1845 1370 2669 2012 1922 1146 1636 1615 1757 1541 1562 1886 1846 1046
1906 1697 1481 1367 1880 1454 2509 1677 1984 1781 1835 1374 2660 2007 1829 1194 1610 1649 1782 1411 1544 1900 1771 1064
1922 1700 1486 1466 1922 1423 2428 1693 1952 1780 1879 1418 2646 1940 1741 1133 1618 1598 1727 1302 1627 1877 1736 1100
1975 1713 1477 1474 1893 1411 2457 1705 1982 1757 1900 1422 2692 1953 1692 1155 1532 1559 1774 1302 1575 1966 1753 1109
1959 1661 1508 1450 1880 1344 2453 1722 1982 1742 1929 1426 2710 1980 1630 1120 1601 1559 1770 1345 1465 1939 1718 1119
1951 1686 1518 1414 1863 1378 2409 1726 1990 1772 1946 1438 2724 1985 1612 1107 1614 1581 1779 1354 1474 1948 1678 1128
1975 1703 1444 1484 1863 1390 2434 1694 2034 1763 1945 1410 2742 1998 1670 1028 1636 1589 1770 1458 1479 1984 1771 1146
1983 1785 1455 1423 1800 1420 2541 1673 2047 1772 1917 1382 2760 2047 1630 1032 1645 1619 1783 1449 1475 2076 1819 1137
2007 1819 1439 1318 1766 1360 2542 1666 1936 1780 1930 1370 2742 2056 1714 1085 1731 1722 1800 1502 1492 1992 1877 1150
2003 1892 1394 1341 1762 1406 2550 1641 1968 1767 1871 1462 2715 2021 1776 1168 1688 1730 1796 1454 1470 1961 1864 1132
2019 1894 1358 1380 1762 1399 2491 1666 2002 1742 1875 1446 2696 2056 1824 1181 1692 1700 1736 1415 1453 1953 1886 1155
1999 1906 1423 1321 1796 1407 2458 1678 1947 1780 1863 1374 2696 2074 1785 1242 1757 1675 1766 1454 1448 1900 1837 1091
1987 1813 1437 1315 1758 1407 2428 1746 1926 1742 1861 1310 2651 2069 1838 1251 1744 1683 1735 1480 1400 1860 1797 1059
1967 1778 1455 1399 1892 1480 2365 1746 2020 1702 1918 1330 2669 2056 1816 1251 1727 1568 1718 1532 1409 1816 1704 1023
1967 1738 1473 1403 1896 1505 2251 1883 1972 1639 1949 1182 2701 2038 1855 1234 1645 1559 1753 1523 1444 1970 1673 1032
1971 1766 1492 1420 1937 1500 2289 1891 1941 1669 1923 1194 2715 1998 1833 1229 1623 1602 1778 1592 1400 1984 1660 991
1967 1724 1514 1444 1942 1560 2281 1899 1955 1641 1939 1294 2696 1971 1833 1216 1562 1568 1766 1636 1431 2014 1673 1009
1983 1694 1505 1511 1997 1537 2243 1835 1952 1677 2045 1362 2728 1985 1811 1225 1575 1546 1826 1649 1414 1979 1655 1019
1987 1722 1500 1517 1897 1512 2280 1830 1971 1698 2001 1346 2715 2020 1785 1172 1575 1551 1838 1550 1414 2023 1677 1050
1999 1811 1491 1504 1888 1520 2353 1725 1975 1795 2005 1394 2724 2087 1745 1072 1627 1529 1821 1602 1405 1895 1700 1041
2007 1800 1488 1488 1880 1508 2311 1764 1987 1787 2015 1350 2692 2135 1802 1037 1653 1504 1855 1580 1418 1877 1717 1082
1934 1829 1480 1440 1805 1415 2393 1793 1986 1775 2018 1354 2710 2140 1785 1063 1653 1525 1821 1528 1413 1838 1740 1114
1902 1907 1481 1348 1840 1446 2427 1798 1957 1894 1932 1338 2710 2122 1802 1072 1653 1547 1770 1598 1356 1820 1735 1128
1894 1884 1469 1371 1870 1429 2398 1811 1955 1882 1922 1334 2710 2095 1829 1063 1653 1564 1744 1598 1378 1833 1709 1119
1898 1854 1481 1392 1874 1417 2440 1778 1968 1967 1950 1346 2728 2034 1811 1168 1640 1611 1740 1550 1378 1824 1740 1150
1878 1798 1485 1392 1900 1429 2471 1706 1972 1962 1945 1394 2756 2034 1714 1194 1636 1607 1731 1558 1369 1811 1727 1096
1942 1721 1486 1379 1944 1482 2403 1702 2016 1916 1831 1378 2774 2016 1723 1164 1592 1499 1731 1654 1330 1851 1758 1087
1942 1679 1409 1320 1914 1471 2370 1697 2036 1789 1814 1382 2765 2043 1736 1146 1566 1508 1736 1549 1343 1877 1758 1087
1942 1629 1356 1253 1814 1504 2383 1676 1987 1858 1806 1358 2796 2043 1798 1099 1566 1499 1744 1545 1326 1922 1780 1073
1918 1598 1356 1226 1802 1520 2374 1693 1969 1730 1767 1374 2774 2056 1842 1064 1597 1465 1804 1549 1313 1913 1788 1059
1995 1744 1585 1485 1934 1454 2273 1702 1886 1792 1921 1410 2674 1958 1763 1085 1671 1547 1821 1480 1466 1842 1686 1119
1995 1739 1590 1537 1925 1446 2311 1697 1890 1847 1906 1386 2660 1981 1776 1125 1679 1525 1796 1467 1496 1820 1677 1046
1979 1743 1616 1553 1892 1450 2332 1676 1922 1827 1877 1382 2655 1963 1714 1116 1684 1555 1744 1527 1483 1838 1673 1100
1975 1770 1540 1496 1931 1474 2327 1688 1921 1665 1901 1370 2660 1967 1723 1155 1688 1568 1761 1532 1531 1847 1748 1091
1971 1715 1476 1485 1915 1491 2285 1650 1937 1690 1878 1362 2687 2003 1824 1116 1645 1577 1804 1514 1605 1855 1704 1096
1963 1718 1383 1405 1745 1519 2327 1666 1977 1704 1895 1418 2710 2047 1807 1112 1666 1572 1795 1553 1540 1948 1793 1082
1971 1738 1381 1382 1749 1535 2270 1696 2080 1653 1955 1414 2719 2052 1820 1107 1545 1568 1821 1540 1566 1961 1793 1128
1987 1746 1381 1357 1716 1498 2256 1784 2067 1662 1948 1410 2733 2056 1997 1120 1558 1555 1825 1471 1575 2001 1811 1069
1967 1766 1455 1375 1736 1477 2302 1758 2087 1792 1809 1390 2737 2052 1961 1072 1519 1568 1774 1476 1562 1992 1683 1087
1930 1811 1451 1339 1752 1456 2356 1763 2087 1727 1830 1390 2751 2083 1851 1164 1515 1547 1744 1471 1461 1984 1732 1041
1942 1727 1463 1355 1891 1444 2343 1741 2075 1708 1907 1362 2746 2056 1855 1138 1502 1551 1744 1454 1461 1891 1727 1055
1926 1738 1537 1378 1917 1440 2420 1695 1954 1729 1883 1370 2769 1967 1882 1064 1654 1598 1723 1458 1426 1944 1740 1059
1849 1760 1541 1399 1943 1485 2400 1579 1971 1746 1918 1386 2828 1985 1767 1129 1658 1654 1808 1445 1413 1847 1629 1064
1902 1743 1572 1384 1939 1490 2348 1571 1959 1727 2013 1422 2728 2034 1780 1095 1688 1551 1816 1432 1396 1816 1682 1055
1975 1778 1631 1397 1939 1552 2390 1571 2007 1758 1999 1430 2715 1958 1749 1125 1736 1556 1851 1454 1426 1807 1726 1073
1975 1867 1600 1385 1943 1572 2391 1601 2012 1749 1914 1418 2705 1971 1732 1173 1740 1581 1808 1445 1462 1886 1686 1073
1967 1804 1520 1373 1931 1511 2378 1614 2032 1754 1861 1434 2678 2038 1727 1252 1697 1568 1833 1467 1496 1820 1691 1032
2023 1803 1530 1357 1931 1476 2415 1637 2033 1744 1878 1430 2601 2047 1710 1155 1671 1496 1825 1498 1553 1869 1758 1023
1991 1805 1530 1450 1914 1517 2471 1702 2025 1738 1895 1398 2692 1994 1710 1195 1593 1653 1856 1515 1606 1904 1771 1032
1963 1761 1558 1461 1881 1460 2426 1693 1996 1743 1914 1378 2687 2016 1771 1182 1571 1662 1852 1511 1571 1913 1709 1046
1967 1719 1453 1495 1842 1410 2418 1573 2004 1756 1916 1374 2733 1963 1922 1107 1567 1653 1865 1524 1570 1891 1766 1028
1991 1777 1448 1447 1854 1501 2513 1560 1987 1757 1959 1370 2728 1976 1908 1182 1562 1662 1860 1519 1540 1904 1757 1005
1999 1703 1459 1411 1854 1498 2492 1492 1915 1667 1868 1362 2737 1976 1829 1173 1671 1722 1787 1502 1514 1917 1793 1019
2007 1681 1395 1341 1867 1452 2492 1456 1906 1630 1923 1398 2742 1989 1847 1182 1753 1629 1766 1475 1487 1886 1779 1005
2027 1694 1334 1317 2012 1529 2458 1461 1917 1642 1918 1410 2760 1919 1816 1086 1762 1659 1753 1449 1505 1816 1788 996
2011 1716 1452 1289 1987 1505 2548 1538 1927 1630 1915 1410 2687 1950 1696 1173 1757 1637 1774 1445 1427 1776 1753 1000
2027 1645 1428 1341 1953 1480 2482 1564 1949 1651 1895 1374 2705 1972 1727 1085 1783 1637 1804 1419 1308 1771 1775 1046
2023 1690 1424 1404 1944 1527 2528 1600 2013 1738 1974 1374 2728 1959 1824 1194 1636 1645 1778 1419 1347 1820 1753 1050
2027 1739 1441 1378 1953 1527 2614 1661 2036 1791 2036 1378 2728 1981 1811 1199 1644 1645 1766 1415 1330 1851 1749 1064
1983 1769 1420 1460 1819 1523 2700 1667 2023 1791 2042 1378 2715 2034 1829 1295 1653 1619 1731 1423 1308 2037 1708 1082
1930 1777 1498 1478 1943 1450 2500 1635 2006 1777 1926 1418 2678 1972 1749 1190 1623 1585 1723 1398 1523 1802 1735 1091
1902 1774 1498 1387 1939 1429 2479 1599 1997 1797 1933 1398 2678 1967 1763 1173 1640 1585 1753 1398 1532 1842 1735 1114
1918 1745 1498 1404 1939 1408 2450 1643 1980 1788 1849 1406 2692 1990 1776 1172 1614 1615 1727 1445 1558 1847 1748 1114
1942 1760 1481 1370 1892 1450 2384 1730 1996 1763 1810 1410 2705 1976 1767 1225 1619 1590 1787 1450 1584 1829 1704 1128
2019 1771 1514 1366 1880 1454 2381 1672 1951 1738 1889 1426 2728 1936 1758 1194 1632 1598 1770 1445 1528 1776 1695 1128
2023 1784 1506 1358 1830 1461 2409 1673 1970 1755 1862 1402 2737 1914 1767 1128 1601 1572 1748 1432 1427 1798 1700 1123
2052 1813 1514 1359 1818 1483 2413 1666 1978 1747 1871 1398 2742 1892 1749 1137 1514 1568 1710 1441 1370 1771 1726 1109
2056 1803 1519 1360 1797 1530 2442 1628 1970 1747 1947 1398 2746 1910 1741 1181 1549 1512 1744 1406 1208 1767 1704 1091
2036 1764 1512 1350 1835 1496 2450 1504 1965 1796 1935 1402 2765 1923 1723 1120 1562 1469 1727 1394 1186 1771 1758 1073
2003 1731 1495 1350 1814 1499 2450 1465 1949 1837 1927 1362 2760 2007 1710 1168 1580 1474 1757 1407 1186 1873 1767 1055
2015 1726 1479 1375 1860 1478 2408 1465 1903 1847 1920 1390 2756 1985 1727 1203 1614 1465 1748 1411 1212 1855 1776 1059
1995 1661 1475 1384 1922 1453 2433 1457 1919 1826 1905 1410 2751 2021 1718 1212 1697 1371 1791 1406 1286 1860 1762 1046
1999 1679 1461 1388 1925 1351 2421 1494 1919 1888 1914 1406 2728 1994 1736 1203 1701 1409 1770 1445 1409 1855 1780 1023
1991 1712 1431 1420 1921 1310 2442 1505 1927 1837 1912 1402 2692 1981 1749 1181 1650 1482 1761 1458 1405 1882 1766 1023
2003 1735 1455 1415 1938 1307 2451 1588 1937 1803 1922 1430 2660 1972 1701 1037 1610 1444 1774 1484 1474 1908 1802 1082
2015 1710 1447 1411 1913 1299 2430 1604 1966 1789 1923 1422 2655 2007 1696 1063 1632 1439 1812 1502 1457 1913 1780 1073
2015 1767 1454 1401 1847 1402 2397 1604 1949 1823 1932 1406 2651 1980 1727 1058 1632 1564 1774 1523 1413 1811 1780 1073
1947 1735 1492 1400 1856 1474 2409 1607 1958 1773 1911 1398 2655 1998 1710 1032 1632 1560 1804 1537 1418 1842 1802 1100
1951 1671 1530 1395 1848 1516 2413 1653 1964 1777 1910 1394 2669 2016 1732 1024 1692 1551 1817 1532 1453 1820 1829 1114
2027 1646 1447 1403 1839 1527 2376 1606 1951 1764 1875 1350 2705 2016 1767 1133 1692 1607 1825 1476 1439 1807 1780 1078
2015 1676 1471 1403 1839 1531 2401 1624 1971 1778 1886 1354 2710 2034 1771 1111 1684 1637 1812 1467 1448 1661 1789 1082
2015 1683 1469 1481 1857 1470 2353 1684 1963 1748 1846 1362 2710 2020 1745 1103 1662 1551 1885 1454 1427 1754 1668 1087
2153 1719 1427 1468 1895 1495 2435 1685 1970 1732 1861 1374 2719 2012 1754 1103 1658 1495 1855 1475 1427 1741 1641 1059
2153 1770 1410 1477 1911 1511 2382 1653 1844 1762 1868 1374 2715 2016 1754 1173 1636 1491 1825 1502 1409 1732 1628 1059
2068 1777 1477 1423 1902 1499 2418 1662 1819 1732 1888 1390 2728 1998 1754 1102 1640 1487 1804 1466 1414 1789 1614 1069
2092 1775 1417 1436 1850 1524 2414 1668 1810 1706 1892 1394 2728 1967 1732 1028 1649 1521 1787 1471 1396 1944 1641 1059
2117 1724 1430 1400 1845 1507 2512 1554 1809 1706 1926 1406 2746 1985 1780 1010 1653 1568 1761 1484 1444 1961 1757 1064
2044 1712 1410 1414 1811 1584 2419 1566 1843 1709 1907 1418 2746 1985 1767 1032 1653 1594 1774 1480 1466 1953 1779 1105
2044 1709 1406 1394 1782 1511 2469 1541 1934 1707 1910 1426 2687 1980 1754 1015 1666 1611 1786 1471 1488 1984 1762 1105
2048 1719 1398 1433 1820 1524 2457 1528 1976 1739 1919 1402 2665 1971 1767 1085 1653 1619 1791 1536 1470 1816 1793 1100
1971 1729 1438 1383 1963 1500 2438 1793 1988 1825 2025 1382 2760 1940 1701 1177 1649 1611 1787 1458 1365 1984 1797 1050
1979 1779 1418 1412 1968 1512 2463 1818 1988 1760 2033 1362 2769 1945 1736 1129 1640 1633 1757 1480 1396 2010 1784 1100
1963 1792 1396 1379 1946 1475 2471 1844 1963 1726 2008 1378 2742 2021 1714 1120 1688 1611 1787 1562 1382 2001 1735 1105
1963 1747 1432 1379 1912 1537 2445 1751 2002 1696 1973 1430 2724 2021 1776 1163 1697 1658 1757 1523 1457 1948 1705 1064
1995 1747 1471 1404 1933 1506 2499 1760 2006 1750 1918 1402 2724 2065 1785 1234 1710 1620 1786 1558 1443 1891 1669 1078
2044 1804 1490 1388 1966 1468 2459 1705 2022 1748 1894 1370 2701 2083 1741 1265 1692 1616 1769 1588 1422 1908 1643 1055
2036 1734 1490 1370 1991 1428 2426 1693 2007 1757 1858 1374 2724 2123 1741 1282 1705 1547 1804 1592 1365 1895 1660 1019
1983 1739 1510 1325 1921 1450 2481 1698 1994 1776 1939 1386 2719 2065 1732 1260 1670 1556 1765 1549 1395 1908 1678 1023
1991 1711 1473 1332 1926 1440 2497 1676 1964 1789 1961 1398 2683 2083 1718 1212 1631 1479 1761 1575 1374 1939 1722 1037
1999 1721 1473 1323 1884 1478 2446 1646 1947 1743 1953 1398 2665 2070 1749 1199 1649 1457 1782 1523 1404 1979 1802 1032
1987 1680 1449 1305 1871 1491 2450 1646 1919 1807 1966 1434 2696 2060 1798 1159 1653 1470 1795 1510 1374 1961 1833 1046
1987 1761 1457 1307 1819 1524 2424 1646 1896 1807 1960 1474 2696 2038 1736 1181 1614 1534 1812 1501 1387 1988 1811 1069
2027 1791 1464 1321 1895 1532 2365 1641 1910 1809 1874 1514 2655 2056 1811 1216 1619 1500 1829 1506 1387 1957 1824 1073
2032 1831 1494 1305 1932 1532 2317 1667 1893 1834 1854 1494 2687 2047 1807 1225 1584 1547 1876 1441 1404 1975 1864 1087
2019 1868 1475 1319 1897 1495 2312 1684 1915 1802 1843 1498 2724 2051 1820 1260 1567 1602 1872 1467 1365 1953 1815 1073
1979 1914 1417 1367 1867 1473 2440 1677 1933 1800 1813 1474 2710 1971 1829 1273 1588 1568 1842 1480 1365 1944 1775 1069
1975 1872 1457 1336 1904 1440 2412 1681 1977 1791 1874 1478 2728 1967 1855 1260 1614 1564 1804 1445 1426 1877 1797 1059
1959 1841 1452 1363 1931 1357 2417 1660 2010 1801 1928 1438 2751 1940 1807 1260 1614 1619 1783 1410 1422 1864 1775 1041
1959 1809 1424 1397 1856 1357 2446 1660 1985 1819 1917 1462 2756 1927 1824 1225 1649 1555 1723 1462 1369 1816 1677 1032
1951 1795 1459 1431 1911 1381 2517 1661 1991 1855 1987 1462 2760 1887 1758 1194 1632 1577 1688 1462 1382 1851 1668 1073
1926 1777 1514 1453 1933 1394 2419 1669 1969 1850 2020 1446 2756 1914 1732 1221 1623 1615 1641 1458 1404 1895 1699 1064
1922 1771 1524 1472 1921 1369 2485 1643 1977 1874 1946 1410 2719 1909 1789 1186 1658 1628 1633 1471 1330 1904 1695 1050
1938 1738 1515 1435 1899 1410 2448 1659 1963 1858 1944 1414 2742 1896 1794 1142 1649 1538 1615 1449 1326 1926 1678 1059
1951 1790 1543 1409 1953 1412 2457 1661 1958 1844 1943 1370 2710 1856 1763 1182 1597 1577 1637 1371 1335 1957 1717 1078
1942 1731 1509 1375 1959 1383 2403 1647 1909 1805 1877 1350 2655 1897 1824 1182 1627 1551 1624 1341 1348 1957 1753 1078
1975 1726 1495 1366 1975 1383 2352 1660 1909 1791 1894 1410 2692 1901 1789 1138 1645 1543 1706 1298 1400 1873 1753 1100
1995 1715 1460 1354 1959 1420 2368 1693 1906 1806 1908 1434 2705 1888 1727 1160 1579 1508 1710 1311 1440 1895 1757 1119
1999 1709 1494 1407 1921 1413 2406 1652 1922 1788 1921 1386 2710 1897 1763 1221 1601 1534 1736 1328 1440 1851 1806 1105
1983 1705 1470 1416 1943 1437 2372 1664 1932 1752 1917 1410 2705 1950 1798 1190 1662 1483 1783 1362 1413 1855 1806 1109
2003 1707 1455 1388 1907 1444 2371 1682 1911 1794 1985 1418 2724 1963 1776 1190 1654 1483 1847 1410 1396 1798 1806 1073
2003 1858 1475 1384 1866 1484 2331 1611 1883 1743 1940 1406 2719 2007 1802 1168 1662 1581 1847 1428 1461 1895 1788 1046
1971 1876 1460 1326 1849 1479 2292 1589 1851 1756 1957 1370 2737 2047 1869 1151 1667 1611 1791 1480 1518 1935 1744 1073
1906 1850 1472 1366 1858 1499 2303 1622 1866 1761 1933 1330 2778 1998 1873 1185 1662 1581 1765 1454 1540 1926 1691 1050
1878 1855 1470 1388 1829 1456 2299 1571 1877 1760 1922 1314 2760 1954 1931 1194 1662 1581 1770 1463 1579 1904 1722 1023
1906 1829 1468 1356 1858 1453 2308 1616 1889 1778 1893 1338 2765 1976 1833 1277 1658 1632 1757 1463 1641 1860 1744 1019
1922 1835 1408 1328 1815 1453 2363 1634 1928 1790 1876 1338 2742 1932 1847 1299 1671 1581 1757 1476 1584 1873 1730 1050
1926 1763 1387 1361 1845 1457 2356 1649 1940 1778 1871 1338 2728 1910 1798 1295 1679 1551 1765 1454 1527 1873 1775 1023
1955 1714 1382 1316 1842 1428 2356 1616 1943 1763 1883 1326 2674 1958 1785 1238 1710 1576 1787 1519 1505 1908 1824 1046
1955 1702 1426 1329 1903 1480 2397 1646 1960 1710 1908 1350 2678 1971 1741 1264 1679 1547 1830 1563 1435 1913 1811 1082
1967 1718 1432 1376 1906 1453 2414 1613 1994 1717 1950 1358 2669 1936 1776 1216 1670 1512 1834 1589 1387 1939 1789 1082
1979 1725 1483 1413 1950 1441 2380 1664 1998 1685 1923 1382 2705 1945 1776 1186 1688 1517 1825 1580 1396 1904 1842 1046
1987 1796 1515 1418 1919 1458 2381 1645 2049 1693 1923 1402 2683 1962 1789 1190 1675 1543 1851 1593 1426 1944 1820 1046
2015 1766 1488 1444 1916 1467 2356 1673 2025 1708 1931 1438 2715 1994 1771 1194 1692 1551 1872 1562 1426 1891 1820 1032
2044 1770 1449 1436 1919 1478 2302 1631 2002 1814 1893 1402 2710 2020 1794 1177 1744 1607 1902 1528 1457 1922 1802 1019
2048 1749 1451 1403 1891 1491 2318 1679 1983 1826 1871 1402 2728 1981 1763 1164 1762 1615 1911 1571 1448 1979 1824 1032
2060 1671 1414 1415 1920 1478 2343 1623 1957 1833 1880 1414 2710 1963 1710 1190 1784 1620 1877 1571 1505 1979 1833 1078
2040 1652 1423 1384 1992 1499 2330 1630 1884 1807 1858 1442 2719 1972 1696 1133 1844 1628 1881 1580 1492 1979 1829 1055
2007 1719 1429 1376 1974 1524 2389 1619 1916 1804 1794 1426 2683 1972 1710 1164 1840 1615 1825 1541 1479 1975 1802 1041
2032 1679 1460 1399 1966 1529 2388 1645 1933 1706 1834 1434 2710 1946 1701 1134 1818 1590 1791 1510 1448 1975 1829 1050
2007 1772 1479 1456 2025 1461 2384 1636 1917 1656 1875 1434 2728 1968 1727 1151 1831 1547 1757 1497 1426 1873 1789 1023
1971 1836 1524 1424 1962 1445 2360 1690 1937 1661 1861 1430 2756 2016 1785 1147 1766 1598 1804 1475 1404 1838 1771 955
1991 1816 1510 1467 1941 1403 2417 1689 1984 1717 1896 1366 2787 1985 1789 1177 1688 1632 1757 1454 1422 1824 1802 978
2011 1802 1543 1459 2026 1440 2388 1680 1968 1705 1923 1370 2796 1981 1794 1142 1640 1645 1826 1471 1413 1824 1789 1019
1983 1829 1525 1452 2031 1406 2401 1679 1959 1748 1873 1346 2787 1980 1798 1125 1636 1632 1860 1445 1444 1847 1762 1023
1995 1763 1434 1408 2003 1510 2395 1654 2004 1778 1842 1330 2737 2007 1820 1133 1636 1671 1868 1406 1457 1838 1793 1055
2040 1746 1435 1454 2048 1582 2386 1594 1993 1843 1882 1338 2715 2007 1829 1142 1692 1649 1890 1467 1405 1882 1793 1100
2064 1812 1414 1456 2049 1578 2354 1573 1984 1805 1853 1366 2696 2002 1851 1195 1684 1641 1873 1480 1405 1882 1780 1146
2064 1750 1452 1438 1974 1503 2366 1577 1958 1826 1884 1394 2724 2007 1851 1217 1797 1650 1847 1497 1444 1908 1815 1082
2044 1748 1483 1378 1962 1491 2404 1543 1956 1854 1925 1414 2724 2012 1847 1256 1766 1688 1787 1532 1418 1847 1850 1078
2032 1702 1594 1386 1943 1434 2389 1538 1959 1858 1929 1410 2751 2039 1816 1260 1770 1628 1796 1553 1400 1917 1851 1050
2044 1800 1434 1496 1946 1509 2425 1677 1957 1745 1915 1406 2796 1918 1776 1242 1701 1649 1808 1467 1348 1873 1793 1055
2076 1771 1502 1476 1998 1500 2484 1689 1920 1743 1956 1446 2760 1914 1785 1242 1706 1646 1778 1488 1352 1922 1748 1037
2060 1690 1519 1469 1986 1511 2531 1726 1899 1745 1927 1462 2737 1896 1811 1229 1663 1693 1855 1488 1413 1908 1691 1041
2036 1729 1490 1462 1928 1497 2512 1714 1906 1763 1937 1458 2751 1931 1802 1216 1667 1646 1791 1484 1391 1992 1664 1019
2019 1686 1518 1443 1940 1452 2479 1701 1890 1752 1944 1438 2724 1904 1802 1234 1632 1654 1769 1519 1492 1935 1646 1009
1999 1723 1553 1441 1917 1452 2396 1683 1930 1759 1932 1410 2660 1927 1758 1208 1676 1671 1748 1575 1510 1913 1633 1019
1971 1721 1530 1469 1874 1436 2366 1706 1950 1729 1923 1374 2637 1954 1758 1260 1701 1701 1735 1571 1475 1851 1704 1005
1991 1782 1563 1440 1866 1416 2387 1638 1976 1713 1977 1338 2665 1976 1714 1287 1744 1632 1723 1566 1479 1860 1686 1005
1995 1793 1563 1424 1928 1381 2374 1648 2015 1728 1991 1330 2710 1972 1679 1304 1718 1658 1774 1575 1514 1833 1655 1023
2011 1785 1541 1437 1921 1413 2379 1673 2079 1691 2005 1366 2692 1998 1679 1265 1705 1620 1799 1514 1466 1882 1713 1046
1975 1741 1520 1424 1900 1475 2419 1703 2049 1694 1999 1394 2715 1967 1727 1278 1662 1641 1791 1480 1387 1953 1713 1041
1979 1701 1546 1368 1905 1484 2386 1665 2028 1708 2014 1410 2751 1949 1736 1221 1701 1624 1804 1462 1466 1953 1739 1055
1967 1690 1507 1373 1942 1532 2339 1649 1968 1747 1980 1422 2710 1985 1749 1199 1671 1680 1774 1484 1448 1961 1806 1037
1987 1655 1528 1364 1960 1564 2328 1613 1916 1716 1989 1458 2678 1985 1794 1155 1645 1688 1765 1501 1439 1966 1859 1046
2003 1675 1491 1337 1950 1467 2327 1591 1895 1741 1965 1462 2683 1998 1794 1243 1658 1710 1778 1527 1409 1931 1837 1059
2048 1690 1485 1304 1984 1426 2291 1595 1895 1786 1966 1454 2696 1981 1785 1243 1679 1632 1778 1488 1457 1895 1855 1082
2048 1787 1469 1368 2038 1439 2337 1621 1910 1818 1956 1446 2687 1981 1802 1234 1645 1607 1778 1514 1443 1957 1802 1096
2032 1722 1478 1343 1996 1428 2338 1649 1932 1800 1931 1426 2710 1981 1789 1230 1697 1585 1765 1515 1430 1917 1788 1114
2015 1743 1432 1381 1962 1437 2333 1667 1931 1806 1894 1398 2742 1963 1802 1194 1732 1564 1740 1493 1452 1886 1806 1096
1967 1759 1473 1413 1961 1497 2349 1662 1935 1831 1891 1394 2746 1940 1789 1142 1740 1555 1736 1462 1444 1847 1819 1100
1967 1763 1468 1452 1918 1452 2382 1616 1966 1742 1905 1402 2746 1989 1785 1098 1732 1572 1727 1458 1465 1873 1824 1100
1959 1731 1481 1395 1889 1440 2427 1591 1964 1747 1918 1406 2751 1958 1776 1085 1732 1577 1744 1458 1444 1851 1819 1105
1955 1781 1482 1403 1910 1396 2394 1626 2011 1778 1930 1430 2751 1958 1789 1129 1675 1577 1744 1397 1422 1869 1815 1123
1955 1774 1533 1350 1911 1403 2414 1643 2033 1790 1938 1430 2724 1954 1749 1142 1658 1534 1778 1406 1409 1886 1815 1128
2003 1789 1538 1333 1916 1427 2451 1660 2006 1797 1959 1406 2719 1972 1749 1111 1537 1556 1893 1410 1404 1913 1824 1109
1991 1781 1525 1306 1967 1472 2401 1673 1971 1827 1966 1370 2765 1936 1785 1146 1563 1581 1897 1436 1404 1758 1841 1091
1995 1773 1516 1321 1970 1484 2363 1689 1982 1810 1972 1350 2742 1941 1802 1173 1571 1581 1910 1397 1391 1749 1850 1114
2003 1807 1512 1362 1986 1516 2388 1671 1965 1800 1972 1346 2742 1910 1802 1103 1597 1487 1932 1423 1409 1749 1863 1105
1995 1774 1518 1395 1990 1483 2387 1658 1943 1803 1960 1346 2756 1932 1794 1125 1610 1551 1932 1441 1496 1758 1819 1096
1971 1753 1510 1402 1982 1437 2355 1653 1971 1743 1960 1370 2778 1927 1780 1155 1736 1555 1855 1449 1492 1732 1819 1078
1987 1733 1487 1448 1894 1426 2347 1474 1922 1737 1916 1398 2728 1980 1798 1203 1662 1547 1774 1462 1475 1824 1779 1114
1995 1756 1498 1428 1912 1409 2322 1466 1957 1746 1890 1406 2728 1962 1798 1212 1675 1602 1795 1432 1470 1877 1757 1109
1979 1760 1473 1403 1899 1439 2342 1614 1945 1830 1879 1410 2733 1892 1776 1216 1671 1581 1825 1350 1510 1869 1699 1119
1999 1732 1461 1366 1878 1421 2376 1630 1934 1839 1892 1378 2737 1847 1811 1216 1662 1589 1817 1345 1505 1877 1753 1128
1999 1733 1479 1374 1949 1417 2397 1639 1935 1898 1927 1382 2765 1861 1820 1225 1636 1607 1800 1311 1496 1873 1780 1128
2011 1746 1522 1330 1971 1470 2406 1668 1940 1873 1938 1394 2756 1852 1824 1199 1649 1598 1804 1298 1492 1882 1806 1119
2015 1728 1520 1363 1962 1486 2406 1643 1927 1861 1935 1398 2787 1848 1820 1220 1658 1551 1817 1367 1444 1873 1789 1091
2015 1737 1531 1374 1949 1499 2406 1539 1985 1819 1911 1386 2787 1905 1811 1186 1610 1564 1804 1432 1435 1860 1789 1078
2015 1771 1536 1382 1954 1499 2406 1575 2004 1824 1885 1402 2783 1985 1873 1115 1614 1555 1804 1424 1435 1869 1731 1078
2019 1790 1536 1428 1954 1558 2398 1567 2049 1765 1893 1418 2765 1989 1877 1094 1571 1573 1795 1506 1396 1873 1717 1078
2011 1795 1500 1492 1924 1510 2464 1551 2051 1761 1911 1418 2765 2007 1869 1098 1597 1577 1816 1532 1422 1882 1691 1032
2023 1895 1465 1483 2025 1523 2434 1593 2017 1782 1904 1414 2719 2034 1886 1089 1575 1602 1808 1515 1474 1913 1731 1073
2036 1861 1451 1480 2024 1523 2480 1701 1998 1801 1930 1422 2701 2034 1882 1081 1632 1602 1795 1493 1439 1908 1757 1032
2007 1851 1471 1506 2019 1519 2505 1771 1931 1829 1869 1414 2715 1985 1807 1146 1610 1615 1821 1471 1431 1922 1882 959
2019 1847 1487 1472 2031 1455 2509 1783 1895 1843 1858 1406 2701 1941 1802 1186 1671 1628 1846 1454 1457 1917 1905 978
2015 1830 1459 1449 2032 1378 2447 1786 1896 1844 1837 1410 2678 1972 1820 1230 1654 1624 1842 1441 1431 1904 1905 991
1995 1728 1420 1522 1931 1369 2440 1739 1930 1839 1848 1402 2655 1972 1802 1234 1645 1573 1773 1454 1413 1869 1913 955
1999 1758 1438 1523 1939 1365 2377 1726 1934 1823 1866 1390 2678 1959 1820 1247 1632 1543 1769 1445 1422 1873 1914 996
2007 1765 1396 1514 2018 1378 2357 1665 1979 1811 1911 1402 2678 1941 1869 1273 1666 1534 1765 1467 1409 1869 1829 1064
1999 1758 1359 1498 2035 1407 2373 1649 2026 1824 1922 1390 2669 1945 1838 1256 1666 1419 1748 1436 1387 1847 1837 973
1991 1757 1361 1531 2052 1431 2340 1677 2018 1907 1951 1390 2683 1945 1776 1164 1675 1423 1726 1436 1404 1851 1860 982
1987 1717 1398 1462 2007 1426 2365 1711 2031 1895 1954 1398 2728 1958 1807 1129 1615 1496 1757 1423 1404 1851 1860 991
2003 1696 1401 1456 2032 1468 2385 1728 2033 1898 1973 1394 2705 1945 1904 1138 1623 1530 1778 1467 1391 1882 1864 1000
1991 1655 1379 1447 1947 1406 2377 1702 2050 1893 1994 1390 2701 1976 1873 1155 1597 1526 1765 1480 1417 1869 1860 1005
1979 1633 1372 1457 1888 1384 2345 1702 1982 1927 1986 1402 2633 2012 1939 1133 1589 1642 1846 1501 1404 2010 1846 1037
1967 1637 1374 1419 1876 1441 2333 1632 2006 1839 1969 1414 2642 2003 1975 1151 1584 1607 1898 1515 1391 2050 1903 1046
1991 1698 1387 1403 1905 1507 2341 1623 1998 1868 2020 1422 2628 1967 1953 1247 1649 1581 1923 1532 1404 2067 1912 1059
1979 1729 1367 1391 1884 1379 2371 1640 1987 1895 1971 1450 2601 1999 1851 1225 1645 1462 1915 1475 1418 2054 1917 1064
1983 1732 1406 1327 1973 1376 2346 1627 1970 1868 1954 1446 2583 2008 1824 1190 1680 1483 1979 1471 1426 2067 1886 1069
1991 1732 1418 1333 2098 1381 2312 1648 1965 1805 1950 1470 2683 2003 1798 1190 1636 1372 1894 1515 1405 1953 1890 1100
1898 1655 1429 1370 1872 1355 2418 1706 1923 1895 1859 1438 2810 2039 1798 1199 1732 1465 1774 1502 1602 1771 1665 1073
1894 1644 1426 1329 1875 1352 2388 1698 1896 1887 1863 1430 2815 1990 1847 1186 1710 1559 1761 1484 1585 1847 1771 1055
1971 1614 1484 1309 1919 1360 2447 1689 1879 1792 1853 1390 2783 2012 1842 1194 1740 1581 1757 1467 1510 1961 1767 1059
2032 1622 1507 1306 1927 1388 2406 1680 1902 1733 1848 1386 2801 1950 1882 1151 1740 1654 1748 1480 1606 1984 1762 1073
2023 1666 1488 1270 1918 1371 2282 1681 1907 1749 1981 1362 2765 1972 1851 1146 1705 1722 1744 1493 1589 1979 1758 1064
2007 1684 1579 1314 1913 1429 2310 1644 1915 1807 2030 1386 2787 1941 1838 1151 1701 1722 1765 1519 1492 2001 1771 1055
1999 1704 1531 1364 1922 1450 2360 1657 1945 1788 2029 1386 2778 1999 1767 1173 1710 1619 1800 1523 1645 1988 1780 1078
1910 1742 1506 1363 1930 1455 2294 1653 1951 1800 2005 1386 2774 1972 1794 1107 1692 1564 1774 1436 1623 1926 1824 1069
1841 1736 1515 1354 1912 1490 2241 1661 1951 1817 2005 1398 2737 2034 1763 1134 1748 1551 1774 1432 1527 1895 1815 1055
1841 1759 1489 1379 1956 1498 2270 1647 1955 1756 1826 1414 2756 2007 1820 1125 1766 1538 1752 1372 1584 1869 1793 1055
1858 1817 1398 1354 1966 1501 2193 1660 1915 1710 1841 1390 2705 2061 1824 1120 1805 1521 1727 1354 1602 1886 1784 1037
1870 1785 1484 1349 1967 1467 2160 1669 1902 1735 1816 1394 2719 2038 1758 1094 1792 1555 1714 1341 1475 1895 1811 959
1975 1781 1467 1434 1942 1408 2278 1665 1894 1721 1856 1402 2765 2078 1727 1199 1783 1602 1744 1415 1483 1855 1735 959
2060 1760 1455 1475 1955 1369 2376 1694 1881 1673 1865 1414 2787 2038 1767 1203 1697 1641 1735 1398 1453 1864 1699 946
2072 1764 1518 1478 1934 1360 2414 1707 1877 1739 1962 1410 2774 2025 1736 1217 1658 1619 1722 1519 1291 1864 1721 982
2068 1732 1530 1542 1930 1336 2349 1671 1875 1751 1956 1442 2778 1985 1732 1186 1606 1632 1744 1497 1261 1935 1748 1014
2052 1758 1522 1558 1975 1353 2340 1705 1843 1745 1954 1450 2737 1967 1745 1256 1614 1593 1731 1515 1322 1966 1748 1109
2072 1671 1525 1478 1958 1405 2270 1743 1877 1768 1933 1438 2705 1932 1776 1204 1614 1615 1748 1623 1331 1988 1771 1119
1991 1680 1569 1371 1933 1396 2381 1724 1917 1807 1905 1434 2692 1923 1745 1204 1632 1555 1748 1632 1379 1992 1784 1132
2003 1663 1475 1376 1962 1392 2355 1720 1899 1772 1902 1434 2696 1932 1727 1199 1619 1568 1787 1563 1492 2041 1784 1109
2023 1670 1466 1372 1979 1400 2411 1730 1986 1770 1884 1390 2701 1892 1705 1221 1610 1568 1782 1597 1575 1931 1726 1091
2023 1671 1461 1389 1982 1404 2399 1705 1968 1798 1966 1402 2724 1923 1785 1177 1627 1551 1774 1589 1501 1913 1726 1073
2011 1685 1405 1371 2012 1403 2428 1698 1933 1803 1978 1438 2715 1910 1780 1190 1632 1534 1782 1493 1470 1869 1700 1069
2023 1694 1307 1458 2046 1438 2297 1696 1926 1785 2039 1446 2715 1906 1763 1274 1640 1542 1795 1467 1466 1953 1691 1050
2011 1706 1407 1462 2025 1438 2273 1696 1960 1857 2034 1446 2701 1955 1780 1269 1666 1504 1774 1501 1405 1935 1678 1000
2003 1685 1450 1429 1986 1426 2425 1706 1921 1865 1983 1470 2715 2066 1798 1287 1697 1525 1787 1484 1344 2032 1713 1014
2011 1685 1473 1454 1890 1429 2453 1839 1963 1840 1921 1458 2719 2163 1833 1304 1684 1657 1800 1471 1365 1948 1695 1005
1955 1803 1428 1466 1889 1429 2487 1801 1967 1890 1923 1418 2728 2167 1851 1317 1692 1662 1787 1489 1387 1984 1713 996
1951 1785 1482 1445 1810 1424 2511 1780 1954 1900 1815 1402 2728 2243 1860 1256 1576 1658 1778 1497 1391 1864 1740 1000
1926 1805 1537 1432 1853 1441 2560 1846 1945 1864 1797 1406 2710 2167 1860 1256 1545 1692 1804 1463 1474 1842 1726 1041
2019 1736 1563 1340 1924 1384 2388 1527 1965 1827 1920 1402 2728 2052 1785 1287 1688 1641 1825 1519 1448 1926 1873 1037
1999 1692 1586 1325 1822 1369 2392 1597 1908 1845 1941 1438 2760 2078 1780 1225 1679 1581 1851 1480 1413 1904 1824 959
1983 1752 1502 1365 1847 1376 2321 1602 1964 1846 1972 1426 2742 2105 1785 1225 1597 1585 1860 1393 1378 1904 1798 1014
2019 1751 1504 1416 1830 1394 2288 1674 1944 1822 1983 1414 2728 2113 1798 1247 1597 1495 1873 1398 1357 1957 1754 1000
2044 1796 1460 1410 1817 1410 2322 1689 1926 1765 1972 1390 2746 2091 1798 1247 1605 1568 1881 1410 1374 1922 1767 1000
2040 1793 1448 1434 1802 1443 2392 1736 1982 1766 2014 1402 2733 2064 1807 1207 1684 1581 1847 1402 1387 1900 1762 1009
2064 1815 1492 1421 1891 1471 2393 1656 2094 1774 2035 1370 2715 2065 1789 1251 1757 1649 1813 1419 1405 1908 1740 1046
2092 1783 1484 1416 1872 1485 2481 1690 2064 1773 2016 1358 2715 2021 1820 1269 1744 1649 1830 1497 1453 1917 1775 1019
2096 1783 1435 1462 1903 1456 2459 1640 2085 1774 1978 1390 2715 1990 1771 1260 1719 1727 1804 1536 1461 1900 1828 982
2072 1775 1429 1480 1941 1499 2446 1678 2093 1809 1998 1410 2692 1936 1723 1260 1610 1641 1761 1541 1466 1847 1837 1005
2084 1710 1433 1452 1966 1440 2373 1664 2062 1779 1996 1398 2751 1946 1741 1251 1619 1624 1684 1545 1422 1829 1815 1005
2092 1673 1386 1439 1977 1456 2392 1757 2011 1752 1979 1406 2756 1932 1763 1234 1575 1598 1736 1575 1422 1864 1877 1032
2068 1717 1428 1469 2007 1438 2375 1706 2061 1759 1955 1422 2760 1914 1696 1242 1623 1525 1706 1597 1435 1851 1899 1091
2044 1742 1473 1416 1983 1438 2375 1722 2065 1759 1961 1394 2774 1989 1754 1251 1666 1560 1757 1584 1448 1855 1842 1164
2056 1709 1506 1409 1961 1363 2392 1641 2103 1719 1946 1426 2774 2015 1771 1251 1722 1628 1779 1488 1470 1935 1828 1191
2076 1734 1527 1477 1925 1391 2404 1641 2053 1747 1915 1430 2719 2011 1771 1256 1709 1654 1860 1480 1514 1992 1847 1219
2040 1710 1573 1519 1913 1391 2425 1611 2047 1733 1887 1438 2705 1993 1758 1238 1705 1615 1860 1445 1544 1961 1820 1223
2056 1687 1563 1443 1909 1380 2451 1605 2004 1721 1902 1438 2683 2024 1811 1186 1692 1697 1838 1432 1531 1935 1771 1205
2064 1725 1509 1419 1938 1350 2455 1638 1968 1741 1904 1462 2655 1993 1802 1168 1684 1679 1825 1414 1479 1931 1753 1169
2048 1789 1523 1423 1947 1367 2450 1680 1918 1816 1899 1438 2651 1985 1829 1168 1705 1671 1847 1488 1461 1913 1766 1146
1991 1827 1530 1368 1958 1352 2483 1673 1974 1787 1904 1438 2683 1954 1820 1155 1692 1611 1817 1484 1435 1886 1771 1150
2015 1851 1486 1319 1941 1370 2433 1640 1994 1828 1921 1470 2678 1976 1869 1186 1662 1696 1817 1501 1413 1877 1828 1132
1995 1825 1493 1351 1936 1395 2367 1645 2029 1843 1941 1458 2705 1958 1855 1203 1692 1662 1842 1502 1374 1882 1824 1109
1987 1783 1514 1410 1936 1440 2380 1580 2061 1782 1972 1462 2737 2007 1816 1229 1675 1632 1864 1515 1426 1877 1877 1119
1991 1789 1471 1402 1974 1444 2380 1600 2081 1725 1974 1442 2705 2069 1829 1221 1692 1581 1843 1510 1435 1886 1864 1132
2003 1783 1498 1426 1963 1473 2343 1610 2067 1686 1961 1438 2742 2109 1838 1238 1692 1560 1817 1549 1470 1913 1837 1082
1975 1818 1474 1464 1925 1450 2315 1610 2063 1678 1935 1390 2787 2087 1763 1221 1688 1512 1838 1554 1452 1882 1802 1073
2003 1876 1453 1483 1913 1438 2322 1650 2055 1646 1924 1390 2778 2052 1754 1234 1670 1512 1795 1519 1413 1922 1846 1082
2015 1851 1475 1477 1905 1454 2363 1699 2014 1667 1891 1378 2724 1967 1798 1238 1709 1542 1783 1510 1400 1877 1828 1091
